Order ID,Product,Quantity Ordered,Price Each,Order Date,Purchase Address,City,Postal Code
176558,USB-C Charging Cable,2,11.95,2019-04-19 08:46:00,917 1st St, Dallas, TX 75001
176559,Bose SoundSport Headphones,1,99.99,2019-04-07 22:30:00,682 Chestnut St, Boston, MA 02215
176560,Google Phone,1,600.0,2019-04-12 14:38:00,669 Spruce St, Los Angeles, CA 90001
176560,Wired Headphones,1,11.99,2019-04-12 14:38:00,669 Spruce St, Los Angeles, CA 90001
176561,Wired Headphones,1,11.99,2019-04-30 09:27:00,333 8th St, Los Angeles, CA 90001
176562,USB-C Charging Cable,1,11.95,2019-04-29 13:03:00,381 Wilson St, San Francisco, CA 94016
176563,Bose SoundSport Headphones,1,99.99,2019-04-02 07:46:00,668 Center St, Seattle, WA 98101
176564,USB-C Charging Cable,1,11.95,2019-04-12 10:58:00,790 Ridge St, Atlanta, GA 30301
176565,Macbook Pro Laptop,1,1700.0,2019-04-24 10:38:00,915 Willow St, San Francisco, CA 94016
176566,Wired Headphones,1,11.99,2019-04-08 14:05:00,83 7th St, Boston, MA 02215
176567,Google Phone,1,600.0,2019-04-18 17:18:00,444 7th St, Los Angeles, CA 90001
176568,Lightning Charging Cable,1,14.95,2019-04-15 12:18:00,438 Elm St, Seattle, WA 98101
176569,27in 4K Gaming Monitor,1,389.99,2019-04-16 19:23:00,657 Hill St, Dallas, TX 75001
176570,AA Batteries (4-pack),1,3.84,2019-04-22 15:09:00,186 12th St, Dallas, TX 75001
176571,Lightning Charging Cable,1,14.95,2019-04-19 14:29:00,253 Johnson St, Atlanta, GA 30301
176572,Apple Airpods Headphones,1,150.0,2019-04-04 20:30:00,149 Dogwood St, New York City, NY 10001
176573,USB-C Charging Cable,1,11.95,2019-04-27 18:41:00,214 Chestnut St, San Francisco, CA 94016
176574,Google Phone,1,600.0,2019-04-03 19:42:00,20 Hill St, Los Angeles, CA 90001
176574,USB-C Charging Cable,1,11.95,2019-04-03 19:42:00,20 Hill St, Los Angeles, CA 90001
176575,AAA Batteries (4-pack),1,2.99,2019-04-27 00:30:00,433 Hill St, New York City, NY 10001
176576,Apple Airpods Headphones,1,150.0,2019-04-28 11:42:00,771 Ridge St, Los Angeles, CA 90001
176577,Apple Airpods Headphones,1,150.0,2019-04-04 19:25:00,260 Spruce St, Dallas, TX 75001
176578,Apple Airpods Headphones,1,150.0,2019-04-09 23:35:00,513 Church St, Boston, MA 02215
176579,AA Batteries (4-pack),1,3.84,2019-04-11 10:23:00,886 Jefferson St, New York City, NY 10001
176580,USB-C Charging Cable,1,11.95,2019-04-05 00:35:00,886 Willow St, Los Angeles, CA 90001
176581,iPhone,1,700.0,2019-04-09 21:38:00,84 Jackson St, Boston, MA 02215
176582,Bose SoundSport Headphones,1,99.99,2019-04-27 12:20:00,178 Lincoln St, Atlanta, GA 30301
176583,AAA Batteries (4-pack),2,2.99,2019-04-20 12:00:00,146 Jackson St, Portland, OR 97035
176584,Flatscreen TV,1,300.0,2019-04-24 20:39:00,936 Church St, San Francisco, CA 94016
176585,Bose SoundSport Headphones,1,99.99,2019-04-07 11:31:00,823 Highland St, Boston, MA 02215
176585,Bose SoundSport Headphones,1,99.99,2019-04-07 11:31:00,823 Highland St, Boston, MA 02215
176586,AAA Batteries (4-pack),2,2.99,2019-04-10 17:00:00,365 Center St, San Francisco, CA 94016
176586,Google Phone,1,600.0,2019-04-10 17:00:00,365 Center St, San Francisco, CA 94016
176587,27in FHD Monitor,1,149.99,2019-04-29 19:38:00,557 5th St, Los Angeles, CA 90001
176588,20in Monitor,1,109.99,2019-04-02 04:00:00,765 Cherry St, Seattle, WA 98101
176589,Lightning Charging Cable,1,14.95,2019-04-04 12:23:00,846 Highland St, Atlanta, GA 30301
176590,Google Phone,1,600.0,2019-04-11 11:46:00,873 6th St, New York City, NY 10001
176591,Apple Airpods Headphones,1,150.0,2019-04-21 07:21:00,600 Maple St, Austin, TX 73301
176592,USB-C Charging Cable,1,11.95,2019-04-27 13:04:00,352 4th St, Los Angeles, CA 90001
176593,Lightning Charging Cable,2,14.95,2019-04-15 13:45:00,906 7th St, Portland, OR 97035
176594,Wired Headphones,1,11.99,2019-04-17 23:04:00,63 Maple St, San Francisco, CA 94016
176595,Wired Headphones,3,11.99,2019-04-02 09:11:00,383 6th St, Los Angeles, CA 90001
176596,Apple Airpods Headphones,1,150.0,2019-04-27 20:11:00,572 Meadow St, Dallas, TX 75001
176597,USB-C Charging Cable,1,11.95,2019-04-19 13:39:00,681 11th St, San Francisco, CA 94016
176598,AAA Batteries (4-pack),2,2.99,2019-04-21 20:33:00,294 Park St, San Francisco, CA 94016
176599,Lightning Charging Cable,1,14.95,2019-04-11 15:25:00,279 Maple St, New York City, NY 10001
176600,27in 4K Gaming Monitor,1,389.99,2019-04-30 15:54:00,87 West St, Boston, MA 02215
176601,USB-C Charging Cable,1,11.95,2019-04-02 22:32:00,754 10th St, Los Angeles, CA 90001
176602,Lightning Charging Cable,1,14.95,2019-04-30 09:39:00,9 Jefferson St, Dallas, TX 75001
176603,USB-C Charging Cable,1,11.95,2019-04-01 07:46:00,858 6th St, San Francisco, CA 94016
176604,USB-C Charging Cable,1,11.95,2019-04-02 10:57:00,462 11th St, San Francisco, CA 94016
176605,USB-C Charging Cable,1,11.95,2019-04-15 16:29:00,717 Pine St, San Francisco, CA 94016
176606,LG Dryer,1,600.0,2019-04-21 14:16:00,487 Maple St, San Francisco, CA 94016
176607,AAA Batteries (4-pack),2,2.99,2019-04-18 12:11:00,689 10th St, Boston, MA 02215
176608,iPhone,1,700.0,2019-04-11 12:01:00,15 Cherry St, San Francisco, CA 94016
176609,Apple Airpods Headphones,1,150.0,2019-04-11 16:59:00,267 11th St, Austin, TX 73301
176610,AAA Batteries (4-pack),1,2.99,2019-04-26 00:40:00,382 River St, Dallas, TX 75001
176611,Bose SoundSport Headphones,1,99.99,2019-04-30 13:16:00,971 Sunset St, San Francisco, CA 94016
176612,Apple Airpods Headphones,1,150.0,2019-04-04 19:48:00,149 North St, Seattle, WA 98101
176613,USB-C Charging Cable,2,11.95,2019-04-26 18:58:00,405 4th St, New York City, NY 10001
176614,AA Batteries (4-pack),1,3.84,2019-04-07 21:01:00,647 Jackson St, San Francisco, CA 94016
176615,Lightning Charging Cable,1,14.95,2019-04-30 10:35:00,833 River St, Dallas, TX 75001
176616,USB-C Charging Cable,1,11.95,2019-04-05 20:40:00,380 Washington St, San Francisco, CA 94016
176617,Apple Airpods Headphones,1,150.0,2019-04-25 08:03:00,319 8th St, Portland, OR 97035
176618,Lightning Charging Cable,2,14.95,2019-04-18 21:44:00,273 South St, San Francisco, CA 94016
176619,Flatscreen TV,1,300.0,2019-04-16 18:37:00,116 North St, Los Angeles, CA 90001
176620,USB-C Charging Cable,1,11.95,2019-04-17 10:39:00,994 Pine St, Los Angeles, CA 90001
176621,Lightning Charging Cable,1,14.95,2019-04-11 16:09:00,863 8th St, Boston, MA 02215
176622,AA Batteries (4-pack),1,3.84,2019-04-11 20:16:00,983 11th St, San Francisco, CA 94016
176623,27in FHD Monitor,1,149.99,2019-04-20 23:51:00,807 12th St, Atlanta, GA 30301
176624,AA Batteries (4-pack),1,3.84,2019-04-28 10:44:00,664 Church St, Seattle, WA 98101
176625,AAA Batteries (4-pack),2,2.99,2019-04-24 19:00:00,858 5th St, San Francisco, CA 94016
176626,Bose SoundSport Headphones,1,99.99,2019-04-01 21:40:00,491 Chestnut St, Boston, MA 02215
176627,Wired Headphones,1,11.99,2019-04-21 14:57:00,994 13th St, Atlanta, GA 30301
176628,Lightning Charging Cable,2,14.95,2019-04-15 04:03:00,628 Wilson St, Dallas, TX 75001
176630,Google Phone,1,600.0,2019-04-10 05:01:00,770 Maple St, San Francisco, CA 94016
176631,USB-C Charging Cable,1,11.95,2019-04-13 18:48:00,292 Dogwood St, San Francisco, CA 94016
176632,AAA Batteries (4-pack),1,2.99,2019-04-14 14:28:00,814 Madison St, San Francisco, CA 94016
176633,ThinkPad Laptop,1,999.99,2019-04-23 14:03:00,863 Hickory St, Los Angeles, CA 90001
176634,Lightning Charging Cable,1,14.95,2019-04-10 08:00:00,311 Madison St, Atlanta, GA 30301
176635,Vareebadd Phone,1,400.0,2019-04-26 09:55:00,85 North St, San Francisco, CA 94016
176636,AA Batteries (4-pack),1,3.84,2019-04-30 20:37:00,140 10th St, Boston, MA 02215
176637,AAA Batteries (4-pack),1,2.99,2019-04-17 10:03:00,261 Sunset St, New York City, NY 10001
176638,USB-C Charging Cable,1,11.95,2019-04-20 08:33:00,869 Cherry St, Boston, MA 02215
176639,Macbook Pro Laptop,1,1700.0,2019-04-28 16:14:00,853 Cedar St, San Francisco, CA 94016
176640,Wired Headphones,2,11.99,2019-04-27 22:54:00,164 Lake St, San Francisco, CA 94016
176641,Lightning Charging Cable,1,14.95,2019-04-25 21:36:00,655 Sunset St, Boston, MA 02215
176642,AA Batteries (4-pack),1,3.84,2019-04-17 18:38:00,72 Elm St, Portland, OR 97035
176643,Macbook Pro Laptop,1,1700.0,2019-04-27 21:32:00,373 Adams St, Boston, MA 02215
176644,USB-C Charging Cable,1,11.95,2019-04-23 02:09:00,962 7th St, Los Angeles, CA 90001
176645,AAA Batteries (4-pack),3,2.99,2019-04-26 18:38:00,514 Lake St, Dallas, TX 75001
176646,Macbook Pro Laptop,1,1700.0,2019-04-22 07:14:00,657 Adams St, Portland, OR 97035
176647,Google Phone,1,600.0,2019-04-21 19:40:00,273 South St, Los Angeles, CA 90001
176648,27in FHD Monitor,1,149.99,2019-04-24 01:17:00,732 2nd St, Portland, OR 97035
176649,USB-C Charging Cable,1,11.95,2019-04-09 08:49:00,702 11th St, San Francisco, CA 94016
176650,Lightning Charging Cable,1,14.95,2019-04-12 16:47:00,153 River St, Boston, MA 02215
176651,iPhone,1,700.0,2019-04-07 13:14:00,997 South St, Boston, MA 02215
176652,LG Washing Machine,1,600.0,2019-04-09 20:04:00,502 14th St, New York City, NY 10001
176653,AA Batteries (4-pack),1,3.84,2019-04-26 19:20:00,285 Chestnut St, San Francisco, CA 94016
176654,USB-C Charging Cable,1,11.95,2019-04-15 19:35:00,880 Lakeview St, Seattle, WA 98101
176655,Apple Airpods Headphones,1,150.0,2019-04-11 19:36:00,848 Center St, San Francisco, CA 94016
176656,Google Phone,1,600.0,2019-04-12 16:42:00,12 Lakeview St, New York City, NY 10001
176657,ThinkPad Laptop,1,999.99,2019-04-23 10:16:00,774 Forest St, Los Angeles, CA 90001
176658,AAA Batteries (4-pack),2,2.99,2019-04-22 08:51:00,573 Pine St, San Francisco, CA 94016
176659,20in Monitor,1,109.99,2019-04-29 14:40:00,804 Church St, Dallas, TX 75001
176660,AA Batteries (4-pack),1,3.84,2019-04-16 17:10:00,267 West St, Boston, MA 02215
176661,Wired Headphones,1,11.99,2019-04-25 20:40:00,522 6th St, Atlanta, GA 30301
176662,34in Ultrawide Monitor,1,379.99,2019-04-05 12:46:00,678 Hickory St, Portland, OR 97035
176663,Bose SoundSport Headphones,1,99.99,2019-04-05 11:48:00,450 Johnson St, Seattle, WA 98101
176664,AAA Batteries (4-pack),1,2.99,2019-04-13 18:59:00,544 Madison St, Los Angeles, CA 90001
176665,ThinkPad Laptop,1,999.99,2019-04-07 14:15:00,927 13th St, Dallas, TX 75001
176666,Wired Headphones,1,11.99,2019-04-08 16:50:00,382 Forest St, Seattle, WA 98101
176667,27in 4K Gaming Monitor,1,389.99,2019-04-11 00:39:00,92 11th St, Los Angeles, CA 90001
176668,AA Batteries (4-pack),1,3.84,2019-04-15 20:46:00,56 2nd St, Dallas, TX 75001
176669,27in FHD Monitor,1,149.99,2019-04-08 12:57:00,506 Jackson St, Dallas, TX 75001
176670,Apple Airpods Headphones,1,150.0,2019-04-25 21:23:00,892 Willow St, San Francisco, CA 94016
176671,AAA Batteries (4-pack),2,2.99,2019-04-23 16:31:00,738 Jefferson St, New York City, NY 10001
176672,Lightning Charging Cable,1,14.95,2019-04-12 11:07:00,778 Maple St, New York City, NY 10001
176672,USB-C Charging Cable,1,11.95,2019-04-12 11:07:00,778 Maple St, New York City, NY 10001
176673,20in Monitor,1,109.99,2019-04-10 08:17:00,952 1st St, Boston, MA 02215
176674,AAA Batteries (4-pack),3,2.99,2019-04-20 20:53:00,907 West St, Austin, TX 73301
176675,AAA Batteries (4-pack),1,2.99,2019-04-02 09:02:00,933 Meadow St, Seattle, WA 98101
176676,LG Dryer,1,600.0,2019-04-09 00:35:00,788 Lincoln St, Los Angeles, CA 90001
176677,34in Ultrawide Monitor,1,379.99,2019-04-01 11:50:00,661 Washington St, Austin, TX 73301
176678,AA Batteries (4-pack),2,3.84,2019-04-19 22:12:00,345 Sunset St, San Francisco, CA 94016
176679,Apple Airpods Headphones,1,150.0,2019-04-16 11:12:00,245 West St, Boston, MA 02215
176680,USB-C Charging Cable,1,11.95,2019-04-13 11:28:00,368 Main St, Los Angeles, CA 90001
176681,Apple Airpods Headphones,1,150.0,2019-04-20 10:39:00,331 Cherry St, Seattle, WA 98101
176681,ThinkPad Laptop,1,999.99,2019-04-20 10:39:00,331 Cherry St, Seattle, WA 98101
176682,Lightning Charging Cable,1,14.95,2019-04-27 06:19:00,593 Adams St, Boston, MA 02215
176683,AA Batteries (4-pack),1,3.84,2019-04-03 13:54:00,253 Willow St, Los Angeles, CA 90001
176684,USB-C Charging Cable,1,11.95,2019-04-17 00:51:00,293 Washington St, Los Angeles, CA 90001
176685,34in Ultrawide Monitor,1,379.99,2019-04-23 22:53:00,114 10th St, New York City, NY 10001
176686,Wired Headphones,1,11.99,2019-04-17 15:17:00,892 10th St, Austin, TX 73301
176687,Macbook Pro Laptop,1,1700.0,2019-04-30 10:26:00,121 Wilson St, Los Angeles, CA 90001
176688,Flatscreen TV,1,300.0,2019-04-20 18:25:00,229 Church St, San Francisco, CA 94016
176689,Bose SoundSport Headphones,1,99.99,2019-04-24 17:15:00,659 Lincoln St, New York City, NY 10001
176689,AAA Batteries (4-pack),2,2.99,2019-04-24 17:15:00,659 Lincoln St, New York City, NY 10001
176690,20in Monitor,1,109.99,2019-04-04 18:33:00,873 Sunset St, San Francisco, CA 94016
176691,AAA Batteries (4-pack),1,2.99,2019-04-12 11:57:00,991 Lincoln St, Los Angeles, CA 90001
176692,Wired Headphones,1,11.99,2019-04-08 18:21:00,290 Forest St, San Francisco, CA 94016
176693,AA Batteries (4-pack),1,3.84,2019-04-22 09:00:00,252 Walnut St, San Francisco, CA 94016
176694,USB-C Charging Cable,1,11.95,2019-04-05 20:46:00,985 Washington St, Atlanta, GA 30301
176695,AA Batteries (4-pack),2,3.84,2019-04-12 20:50:00,709 Lake St, Seattle, WA 98101
176696,iPhone,1,700.0,2019-04-07 12:41:00,343 Johnson St, New York City, NY 10001
176697,Wired Headphones,1,11.99,2019-04-20 22:38:00,675 Center St, New York City, NY 10001
176698,Bose SoundSport Headphones,1,99.99,2019-04-02 16:15:00,232 Lakeview St, San Francisco, CA 94016
176699,Bose SoundSport Headphones,1,99.99,2019-04-28 18:04:00,49 Jefferson St, Boston, MA 02215
176700,34in Ultrawide Monitor,1,379.99,2019-04-07 23:10:00,967 Walnut St, Dallas, TX 75001
176701,USB-C Charging Cable,1,11.95,2019-04-11 13:05:00,128 Church St, Austin, TX 73301
176702,AA Batteries (4-pack),1,3.84,2019-04-23 19:44:00,896 Sunset St, Seattle, WA 98101
176703,20in Monitor,1,109.99,2019-04-17 10:00:00,748 Washington St, New York City, NY 10001
176704,AA Batteries (4-pack),2,3.84,2019-04-17 10:00:00,909 Center St, Seattle, WA 98101
176705,Lightning Charging Cable,2,14.95,2019-04-06 09:38:00,503 8th St, Austin, TX 73301
176706,Lightning Charging Cable,1,14.95,2019-04-13 13:32:00,309 South St, New York City, NY 10001
176707,Apple Airpods Headphones,1,150.0,2019-04-13 10:34:00,408 Center St, Portland, OR 97035
176708,Wired Headphones,1,11.99,2019-04-28 23:03:00,542 Ridge St, New York City, NY 10001
176709,AA Batteries (4-pack),1,3.84,2019-04-24 14:17:00,971 Church St, Dallas, TX 75001
176710,20in Monitor,2,109.99,2019-04-07 10:00:00,848 West St, Dallas, TX 75001
176711,Flatscreen TV,1,300.0,2019-04-30 10:58:00,796 River St, Dallas, TX 75001
176712,Google Phone,1,600.0,2019-04-20 05:21:00,910 Washington St, San Francisco, CA 94016
176713,Wired Headphones,1,11.99,2019-04-21 10:48:00,498 Walnut St, San Francisco, CA 94016
176714,USB-C Charging Cable,1,11.95,2019-04-26 23:34:00,303 Spruce St, Los Angeles, CA 90001
176715,Apple Airpods Headphones,1,150.0,2019-04-27 16:43:00,258 Jefferson St, San Francisco, CA 94016
176716,Wired Headphones,1,11.99,2019-04-24 14:43:00,794 7th St, Los Angeles, CA 90001
176717,Apple Airpods Headphones,1,150.0,2019-04-19 10:34:00,490 Lakeview St, Atlanta, GA 30301
176718,Lightning Charging Cable,1,14.95,2019-04-22 19:14:00,672 Sunset St, Los Angeles, CA 90001
176719,Flatscreen TV,1,300.0,2019-04-27 13:07:00,602 Hickory St, Boston, MA 02215
176720,Lightning Charging Cable,1,14.95,2019-04-21 10:35:00,556 South St, Portland, OR 97035
176721,AAA Batteries (4-pack),1,2.99,2019-04-26 21:08:00,469 7th St, San Francisco, CA 94016
176722,27in 4K Gaming Monitor,1,389.99,2019-04-01 10:57:00,209 14th St, New York City, NY 10001
176723,27in 4K Gaming Monitor,1,389.99,2019-04-19 21:31:00,613 12th St, Portland, OR 97035
176724,Lightning Charging Cable,1,14.95,2019-04-26 20:59:00,34 12th St, San Francisco, CA 94016
176725,AA Batteries (4-pack),2,3.84,2019-04-15 14:33:00,630 14th St, San Francisco, CA 94016
176726,USB-C Charging Cable,1,11.95,2019-04-13 18:14:00,979 8th St, Los Angeles, CA 90001
176727,Lightning Charging Cable,1,14.95,2019-04-14 14:26:00,218 Hickory St, Los Angeles, CA 90001
176728,Lightning Charging Cable,1,14.95,2019-04-21 07:38:00,516 Park St, Atlanta, GA 30301
176729,USB-C Charging Cable,1,11.95,2019-04-24 09:57:00,637 9th St, Seattle, WA 98101
176730,Bose SoundSport Headphones,1,99.99,2019-04-17 08:27:00,403 Ridge St, New York City, NY 10001
176731,AAA Batteries (4-pack),2,2.99,2019-04-21 16:17:00,36 Lincoln St, San Francisco, CA 94016
176732,iPhone,1,700.0,2019-04-23 09:33:00,504 Wilson St, Dallas, TX 75001
176733,20in Monitor,1,109.99,2019-04-11 13:31:00,575 Hickory St, San Francisco, CA 94016
176734,Apple Airpods Headphones,1,150.0,2019-04-03 22:13:00,611 Jackson St, New York City, NY 10001
176735,27in FHD Monitor,1,149.99,2019-04-16 23:52:00,802 Ridge St, Austin, TX 73301
176736,AA Batteries (4-pack),1,3.84,2019-04-17 11:48:00,421 2nd St, Los Angeles, CA 90001
176737,Apple Airpods Headphones,1,150.0,2019-04-07 01:28:00,109 Center St, Los Angeles, CA 90001
176738,AA Batteries (4-pack),1,3.84,2019-04-03 13:17:00,661 Center St, San Francisco, CA 94016
176739,34in Ultrawide Monitor,1,379.99,2019-04-05 17:38:00,730 6th St, Austin, TX 73301
176739,Google Phone,1,600.0,2019-04-05 17:38:00,730 6th St, Austin, TX 73301
176740,Bose SoundSport Headphones,1,99.99,2019-04-24 15:10:00,699 Washington St, Dallas, TX 75001
176741,USB-C Charging Cable,1,11.95,2019-04-29 18:49:00,990 Ridge St, San Francisco, CA 94016
176742,Wired Headphones,1,11.99,2019-04-17 09:54:00,115 Forest St, Los Angeles, CA 90001
176743,27in 4K Gaming Monitor,1,389.99,2019-04-01 09:17:00,570 11th St, Atlanta, GA 30301
176744,Lightning Charging Cable,1,14.95,2019-04-14 19:59:00,937 Maple St, Los Angeles, CA 90001
176745,Wired Headphones,1,11.99,2019-04-24 09:23:00,461 Adams St, Los Angeles, CA 90001
176746,27in 4K Gaming Monitor,1,389.99,2019-04-08 19:04:00,638 Park St, Seattle, WA 98101
176747,Macbook Pro Laptop,1,1700.0,2019-04-27 15:04:00,645 7th St, San Francisco, CA 94016
176748,Flatscreen TV,1,300.0,2019-04-24 15:28:00,339 13th St, Boston, MA 02215
176749,ThinkPad Laptop,1,999.99,2019-04-26 07:55:00,322 Adams St, Seattle, WA 98101
176750,AA Batteries (4-pack),1,3.84,2019-04-13 23:52:00,255 Cedar St, Austin, TX 73301
176751,AAA Batteries (4-pack),1,2.99,2019-04-18 13:01:00,258 4th St, San Francisco, CA 94016
176752,AA Batteries (4-pack),1,3.84,2019-04-13 23:59:00,665 Wilson St, San Francisco, CA 94016
176753,USB-C Charging Cable,1,11.95,2019-04-01 23:07:00,496 Adams St, Atlanta, GA 30301
176754,34in Ultrawide Monitor,1,379.99,2019-04-02 17:07:00,288 Forest St, Los Angeles, CA 90001
176755,27in 4K Gaming Monitor,1,389.99,2019-04-09 16:21:00,825 Madison St, Seattle, WA 98101
176756,27in FHD Monitor,1,149.99,2019-04-05 17:06:00,348 Lake St, New York City, NY 10001
176757,AA Batteries (4-pack),1,3.84,2019-04-11 20:28:00,79 Hickory St, Portland, OR 97035
176758,34in Ultrawide Monitor,1,379.99,2019-04-18 21:26:00,166 Highland St, San Francisco, CA 94016
176759,Lightning Charging Cable,1,14.95,2019-04-06 12:46:00,864 Main St, Los Angeles, CA 90001
176760,Wired Headphones,1,11.99,2019-04-02 20:32:00,813 Highland St, San Francisco, CA 94016
176761,Apple Airpods Headphones,1,150.0,2019-04-26 20:00:00,830 2nd St, San Francisco, CA 94016
176762,AA Batteries (4-pack),1,3.84,2019-04-18 14:06:00,977 1st St, Seattle, WA 98101
176763,USB-C Charging Cable,1,11.95,2019-04-25 13:36:00,638 Johnson St, San Francisco, CA 94016
176764,Wired Headphones,1,11.99,2019-04-16 19:52:00,652 Center St, Atlanta, GA 30301
176765,USB-C Charging Cable,1,11.95,2019-04-14 20:44:00,729 Ridge St, San Francisco, CA 94016
176766,AA Batteries (4-pack),2,3.84,2019-04-21 19:52:00,84 Johnson St, Boston, MA 02215
176767,27in 4K Gaming Monitor,1,389.99,2019-04-09 14:18:00,205 4th St, Atlanta, GA 30301
176768,Wired Headphones,1,11.99,2019-04-04 00:03:00,643 Spruce St, Los Angeles, CA 90001
176769,AA Batteries (4-pack),1,3.84,2019-04-29 14:14:00,206 10th St, San Francisco, CA 94016
176770,Wired Headphones,1,11.99,2019-04-08 17:38:00,345 Church St, San Francisco, CA 94016
176771,Lightning Charging Cable,1,14.95,2019-04-24 17:40:00,403 11th St, New York City, NY 10001
176772,AA Batteries (4-pack),1,3.84,2019-04-10 21:48:00,426 14th St, New York City, NY 10001
176773,AAA Batteries (4-pack),2,2.99,2019-04-25 20:07:00,30 9th St, Portland, ME 04101
176774,Lightning Charging Cable,1,14.95,2019-04-25 15:06:00,372 Church St, Los Angeles, CA 90001
176774,USB-C Charging Cable,1,11.95,2019-04-25 15:06:00,372 Church St, Los Angeles, CA 90001
176775,USB-C Charging Cable,2,11.95,2019-04-01 20:56:00,975 Forest St, San Francisco, CA 94016
176776,Bose SoundSport Headphones,1,99.99,2019-04-24 23:28:00,613 Washington St, Seattle, WA 98101
176777,Apple Airpods Headphones,1,150.0,2019-04-14 16:53:00,163 Jackson St, Portland, OR 97035
176778,34in Ultrawide Monitor,1,379.99,2019-04-12 17:46:00,201 Madison St, San Francisco, CA 94016
176779,27in FHD Monitor,1,149.99,2019-04-04 16:46:00,351 Park St, Atlanta, GA 30301
176780,Lightning Charging Cable,1,14.95,2019-04-18 23:51:00,52 Walnut St, New York City, NY 10001
176781,iPhone,1,700.0,2019-04-03 07:37:00,976 Hickory St, Dallas, TX 75001
176781,Lightning Charging Cable,1,14.95,2019-04-03 07:37:00,976 Hickory St, Dallas, TX 75001
176782,Apple Airpods Headphones,1,150.0,2019-04-22 13:42:00,993 13th St, San Francisco, CA 94016
176783,Apple Airpods Headphones,1,150.0,2019-04-05 11:40:00,926 North St, San Francisco, CA 94016
176784,AAA Batteries (4-pack),1,2.99,2019-04-08 10:14:00,725 Madison St, Los Angeles, CA 90001
176785,Bose SoundSport Headphones,1,99.99,2019-04-03 15:39:00,533 Ridge St, Los Angeles, CA 90001
176786,20in Monitor,1,109.99,2019-04-06 16:40:00,701 North St, San Francisco, CA 94016
176787,Google Phone,1,600.0,2019-04-14 10:10:00,180 Pine St, Los Angeles, CA 90001
176788,Bose SoundSport Headphones,1,99.99,2019-04-15 04:39:00,200 North St, New York City, NY 10001
176789,Lightning Charging Cable,1,14.95,2019-04-21 20:15:00,990 Meadow St, San Francisco, CA 94016
176790,AAA Batteries (4-pack),1,2.99,2019-04-28 12:07:00,689 9th St, Austin, TX 73301
176791,Google Phone,1,600.0,2019-04-21 11:43:00,908 Jackson St, Los Angeles, CA 90001
176792,27in 4K Gaming Monitor,1,389.99,2019-04-30 19:29:00,772 11th St, Atlanta, GA 30301
176793,Wired Headphones,1,11.99,2019-04-17 17:09:00,147 South St, San Francisco, CA 94016
176794,Lightning Charging Cable,1,14.95,2019-04-10 21:40:00,425 Adams St, Dallas, TX 75001
176795,Wired Headphones,1,11.99,2019-04-13 11:46:00,360 Center St, San Francisco, CA 94016
176796,Bose SoundSport Headphones,1,99.99,2019-04-07 08:44:00,5 2nd St, Los Angeles, CA 90001
176797,Google Phone,1,600.0,2019-04-21 08:54:00,923 Elm St, Los Angeles, CA 90001
176797,Bose SoundSport Headphones,1,99.99,2019-04-21 08:54:00,923 Elm St, Los Angeles, CA 90001
176797,Wired Headphones,1,11.99,2019-04-21 08:54:00,923 Elm St, Los Angeles, CA 90001
176798,iPhone,1,700.0,2019-04-06 10:31:00,445 Jefferson St, Atlanta, GA 30301
176799,Wired Headphones,1,11.99,2019-04-03 14:24:00,452 Spruce St, Portland, OR 97035
176800,Lightning Charging Cable,1,14.95,2019-04-09 11:35:00,766 West St, Atlanta, GA 30301
176801,Vareebadd Phone,1,400.0,2019-04-28 18:52:00,125 North St, San Francisco, CA 94016
176802,AA Batteries (4-pack),1,3.84,2019-04-29 17:33:00,627 12th St, Boston, MA 02215
176803,AA Batteries (4-pack),1,3.84,2019-04-01 23:00:00,649 7th St, Austin, TX 73301
176804,Bose SoundSport Headphones,1,99.99,2019-04-21 21:56:00,690 Walnut St, Seattle, WA 98101
176805,Google Phone,1,600.0,2019-04-01 15:50:00,91 Lincoln St, Portland, OR 97035
176805,USB-C Charging Cable,1,11.95,2019-04-01 15:50:00,91 Lincoln St, Portland, OR 97035
176806,Macbook Pro Laptop,1,1700.0,2019-04-22 13:26:00,197 Cherry St, Austin, TX 73301
176807,USB-C Charging Cable,1,11.95,2019-04-21 17:13:00,758 Hill St, Seattle, WA 98101
176808,Google Phone,1,600.0,2019-04-28 18:03:00,933 Meadow St, San Francisco, CA 94016
176808,Wired Headphones,1,11.99,2019-04-28 18:03:00,933 Meadow St, San Francisco, CA 94016
176809,Bose SoundSport Headphones,2,99.99,2019-04-19 01:14:00,278 13th St, San Francisco, CA 94016
176810,AAA Batteries (4-pack),1,2.99,2019-04-30 14:57:00,86 Meadow St, Atlanta, GA 30301
176811,AA Batteries (4-pack),2,3.84,2019-04-14 23:02:00,456 13th St, Dallas, TX 75001
176812,Wired Headphones,1,11.99,2019-04-20 16:40:00,569 Willow St, New York City, NY 10001
176813,Google Phone,1,600.0,2019-04-28 18:01:00,269 Hill St, Atlanta, GA 30301
176813,Wired Headphones,1,11.99,2019-04-28 18:01:00,269 Hill St, Atlanta, GA 30301
176814,Lightning Charging Cable,1,14.95,2019-04-09 12:09:00,501 13th St, New York City, NY 10001
176815,AAA Batteries (4-pack),1,2.99,2019-04-04 13:36:00,327 Adams St, San Francisco, CA 94016
176816,27in 4K Gaming Monitor,1,389.99,2019-04-19 20:14:00,623 Lincoln St, Portland, OR 97035
176817,Lightning Charging Cable,1,14.95,2019-04-26 20:47:00,284 Walnut St, Seattle, WA 98101
176818,Wired Headphones,1,11.99,2019-04-09 02:19:00,642 13th St, San Francisco, CA 94016
176819,AA Batteries (4-pack),2,3.84,2019-04-15 05:44:00,615 9th St, Portland, OR 97035
176820,USB-C Charging Cable,1,11.95,2019-04-17 12:10:00,654 Adams St, Boston, MA 02215
176821,34in Ultrawide Monitor,1,379.99,2019-04-18 15:08:00,72 Meadow St, San Francisco, CA 94016
176822,AAA Batteries (4-pack),1,2.99,2019-04-22 19:50:00,40 Cedar St, Seattle, WA 98101
176823,Wired Headphones,1,11.99,2019-04-06 20:18:00,893 11th St, Seattle, WA 98101
176824,USB-C Charging Cable,2,11.95,2019-04-03 13:01:00,983 Center St, Los Angeles, CA 90001
176825,LG Washing Machine,1,600.0,2019-04-13 22:31:00,338 6th St, San Francisco, CA 94016
176826,Bose SoundSport Headphones,1,99.99,2019-04-11 00:15:00,72 Meadow St, San Francisco, CA 94016
176827,AAA Batteries (4-pack),1,2.99,2019-04-20 13:36:00,465 Hickory St, Los Angeles, CA 90001
176828,iPhone,1,700.0,2019-04-07 22:13:00,696 Highland St, Seattle, WA 98101
176829,Wired Headphones,1,11.99,2019-04-30 09:09:00,335 Wilson St, San Francisco, CA 94016
176830,Wired Headphones,1,11.99,2019-04-18 12:02:00,663 5th St, Austin, TX 73301
176831,USB-C Charging Cable,1,11.95,2019-04-01 07:39:00,743 Spruce St, San Francisco, CA 94016
176832,Apple Airpods Headphones,1,150.0,2019-04-19 20:21:00,533 Spruce St, Los Angeles, CA 90001
176833,Wired Headphones,1,11.99,2019-04-21 19:32:00,226 Madison St, Boston, MA 02215
176834,Lightning Charging Cable,1,14.95,2019-04-15 20:42:00,193 Forest St, San Francisco, CA 94016
176835,USB-C Charging Cable,1,11.95,2019-04-23 16:55:00,628 10th St, Boston, MA 02215
176836,USB-C Charging Cable,2,11.95,2019-04-10 14:20:00,857 Hickory St, Boston, MA 02215
176837,Lightning Charging Cable,1,14.95,2019-04-10 12:29:00,213 River St, New York City, NY 10001
176838,Lightning Charging Cable,1,14.95,2019-04-05 18:44:00,656 South St, New York City, NY 10001
176839,20in Monitor,1,109.99,2019-04-10 07:19:00,625 Willow St, Boston, MA 02215
176840,USB-C Charging Cable,1,11.95,2019-04-02 10:08:00,939 14th St, Austin, TX 73301
176841,AAA Batteries (4-pack),3,2.99,2019-04-26 22:50:00,177 Highland St, San Francisco, CA 94016
176842,AA Batteries (4-pack),2,3.84,2019-04-06 23:16:00,532 1st St, New York City, NY 10001
176843,34in Ultrawide Monitor,1,379.99,2019-04-21 11:22:00,733 Maple St, Atlanta, GA 30301
176844,AA Batteries (4-pack),1,3.84,2019-04-23 18:48:00,983 Main St, Boston, MA 02215
176845,USB-C Charging Cable,1,11.95,2019-04-15 14:26:00,925 Cedar St, San Francisco, CA 94016
176846,USB-C Charging Cable,1,11.95,2019-04-19 09:03:00,599 10th St, New York City, NY 10001
176847,AA Batteries (4-pack),3,3.84,2019-04-03 16:00:00,616 9th St, Austin, TX 73301
176848,27in FHD Monitor,1,149.99,2019-04-28 18:09:00,442 Center St, Boston, MA 02215
176849,34in Ultrawide Monitor,1,379.99,2019-04-22 10:59:00,309 West St, San Francisco, CA 94016
176850,AA Batteries (4-pack),1,3.84,2019-04-03 12:40:00,520 5th St, Seattle, WA 98101
176851,AA Batteries (4-pack),1,3.84,2019-04-09 22:58:00,669 Dogwood St, San Francisco, CA 94016
176852,AA Batteries (4-pack),1,3.84,2019-04-09 13:58:00,731 Lincoln St, Portland, OR 97035
176853,AA Batteries (4-pack),1,3.84,2019-04-24 11:41:00,858 14th St, New York City, NY 10001
176854,AA Batteries (4-pack),1,3.84,2019-04-11 22:05:00,460 South St, Los Angeles, CA 90001
176855,Wired Headphones,1,11.99,2019-04-21 16:42:00,103 12th St, Los Angeles, CA 90001
176856,Lightning Charging Cable,1,14.95,2019-04-13 10:59:00,459 8th St, San Francisco, CA 94016
176857,Bose SoundSport Headphones,1,99.99,2019-04-30 07:18:00,418 14th St, Portland, OR 97035
176858,AAA Batteries (4-pack),1,2.99,2019-04-16 13:25:00,669 Park St, Los Angeles, CA 90001
176859,AA Batteries (4-pack),1,3.84,2019-04-15 10:53:00,525 Adams St, New York City, NY 10001
176860,USB-C Charging Cable,1,11.95,2019-04-04 11:00:00,420 Hill St, San Francisco, CA 94016
176861,Bose SoundSport Headphones,1,99.99,2019-04-14 13:01:00,370 9th St, Los Angeles, CA 90001
176862,AAA Batteries (4-pack),1,2.99,2019-04-29 11:37:00,267 Willow St, San Francisco, CA 94016
176863,27in FHD Monitor,1,149.99,2019-04-19 17:18:00,64 Maple St, New York City, NY 10001
176864,AAA Batteries (4-pack),2,2.99,2019-04-02 15:47:00,453 Meadow St, San Francisco, CA 94016
176865,AA Batteries (4-pack),1,3.84,2019-04-18 14:28:00,952 Washington St, New York City, NY 10001
176866,ThinkPad Laptop,1,999.99,2019-04-02 11:42:00,338 West St, New York City, NY 10001
176867,AAA Batteries (4-pack),1,2.99,2019-04-25 21:00:00,483 Washington St, San Francisco, CA 94016
176868,20in Monitor,1,109.99,2019-04-05 07:37:00,213 Highland St, Boston, MA 02215
176869,Apple Airpods Headphones,1,150.0,2019-04-23 18:33:00,861 2nd St, Seattle, WA 98101
176870,AAA Batteries (4-pack),3,2.99,2019-04-05 18:38:00,964 Park St, New York City, NY 10001
176871,AA Batteries (4-pack),1,3.84,2019-04-29 20:02:00,489 9th St, Dallas, TX 75001
176872,AA Batteries (4-pack),1,3.84,2019-04-15 12:17:00,678 Madison St, Los Angeles, CA 90001
176873,AA Batteries (4-pack),1,3.84,2019-04-06 05:26:00,532 Spruce St, Los Angeles, CA 90001
176874,AAA Batteries (4-pack),1,2.99,2019-04-15 11:04:00,325 Pine St, New York City, NY 10001
176875,27in 4K Gaming Monitor,1,389.99,2019-04-23 19:26:00,727 Forest St, San Francisco, CA 94016
176876,Bose SoundSport Headphones,1,99.99,2019-04-23 21:15:00,263 Hickory St, Boston, MA 02215
176877,Lightning Charging Cable,1,14.95,2019-04-10 15:48:00,289 4th St, San Francisco, CA 94016
176878,ThinkPad Laptop,1,999.99,2019-04-13 09:15:00,161 Highland St, San Francisco, CA 94016
176879,Flatscreen TV,1,300.0,2019-04-13 14:15:00,370 Sunset St, Portland, ME 04101
176880,27in FHD Monitor,1,149.99,2019-04-04 08:36:00,691 River St, New York City, NY 10001
176881,Wired Headphones,1,11.99,2019-04-22 20:59:00,157 Sunset St, San Francisco, CA 94016
176882,Wired Headphones,1,11.99,2019-04-24 20:16:00,929 Main St, Boston, MA 02215
176883,Wired Headphones,2,11.99,2019-04-15 09:24:00,344 Dogwood St, New York City, NY 10001
176884,USB-C Charging Cable,1,11.95,2019-04-11 09:04:00,813 Highland St, San Francisco, CA 94016
176885,34in Ultrawide Monitor,1,379.99,2019-04-22 21:26:00,582 River St, Boston, MA 02215
176886,Flatscreen TV,1,300.0,2019-04-19 20:44:00,410 8th St, San Francisco, CA 94016
176887,AAA Batteries (4-pack),1,2.99,2019-04-01 12:59:00,591 4th St, Boston, MA 02215
176888,Wired Headphones,1,11.99,2019-04-15 13:57:00,608 5th St, New York City, NY 10001
176889,AAA Batteries (4-pack),1,2.99,2019-04-17 21:22:00,837 Madison St, Boston, MA 02215
176890,USB-C Charging Cable,1,11.95,2019-04-25 17:35:00,950 8th St, Austin, TX 73301
176891,AAA Batteries (4-pack),1,2.99,2019-04-07 11:52:00,323 Ridge St, Portland, OR 97035
176892,AAA Batteries (4-pack),1,2.99,2019-04-12 22:50:00,165 Meadow St, Boston, MA 02215
176893,AAA Batteries (4-pack),1,2.99,2019-04-23 14:01:00,794 Dogwood St, Seattle, WA 98101
176894,Flatscreen TV,1,300.0,2019-04-13 17:23:00,589 Park St, San Francisco, CA 94016
176895,Apple Airpods Headphones,1,150.0,2019-04-24 08:44:00,286 6th St, Boston, MA 02215
176896,AAA Batteries (4-pack),2,2.99,2019-04-24 17:41:00,77 Johnson St, Dallas, TX 75001
176897,Apple Airpods Headphones,1,150.0,2019-04-02 18:12:00,941 Walnut St, San Francisco, CA 94016
236670,Wired Headphones,2,11.99,2019-08-31 22:21:00,359 Spruce St, Seattle, WA 98101
236671,Bose SoundSport Headphones,1,99.99,2019-08-15 15:11:00,492 Ridge St, Dallas, TX 75001
236672,iPhone,1,700.0,2019-08-06 14:40:00,149 7th St, Portland, OR 97035
236673,AA Batteries (4-pack),2,3.84,2019-08-29 20:59:00,631 2nd St, Los Angeles, CA 90001
236674,AA Batteries (4-pack),2,3.84,2019-08-15 19:53:00,736 14th St, New York City, NY 10001
236675,Wired Headphones,1,11.99,2019-08-02 23:54:00,470 Hill St, San Francisco, CA 94016
236676,34in Ultrawide Monitor,1,379.99,2019-08-04 19:52:00,470 Cherry St, Los Angeles, CA 90001
236677,20in Monitor,1,109.99,2019-08-13 07:16:00,918 6th St, San Francisco, CA 94016
236678,Wired Headphones,1,11.99,2019-08-25 20:11:00,58 9th St, San Francisco, CA 94016
236679,Macbook Pro Laptop,1,1700.0,2019-08-07 15:43:00,239 Spruce St, Los Angeles, CA 90001
236680,LG Washing Machine,1,600.0,2019-08-09 19:38:00,967 Willow St, San Francisco, CA 94016
236681,AA Batteries (4-pack),1,3.84,2019-08-26 20:52:00,295 1st St, Boston, MA 02215
236682,AA Batteries (4-pack),1,3.84,2019-08-19 12:40:00,118 Johnson St, Portland, OR 97035
236683,27in FHD Monitor,1,149.99,2019-08-31 15:47:00,196 West St, Dallas, TX 75001
236684,Lightning Charging Cable,1,14.95,2019-08-09 16:50:00,669 12th St, New York City, NY 10001
236685,Apple Airpods Headphones,1,150.0,2019-08-23 19:29:00,238 Highland St, Atlanta, GA 30301
236686,AAA Batteries (4-pack),1,2.99,2019-08-15 19:13:00,766 Maple St, Dallas, TX 75001
236687,USB-C Charging Cable,1,11.95,2019-08-23 12:54:00,668 Meadow St, New York City, NY 10001
236688,34in Ultrawide Monitor,1,379.99,2019-08-08 16:06:00,821 7th St, Los Angeles, CA 90001
236689,AAA Batteries (4-pack),1,2.99,2019-08-21 10:55:00,13 Cedar St, San Francisco, CA 94016
236690,AAA Batteries (4-pack),1,2.99,2019-08-08 12:00:00,139 River St, San Francisco, CA 94016
236691,USB-C Charging Cable,1,11.95,2019-08-23 07:34:00,916 Meadow St, Boston, MA 02215
236692,USB-C Charging Cable,1,11.95,2019-08-20 13:26:00,567 Center St, San Francisco, CA 94016
236693,27in 4K Gaming Monitor,1,389.99,2019-08-12 21:57:00,173 West St, Portland, OR 97035
236694,Apple Airpods Headphones,1,150.0,2019-08-14 23:45:00,854 Sunset St, New York City, NY 10001
236695,Bose SoundSport Headphones,1,99.99,2019-08-04 19:06:00,905 Pine St, San Francisco, CA 94016
236696,Lightning Charging Cable,1,14.95,2019-08-21 00:48:00,530 Church St, New York City, NY 10001
236697,AA Batteries (4-pack),1,3.84,2019-08-25 23:13:00,246 Willow St, San Francisco, CA 94016
236698,Wired Headphones,1,11.99,2019-08-07 13:40:00,526 Chestnut St, Dallas, TX 75001
236699,AA Batteries (4-pack),2,3.84,2019-08-20 21:07:00,763 Hill St, Atlanta, GA 30301
236700,Wired Headphones,1,11.99,2019-08-09 08:55:00,534 North St, Los Angeles, CA 90001
236701,Apple Airpods Headphones,1,150.0,2019-08-06 10:36:00,518 Main St, San Francisco, CA 94016
236702,ThinkPad Laptop,1,999.99,2019-08-23 11:10:00,615 11th St, Dallas, TX 75001
236703,Bose SoundSport Headphones,1,99.99,2019-08-08 06:09:00,861 Adams St, Atlanta, GA 30301
236704,Flatscreen TV,1,300.0,2019-08-11 08:52:00,415 Ridge St, San Francisco, CA 94016
236705,AA Batteries (4-pack),3,3.84,2019-08-11 22:21:00,27 North St, Austin, TX 73301
236706,Google Phone,1,600.0,2019-08-14 14:19:00,621 North St, San Francisco, CA 94016
236707,AA Batteries (4-pack),2,3.84,2019-08-14 14:06:00,306 West St, Los Angeles, CA 90001
236708,Apple Airpods Headphones,1,150.0,2019-08-27 14:00:00,353 Madison St, San Francisco, CA 94016
236709,iPhone,1,700.0,2019-08-04 09:00:00,869 Jackson St, San Francisco, CA 94016
236710,Macbook Pro Laptop,1,1700.0,2019-08-04 02:46:00,654 Chestnut St, Austin, TX 73301
236711,Macbook Pro Laptop,1,1700.0,2019-08-28 17:28:00,627 Lincoln St, Dallas, TX 75001
236712,AA Batteries (4-pack),2,3.84,2019-08-30 07:14:00,548 Jefferson St, Boston, MA 02215
236713,27in FHD Monitor,1,149.99,2019-08-05 20:00:00,852 8th St, San Francisco, CA 94016
236714,27in 4K Gaming Monitor,1,389.99,2019-08-30 09:07:00,194 Dogwood St, Atlanta, GA 30301
236715,27in 4K Gaming Monitor,1,389.99,2019-08-23 11:20:00,628 Jefferson St, Portland, OR 97035
236716,AA Batteries (4-pack),2,3.84,2019-08-17 20:12:00,84 Cedar St, San Francisco, CA 94016
236716,USB-C Charging Cable,1,11.95,2019-08-17 20:12:00,84 Cedar St, San Francisco, CA 94016
236717,Google Phone,1,600.0,2019-08-11 12:26:00,394 12th St, Atlanta, GA 30301
236718,Apple Airpods Headphones,1,150.0,2019-08-10 13:48:00,499 7th St, San Francisco, CA 94016
236719,AAA Batteries (4-pack),1,2.99,2019-08-05 12:09:00,948 2nd St, Atlanta, GA 30301
236720,Apple Airpods Headphones,1,150.0,2019-08-24 16:49:00,881 10th St, Dallas, TX 75001
236721,Apple Airpods Headphones,1,150.0,2019-08-02 12:24:00,198 Highland St, Seattle, WA 98101
236722,AAA Batteries (4-pack),2,2.99,2019-08-07 12:42:00,241 6th St, San Francisco, CA 94016
236723,Apple Airpods Headphones,1,150.0,2019-08-01 18:56:00,654 Pine St, New York City, NY 10001
236724,Apple Airpods Headphones,1,150.0,2019-08-21 01:08:00,238 Hickory St, San Francisco, CA 94016
236725,AAA Batteries (4-pack),3,2.99,2019-08-24 20:15:00,590 Lakeview St, San Francisco, CA 94016
236726,AA Batteries (4-pack),1,3.84,2019-08-29 09:25:00,434 Church St, Boston, MA 02215
236727,USB-C Charging Cable,1,11.95,2019-08-19 08:10:00,557 North St, New York City, NY 10001
236728,ThinkPad Laptop,1,999.99,2019-08-10 11:21:00,526 North St, Portland, ME 04101
236729,iPhone,1,700.0,2019-08-09 09:28:00,635 Lake St, San Francisco, CA 94016
236729,Apple Airpods Headphones,1,150.0,2019-08-09 09:28:00,635 Lake St, San Francisco, CA 94016
236730,Google Phone,1,600.0,2019-08-02 10:17:00,445 Lincoln St, New York City, NY 10001
236730,Wired Headphones,1,11.99,2019-08-02 10:17:00,445 Lincoln St, New York City, NY 10001
236731,AAA Batteries (4-pack),1,2.99,2019-08-29 12:40:00,62 Center St, San Francisco, CA 94016
236732,Flatscreen TV,1,300.0,2019-08-09 13:35:00,328 North St, Dallas, TX 75001
236733,Apple Airpods Headphones,1,150.0,2019-08-08 10:21:00,467 Hill St, Dallas, TX 75001
236734,AA Batteries (4-pack),2,3.84,2019-08-14 16:52:00,405 Chestnut St, Dallas, TX 75001
236735,Apple Airpods Headphones,1,150.0,2019-08-18 22:08:00,599 North St, Boston, MA 02215
236736,Wired Headphones,1,11.99,2019-08-03 17:36:00,754 Chestnut St, Los Angeles, CA 90001
236737,AA Batteries (4-pack),1,3.84,2019-08-24 08:51:00,908 Park St, San Francisco, CA 94016
236738,Flatscreen TV,1,300.0,2019-08-30 15:07:00,672 7th St, New York City, NY 10001
236739,USB-C Charging Cable,1,11.95,2019-08-31 12:46:00,949 Church St, Boston, MA 02215
236740,USB-C Charging Cable,1,11.95,2019-08-12 07:30:00,950 13th St, San Francisco, CA 94016
236741,USB-C Charging Cable,1,11.95,2019-08-08 12:39:00,26 Washington St, Boston, MA 02215
236742,Macbook Pro Laptop,1,1700.0,2019-08-11 01:47:00,701 1st St, San Francisco, CA 94016
236743,Lightning Charging Cable,1,14.95,2019-08-27 12:55:00,826 Forest St, Los Angeles, CA 90001
236744,AAA Batteries (4-pack),1,2.99,2019-08-09 20:21:00,11 Wilson St, Atlanta, GA 30301
236745,AAA Batteries (4-pack),1,2.99,2019-08-17 21:01:00,850 Ridge St, San Francisco, CA 94016
236746,AAA Batteries (4-pack),2,2.99,2019-08-13 09:52:00,585 Spruce St, Los Angeles, CA 90001
236747,AAA Batteries (4-pack),1,2.99,2019-08-02 15:19:00,255 Cherry St, New York City, NY 10001
236748,Bose SoundSport Headphones,1,99.99,2019-08-19 16:40:00,977 13th St, New York City, NY 10001
236749,AAA Batteries (4-pack),1,2.99,2019-08-30 20:13:00,498 Johnson St, Austin, TX 73301
236750,Flatscreen TV,1,300.0,2019-08-25 08:37:00,806 Ridge St, Boston, MA 02215
236751,27in 4K Gaming Monitor,1,389.99,2019-08-03 09:18:00,534 Washington St, Portland, ME 04101
236752,27in 4K Gaming Monitor,1,389.99,2019-08-27 21:41:00,765 Lakeview St, Austin, TX 73301
236753,Lightning Charging Cable,1,14.95,2019-08-18 19:28:00,501 Lakeview St, New York City, NY 10001
236754,Lightning Charging Cable,1,14.95,2019-08-13 10:29:00,872 Ridge St, Seattle, WA 98101
236755,Wired Headphones,1,11.99,2019-08-19 13:59:00,902 2nd St, Dallas, TX 75001
236756,AA Batteries (4-pack),1,3.84,2019-08-31 18:36:00,444 West St, Boston, MA 02215
236757,USB-C Charging Cable,1,11.95,2019-08-07 19:28:00,969 Spruce St, Seattle, WA 98101
236758,Flatscreen TV,1,300.0,2019-08-18 13:55:00,155 Hickory St, Los Angeles, CA 90001
236759,Bose SoundSport Headphones,1,99.99,2019-08-27 12:09:00,848 5th St, New York City, NY 10001
236760,AA Batteries (4-pack),1,3.84,2019-08-29 17:02:00,35 Spruce St, Boston, MA 02215
236761,27in FHD Monitor,1,149.99,2019-08-19 21:43:00,148 Chestnut St, San Francisco, CA 94016
236762,AAA Batteries (4-pack),1,2.99,2019-08-16 14:25:00,632 Cherry St, San Francisco, CA 94016
236763,Apple Airpods Headphones,1,150.0,2019-08-06 10:23:00,288 Lake St, Seattle, WA 98101
236764,Bose SoundSport Headphones,1,99.99,2019-08-22 15:48:00,663 Elm St, Boston, MA 02215
236765,Wired Headphones,1,11.99,2019-08-24 10:48:00,731 10th St, San Francisco, CA 94016
236766,Wired Headphones,1,11.99,2019-08-19 17:13:00,287 Highland St, Seattle, WA 98101
236767,iPhone,1,700.0,2019-08-09 13:51:00,41 Adams St, Dallas, TX 75001
236768,AA Batteries (4-pack),2,3.84,2019-08-27 10:21:00,352 1st St, Portland, OR 97035
236769,AA Batteries (4-pack),1,3.84,2019-08-25 13:18:00,270 Cherry St, Dallas, TX 75001
236770,Wired Headphones,1,11.99,2019-08-13 08:46:00,796 Park St, San Francisco, CA 94016
236771,Google Phone,1,600.0,2019-08-07 18:04:00,942 Elm St, Los Angeles, CA 90001
236772,Apple Airpods Headphones,1,150.0,2019-08-18 05:31:00,61 Park St, Portland, OR 97035
236773,Apple Airpods Headphones,1,150.0,2019-08-20 20:16:00,742 Forest St, Austin, TX 73301
236774,AAA Batteries (4-pack),2,2.99,2019-08-13 15:57:00,634 Pine St, Austin, TX 73301
236775,AAA Batteries (4-pack),2,2.99,2019-08-06 08:25:00,3 Dogwood St, New York City, NY 10001
236776,Bose SoundSport Headphones,1,99.99,2019-08-25 02:53:00,729 Washington St, New York City, NY 10001
236777,Lightning Charging Cable,1,14.95,2019-08-29 13:25:00,61 Park St, New York City, NY 10001
236778,Wired Headphones,1,11.99,2019-08-29 22:52:00,625 Forest St, Dallas, TX 75001
236779,27in FHD Monitor,1,149.99,2019-08-29 09:31:00,546 9th St, San Francisco, CA 94016
236780,Lightning Charging Cable,1,14.95,2019-08-18 18:50:00,890 2nd St, Seattle, WA 98101
236781,27in 4K Gaming Monitor,1,389.99,2019-08-19 06:52:00,707 Wilson St, Atlanta, GA 30301
236782,USB-C Charging Cable,1,11.95,2019-08-15 16:45:00,366 Washington St, Boston, MA 02215
236783,AA Batteries (4-pack),2,3.84,2019-08-04 10:06:00,350 Dogwood St, Boston, MA 02215
236784,AAA Batteries (4-pack),1,2.99,2019-08-29 13:17:00,501 Maple St, Boston, MA 02215
236785,Apple Airpods Headphones,1,150.0,2019-08-22 19:17:00,645 North St, Dallas, TX 75001
236786,Lightning Charging Cable,1,14.95,2019-08-06 08:41:00,307 10th St, San Francisco, CA 94016
236787,AAA Batteries (4-pack),1,2.99,2019-08-27 14:06:00,195 Wilson St, Boston, MA 02215
236788,iPhone,1,700.0,2019-08-21 12:09:00,598 13th St, Los Angeles, CA 90001
236789,Lightning Charging Cable,1,14.95,2019-08-21 12:07:00,377 South St, San Francisco, CA 94016
236790,20in Monitor,2,109.99,2019-08-21 21:28:00,212 Hill St, San Francisco, CA 94016
236791,27in FHD Monitor,1,149.99,2019-08-06 17:53:00,26 Jefferson St, Atlanta, GA 30301
236792,Wired Headphones,1,11.99,2019-08-22 14:38:00,326 Johnson St, New York City, NY 10001
236793,USB-C Charging Cable,1,11.95,2019-08-12 12:01:00,961 South St, Los Angeles, CA 90001
236794,Wired Headphones,1,11.99,2019-08-05 17:14:00,588 Pine St, Dallas, TX 75001
236795,AA Batteries (4-pack),4,3.84,2019-08-13 18:02:00,235 South St, Austin, TX 73301
236796,Wired Headphones,1,11.99,2019-08-15 16:14:00,623 South St, Atlanta, GA 30301
236797,Google Phone,1,600.0,2019-08-16 18:45:00,835 12th St, Los Angeles, CA 90001
236798,Lightning Charging Cable,2,14.95,2019-08-19 08:59:00,614 7th St, Los Angeles, CA 90001
236799,Google Phone,1,600.0,2019-08-01 12:38:00,309 2nd St, San Francisco, CA 94016
236799,Wired Headphones,1,11.99,2019-08-01 12:38:00,309 2nd St, San Francisco, CA 94016
236800,Lightning Charging Cable,1,14.95,2019-08-21 15:02:00,389 Highland St, Boston, MA 02215
236801,USB-C Charging Cable,1,11.95,2019-08-24 00:22:00,43 Jackson St, Dallas, TX 75001
236802,27in 4K Gaming Monitor,1,389.99,2019-08-01 18:43:00,668 9th St, Los Angeles, CA 90001
236803,AA Batteries (4-pack),4,3.84,2019-08-25 12:36:00,124 Forest St, San Francisco, CA 94016
236804,ThinkPad Laptop,1,999.99,2019-08-06 23:10:00,933 Center St, Los Angeles, CA 90001
236805,USB-C Charging Cable,1,11.95,2019-08-23 16:27:00,445 10th St, New York City, NY 10001
236806,USB-C Charging Cable,1,11.95,2019-08-06 02:22:00,828 Madison St, Boston, MA 02215
236807,USB-C Charging Cable,1,11.95,2019-08-27 20:49:00,962 Highland St, Seattle, WA 98101
236808,AA Batteries (4-pack),1,3.84,2019-08-24 08:04:00,782 12th St, New York City, NY 10001
236809,Google Phone,1,600.0,2019-08-01 20:53:00,444 South St, Seattle, WA 98101
236810,Lightning Charging Cable,1,14.95,2019-08-23 07:47:00,318 10th St, San Francisco, CA 94016
236811,Wired Headphones,1,11.99,2019-08-04 16:44:00,352 Cherry St, San Francisco, CA 94016
236812,Wired Headphones,1,11.99,2019-08-25 19:48:00,970 2nd St, Los Angeles, CA 90001
236813,Lightning Charging Cable,1,14.95,2019-08-04 15:29:00,170 West St, Los Angeles, CA 90001
236814,AAA Batteries (4-pack),2,2.99,2019-08-14 19:24:00,510 South St, San Francisco, CA 94016
236815,27in FHD Monitor,1,149.99,2019-08-28 17:55:00,378 Adams St, Portland, ME 04101
236816,USB-C Charging Cable,1,11.95,2019-08-13 20:45:00,179 Jackson St, New York City, NY 10001
236817,Wired Headphones,1,11.99,2019-08-04 17:09:00,21 Lake St, Boston, MA 02215
236818,Lightning Charging Cable,1,14.95,2019-08-24 09:20:00,462 Madison St, Dallas, TX 75001
236819,Apple Airpods Headphones,1,150.0,2019-08-15 15:37:00,672 1st St, San Francisco, CA 94016
236820,Lightning Charging Cable,1,14.95,2019-08-04 23:25:00,531 10th St, San Francisco, CA 94016
236821,AA Batteries (4-pack),2,3.84,2019-08-07 11:48:00,590 11th St, Seattle, WA 98101
236822,27in 4K Gaming Monitor,1,389.99,2019-08-25 10:07:00,184 Johnson St, San Francisco, CA 94016
236823,AAA Batteries (4-pack),1,2.99,2019-08-22 06:22:00,861 Hickory St, Los Angeles, CA 90001
236824,Wired Headphones,1,11.99,2019-08-24 06:24:00,323 11th St, New York City, NY 10001
236825,USB-C Charging Cable,1,11.95,2019-08-01 12:51:00,988 West St, Los Angeles, CA 90001
236826,20in Monitor,1,109.99,2019-08-06 12:19:00,636 9th St, Seattle, WA 98101
236827,Lightning Charging Cable,1,14.95,2019-08-30 21:25:00,9 Center St, Atlanta, GA 30301
236828,Apple Airpods Headphones,1,150.0,2019-08-11 23:19:00,515 13th St, San Francisco, CA 94016
236829,Vareebadd Phone,1,400.0,2019-08-16 08:51:00,27 2nd St, Los Angeles, CA 90001
236829,USB-C Charging Cable,1,11.95,2019-08-16 08:51:00,27 2nd St, Los Angeles, CA 90001
236830,Apple Airpods Headphones,1,150.0,2019-08-10 23:40:00,581 6th St, Dallas, TX 75001
236831,Wired Headphones,1,11.99,2019-08-24 02:47:00,115 Lake St, Atlanta, GA 30301
236832,Apple Airpods Headphones,1,150.0,2019-08-09 21:14:00,479 Adams St, Seattle, WA 98101
236833,Wired Headphones,1,11.99,2019-08-06 09:39:00,848 7th St, New York City, NY 10001
236834,Bose SoundSport Headphones,1,99.99,2019-08-10 00:11:00,4 Willow St, Los Angeles, CA 90001
236835,Flatscreen TV,1,300.0,2019-08-29 10:55:00,276 Chestnut St, San Francisco, CA 94016
236836,Lightning Charging Cable,1,14.95,2019-08-21 20:51:00,304 Maple St, San Francisco, CA 94016
236837,Wired Headphones,1,11.99,2019-08-16 00:31:00,693 Forest St, San Francisco, CA 94016
236838,AAA Batteries (4-pack),1,2.99,2019-08-28 20:16:00,899 South St, Los Angeles, CA 90001
236839,AA Batteries (4-pack),1,3.84,2019-08-06 09:35:00,18 Sunset St, Los Angeles, CA 90001
236840,Apple Airpods Headphones,1,150.0,2019-08-28 10:21:00,580 Wilson St, Dallas, TX 75001
236841,20in Monitor,1,109.99,2019-08-30 13:29:00,307 Jefferson St, Los Angeles, CA 90001
236842,USB-C Charging Cable,1,11.95,2019-08-06 19:10:00,659 Madison St, Portland, OR 97035
236843,AAA Batteries (4-pack),1,2.99,2019-08-25 12:33:00,821 Lakeview St, New York City, NY 10001
236844,27in FHD Monitor,1,149.99,2019-08-10 17:48:00,297 6th St, Los Angeles, CA 90001
236845,27in 4K Gaming Monitor,1,389.99,2019-08-18 18:14:00,327 Jackson St, Seattle, WA 98101
236846,AA Batteries (4-pack),1,3.84,2019-08-05 10:13:00,440 6th St, Los Angeles, CA 90001
236847,AA Batteries (4-pack),3,3.84,2019-08-29 09:32:00,490 Maple St, Portland, OR 97035
236848,Wired Headphones,1,11.99,2019-08-27 18:13:00,56 5th St, New York City, NY 10001
236849,Apple Airpods Headphones,1,150.0,2019-08-04 18:13:00,775 4th St, San Francisco, CA 94016
236850,Google Phone,1,600.0,2019-08-31 00:09:00,543 Ridge St, New York City, NY 10001
236851,27in 4K Gaming Monitor,1,389.99,2019-08-29 00:08:00,192 13th St, New York City, NY 10001
236852,Wired Headphones,1,11.99,2019-08-20 10:06:00,235 Cherry St, Portland, OR 97035
236853,Flatscreen TV,1,300.0,2019-08-22 00:29:00,68 11th St, Dallas, TX 75001
236854,USB-C Charging Cable,1,11.95,2019-08-14 05:56:00,753 Adams St, San Francisco, CA 94016
236855,Bose SoundSport Headphones,1,99.99,2019-08-28 12:15:00,360 River St, Seattle, WA 98101
236856,AA Batteries (4-pack),3,3.84,2019-08-09 13:11:00,661 Center St, Seattle, WA 98101
236857,Wired Headphones,1,11.99,2019-08-31 16:16:00,363 6th St, Atlanta, GA 30301
236858,Lightning Charging Cable,1,14.95,2019-08-01 20:34:00,35 Jefferson St, San Francisco, CA 94016
236859,34in Ultrawide Monitor,1,379.99,2019-08-22 10:16:00,833 Jefferson St, Boston, MA 02215
236860,USB-C Charging Cable,1,11.95,2019-08-01 19:22:00,311 Cherry St, San Francisco, CA 94016
236861,Wired Headphones,2,11.99,2019-08-04 18:46:00,990 Washington St, Atlanta, GA 30301
236862,27in FHD Monitor,1,149.99,2019-08-26 13:51:00,173 South St, San Francisco, CA 94016
236863,Wired Headphones,1,11.99,2019-08-02 21:40:00,674 Walnut St, New York City, NY 10001
236864,Apple Airpods Headphones,1,150.0,2019-08-23 12:01:00,166 Park St, Portland, OR 97035
236865,USB-C Charging Cable,1,11.95,2019-08-09 08:42:00,874 Main St, Austin, TX 73301
236866,AA Batteries (4-pack),1,3.84,2019-08-19 19:17:00,583 Spruce St, Portland, ME 04101
236867,USB-C Charging Cable,1,11.95,2019-08-08 15:20:00,948 Highland St, Los Angeles, CA 90001
236868,Wired Headphones,1,11.99,2019-08-29 23:19:00,363 2nd St, Boston, MA 02215
236869,Bose SoundSport Headphones,1,99.99,2019-08-30 19:58:00,436 Main St, Portland, OR 97035
236870,Google Phone,1,600.0,2019-08-09 20:04:00,384 5th St, New York City, NY 10001
236871,Wired Headphones,1,11.99,2019-08-26 17:10:00,478 9th St, San Francisco, CA 94016
236872,Wired Headphones,1,11.99,2019-08-02 22:59:00,39 Johnson St, San Francisco, CA 94016
236873,Lightning Charging Cable,1,14.95,2019-08-26 11:24:00,610 Chestnut St, San Francisco, CA 94016
236874,34in Ultrawide Monitor,1,379.99,2019-08-10 01:57:00,800 4th St, Los Angeles, CA 90001
236875,USB-C Charging Cable,1,11.95,2019-08-13 09:22:00,342 11th St, New York City, NY 10001
236876,Google Phone,1,600.0,2019-08-14 20:52:00,646 14th St, Boston, MA 02215
236877,Apple Airpods Headphones,1,150.0,2019-08-27 21:23:00,133 Ridge St, Atlanta, GA 30301
236878,ThinkPad Laptop,1,999.99,2019-08-08 07:41:00,35 Lincoln St, New York City, NY 10001
236879,AA Batteries (4-pack),2,3.84,2019-08-14 21:01:00,284 West St, San Francisco, CA 94016
236880,34in Ultrawide Monitor,1,379.99,2019-08-10 14:46:00,631 Highland St, Atlanta, GA 30301
236881,AAA Batteries (4-pack),1,2.99,2019-08-05 22:54:00,342 Lake St, New York City, NY 10001
236882,Macbook Pro Laptop,1,1700.0,2019-08-09 14:05:00,109 9th St, New York City, NY 10001
236883,Apple Airpods Headphones,1,150.0,2019-08-27 19:45:00,589 2nd St, Atlanta, GA 30301
236884,AAA Batteries (4-pack),1,2.99,2019-08-13 05:10:00,424 Meadow St, Portland, OR 97035
236885,27in 4K Gaming Monitor,1,389.99,2019-08-15 12:10:00,835 Cedar St, Portland, OR 97035
236885,USB-C Charging Cable,1,11.95,2019-08-15 12:10:00,835 Cedar St, Portland, OR 97035
236886,Bose SoundSport Headphones,1,99.99,2019-08-21 22:23:00,310 Hill St, Los Angeles, CA 90001
236887,27in 4K Gaming Monitor,1,389.99,2019-08-31 10:20:00,974 5th St, Los Angeles, CA 90001
236888,Macbook Pro Laptop,1,1700.0,2019-08-01 16:57:00,887 Meadow St, New York City, NY 10001
236889,27in FHD Monitor,1,149.99,2019-08-21 21:06:00,429 Sunset St, San Francisco, CA 94016
236890,Lightning Charging Cable,1,14.95,2019-08-11 00:35:00,475 Lincoln St, Seattle, WA 98101
236891,Flatscreen TV,1,300.0,2019-08-07 13:41:00,385 4th St, Portland, ME 04101
236892,Lightning Charging Cable,1,14.95,2019-08-08 15:35:00,651 Madison St, Atlanta, GA 30301
236893,ThinkPad Laptop,1,999.99,2019-08-07 19:37:00,942 Madison St, San Francisco, CA 94016
236894,USB-C Charging Cable,1,11.95,2019-08-03 21:55:00,386 River St, Atlanta, GA 30301
236895,USB-C Charging Cable,1,11.95,2019-08-01 20:37:00,243 Cedar St, Los Angeles, CA 90001
236896,AA Batteries (4-pack),1,3.84,2019-08-14 22:41:00,959 Madison St, Dallas, TX 75001
236897,AA Batteries (4-pack),1,3.84,2019-08-31 15:13:00,663 Dogwood St, Austin, TX 73301
236898,Lightning Charging Cable,1,14.95,2019-08-11 23:36:00,236 River St, San Francisco, CA 94016
236899,Apple Airpods Headphones,1,150.0,2019-08-21 14:31:00,954 Pine St, San Francisco, CA 94016
236900,Bose SoundSport Headphones,1,99.99,2019-08-26 18:50:00,405 Ridge St, Portland, ME 04101
236901,USB-C Charging Cable,1,11.95,2019-08-01 18:11:00,635 9th St, Seattle, WA 98101
236902,AA Batteries (4-pack),1,3.84,2019-08-02 09:24:00,799 North St, San Francisco, CA 94016
236903,AA Batteries (4-pack),2,3.84,2019-08-27 01:31:00,410 9th St, San Francisco, CA 94016
236904,Apple Airpods Headphones,1,150.0,2019-08-15 05:20:00,998 Center St, San Francisco, CA 94016
236905,Lightning Charging Cable,1,14.95,2019-08-21 15:22:00,705 West St, Los Angeles, CA 90001
236906,Lightning Charging Cable,1,14.95,2019-08-14 19:46:00,39 Main St, Atlanta, GA 30301
236907,Wired Headphones,1,11.99,2019-08-24 18:09:00,865 Jefferson St, San Francisco, CA 94016
236908,AAA Batteries (4-pack),2,2.99,2019-08-16 14:13:00,851 Madison St, Los Angeles, CA 90001
236909,AAA Batteries (4-pack),4,2.99,2019-08-01 09:42:00,912 Wilson St, Boston, MA 02215
236910,USB-C Charging Cable,1,11.95,2019-08-17 03:33:00,744 5th St, New York City, NY 10001
236911,AA Batteries (4-pack),1,3.84,2019-08-27 16:27:00,398 Cherry St, Austin, TX 73301
236912,Lightning Charging Cable,1,14.95,2019-08-18 19:00:00,682 Dogwood St, San Francisco, CA 94016
236913,AAA Batteries (4-pack),1,2.99,2019-08-13 22:29:00,712 South St, Boston, MA 02215
236914,AAA Batteries (4-pack),1,2.99,2019-08-23 11:59:00,87 Adams St, Portland, OR 97035
236915,Wired Headphones,1,11.99,2019-08-17 11:06:00,272 Ridge St, San Francisco, CA 94016
236916,Wired Headphones,1,11.99,2019-08-31 07:58:00,474 Cedar St, Austin, TX 73301
236917,ThinkPad Laptop,1,999.99,2019-08-24 13:28:00,847 Highland St, Portland, OR 97035
236918,Lightning Charging Cable,1,14.95,2019-08-04 10:12:00,180 Main St, Atlanta, GA 30301
236919,AA Batteries (4-pack),2,3.84,2019-08-28 20:59:00,30 Elm St, Atlanta, GA 30301
236920,Wired Headphones,1,11.99,2019-08-10 11:35:00,673 1st St, New York City, NY 10001
236921,Vareebadd Phone,1,400.0,2019-08-10 12:45:00,309 1st St, San Francisco, CA 94016
236922,Wired Headphones,1,11.99,2019-08-12 09:39:00,346 Wilson St, New York City, NY 10001
236923,AAA Batteries (4-pack),2,2.99,2019-08-27 15:55:00,306 6th St, Los Angeles, CA 90001
236924,20in Monitor,1,109.99,2019-08-29 16:39:00,752 Willow St, Los Angeles, CA 90001
236925,Wired Headphones,1,11.99,2019-08-08 21:32:00,559 Cedar St, San Francisco, CA 94016
236926,AA Batteries (4-pack),1,3.84,2019-08-25 21:02:00,182 Pine St, New York City, NY 10001
236927,34in Ultrawide Monitor,1,379.99,2019-08-19 09:32:00,548 11th St, San Francisco, CA 94016
236928,iPhone,1,700.0,2019-08-22 08:30:00,319 12th St, San Francisco, CA 94016
236929,Wired Headphones,2,11.99,2019-08-11 15:08:00,607 Chestnut St, San Francisco, CA 94016
236930,ThinkPad Laptop,1,999.99,2019-08-04 07:01:00,894 Jackson St, New York City, NY 10001
236931,Apple Airpods Headphones,1,150.0,2019-08-25 08:34:00,57 2nd St, New York City, NY 10001
236932,iPhone,1,700.0,2019-08-18 18:52:00,428 Hickory St, Seattle, WA 98101
236933,AAA Batteries (4-pack),1,2.99,2019-08-19 20:32:00,164 Pine St, San Francisco, CA 94016
236934,AA Batteries (4-pack),1,3.84,2019-08-20 11:53:00,426 Ridge St, San Francisco, CA 94016
236935,Apple Airpods Headphones,1,150.0,2019-08-16 17:29:00,972 11th St, New York City, NY 10001
236936,Bose SoundSport Headphones,1,99.99,2019-08-30 13:48:00,721 11th St, San Francisco, CA 94016
236937,Vareebadd Phone,1,400.0,2019-08-06 18:20:00,231 Washington St, Boston, MA 02215
236938,AA Batteries (4-pack),1,3.84,2019-08-12 17:07:00,731 Cherry St, Seattle, WA 98101
236939,USB-C Charging Cable,1,11.95,2019-08-28 23:28:00,608 Willow St, Boston, MA 02215
236940,Wired Headphones,1,11.99,2019-08-03 19:09:00,976 Forest St, Boston, MA 02215
236941,Lightning Charging Cable,1,14.95,2019-08-22 09:46:00,665 Wilson St, San Francisco, CA 94016
236942,Lightning Charging Cable,1,14.95,2019-08-16 12:24:00,902 4th St, Los Angeles, CA 90001
236943,AAA Batteries (4-pack),2,2.99,2019-08-04 16:04:00,387 Lincoln St, Seattle, WA 98101
236944,Bose SoundSport Headphones,1,99.99,2019-08-25 19:33:00,139 Cedar St, Boston, MA 02215
236945,Google Phone,1,600.0,2019-08-30 10:00:00,904 Jefferson St, Portland, OR 97035
236946,AA Batteries (4-pack),3,3.84,2019-08-18 08:24:00,371 Chestnut St, San Francisco, CA 94016
236947,20in Monitor,1,109.99,2019-08-19 23:52:00,845 Lincoln St, Los Angeles, CA 90001
236948,Lightning Charging Cable,2,14.95,2019-08-12 00:44:00,134 Highland St, San Francisco, CA 94016
236949,Bose SoundSport Headphones,1,99.99,2019-08-28 18:58:00,168 Jefferson St, San Francisco, CA 94016
236950,Bose SoundSport Headphones,1,99.99,2019-08-27 15:50:00,146 Hill St, San Francisco, CA 94016
236951,27in FHD Monitor,1,149.99,2019-08-12 22:15:00,714 8th St, Los Angeles, CA 90001
236952,iPhone,1,700.0,2019-08-01 16:01:00,386 7th St, Boston, MA 02215
236953,Apple Airpods Headphones,1,150.0,2019-08-02 16:40:00,571 Cedar St, San Francisco, CA 94016
236954,AA Batteries (4-pack),2,3.84,2019-08-08 16:28:00,255 Washington St, San Francisco, CA 94016
236955,34in Ultrawide Monitor,1,379.99,2019-08-03 13:15:00,833 River St, Los Angeles, CA 90001
236956,USB-C Charging Cable,1,11.95,2019-08-26 15:10:00,260 14th St, Los Angeles, CA 90001
236957,Apple Airpods Headphones,1,150.0,2019-08-10 15:46:00,496 Lincoln St, San Francisco, CA 94016
236958,Lightning Charging Cable,1,14.95,2019-08-23 07:05:00,758 Elm St, Los Angeles, CA 90001
236959,27in FHD Monitor,1,149.99,2019-08-21 18:33:00,927 Park St, San Francisco, CA 94016
236960,Lightning Charging Cable,1,14.95,2019-08-12 12:06:00,937 11th St, Los Angeles, CA 90001
236961,27in 4K Gaming Monitor,1,389.99,2019-08-25 12:13:00,615 Meadow St, Portland, OR 97035
236962,20in Monitor,1,109.99,2019-08-08 19:54:00,296 14th St, Seattle, WA 98101
236963,Bose SoundSport Headphones,1,99.99,2019-08-31 10:21:00,166 Dogwood St, Los Angeles, CA 90001
236964,Flatscreen TV,1,300.0,2019-08-05 18:23:00,960 Spruce St, Austin, TX 73301
236965,AA Batteries (4-pack),1,3.84,2019-08-31 09:45:00,278 Cherry St, Los Angeles, CA 90001
236966,Wired Headphones,1,11.99,2019-08-12 12:01:00,594 Sunset St, Portland, ME 04101
236967,AA Batteries (4-pack),2,3.84,2019-08-05 13:23:00,133 Highland St, Los Angeles, CA 90001
236968,Apple Airpods Headphones,1,150.0,2019-08-10 10:48:00,765 Center St, Los Angeles, CA 90001
236969,Lightning Charging Cable,1,14.95,2019-08-15 18:11:00,852 11th St, Seattle, WA 98101
236970,AAA Batteries (4-pack),1,2.99,2019-08-15 20:34:00,749 Walnut St, Seattle, WA 98101
236971,27in FHD Monitor,1,149.99,2019-08-07 17:57:00,311 Elm St, Seattle, WA 98101
236972,AAA Batteries (4-pack),2,2.99,2019-08-05 21:01:00,14 Washington St, Los Angeles, CA 90001
236973,Vareebadd Phone,1,400.0,2019-08-08 12:03:00,845 West St, Austin, TX 73301
295665,Macbook Pro Laptop,1,1700.0,2019-12-30 00:01:00,136 Church St, New York City, NY 10001
295666,LG Washing Machine,1,600.0,2019-12-29 07:03:00,562 2nd St, New York City, NY 10001
295667,USB-C Charging Cable,1,11.95,2019-12-12 18:21:00,277 Main St, New York City, NY 10001
295668,27in FHD Monitor,1,149.99,2019-12-22 15:13:00,410 6th St, San Francisco, CA 94016
295669,USB-C Charging Cable,1,11.95,2019-12-18 12:38:00,43 Hill St, Atlanta, GA 30301
295670,AA Batteries (4-pack),1,3.84,2019-12-31 22:58:00,200 Jefferson St, New York City, NY 10001
295671,USB-C Charging Cable,1,11.95,2019-12-16 15:10:00,928 12th St, Portland, OR 97035
295672,USB-C Charging Cable,2,11.95,2019-12-13 09:29:00,813 Hickory St, Dallas, TX 75001
295673,Bose SoundSport Headphones,1,99.99,2019-12-15 23:26:00,718 Wilson St, Dallas, TX 75001
295674,AAA Batteries (4-pack),4,2.99,2019-12-28 11:51:00,77 7th St, Dallas, TX 75001
295675,USB-C Charging Cable,2,11.95,2019-12-13 13:52:00,594 1st St, San Francisco, CA 94016
295676,ThinkPad Laptop,1,999.99,2019-12-28 17:19:00,410 Lincoln St, Los Angeles, CA 90001
295677,AA Batteries (4-pack),2,3.84,2019-12-20 19:19:00,866 Pine St, Boston, MA 02215
295678,AAA Batteries (4-pack),2,2.99,2019-12-06 09:38:00,187 Lincoln St, Dallas, TX 75001
295679,USB-C Charging Cable,1,11.95,2019-12-25 09:39:00,902 2nd St, Dallas, TX 75001
295680,Lightning Charging Cable,1,14.95,2019-12-01 14:30:00,338 Main St, Austin, TX 73301
295681,Google Phone,1,600.0,2019-12-25 12:37:00,79 Elm St, Boston, MA 02215
295681,USB-C Charging Cable,1,11.95,2019-12-25 12:37:00,79 Elm St, Boston, MA 02215
295681,Bose SoundSport Headphones,1,99.99,2019-12-25 12:37:00,79 Elm St, Boston, MA 02215
295681,Wired Headphones,1,11.99,2019-12-25 12:37:00,79 Elm St, Boston, MA 02215
295682,USB-C Charging Cable,1,11.95,2019-12-23 19:25:00,780 Elm St, Portland, OR 97035
295683,Wired Headphones,1,11.99,2019-12-23 22:46:00,341 Lake St, San Francisco, CA 94016
295684,AAA Batteries (4-pack),4,2.99,2019-12-04 12:29:00,936 Church St, San Francisco, CA 94016
295685,Wired Headphones,1,11.99,2019-12-11 22:54:00,662 Ridge St, San Francisco, CA 94016
295686,USB-C Charging Cable,1,11.95,2019-12-17 16:10:00,573 Maple St, Portland, ME 04101
295687,Apple Airpods Headphones,1,150.0,2019-12-10 00:38:00,531 Ridge St, Boston, MA 02215
295688,Apple Airpods Headphones,1,150.0,2019-12-08 11:21:00,546 Park St, Los Angeles, CA 90001
295689,LG Washing Machine,1,600.0,2019-12-24 11:21:00,173 Lake St, San Francisco, CA 94016
295690,Apple Airpods Headphones,1,150.0,2019-12-04 00:44:00,174 Cedar St, Seattle, WA 98101
295691,Bose SoundSport Headphones,1,99.99,2019-12-22 18:34:00,102 Johnson St, Los Angeles, CA 90001
295692,AA Batteries (4-pack),2,3.84,2019-12-14 01:21:00,640 Cherry St, Los Angeles, CA 90001
295693,Wired Headphones,1,11.99,2019-12-16 16:40:00,856 12th St, Atlanta, GA 30301
295694,Lightning Charging Cable,1,14.95,2019-12-26 18:18:00,310 Pine St, Dallas, TX 75001
295695,Lightning Charging Cable,1,14.95,2019-12-14 06:09:00,903 Lincoln St, Boston, MA 02215
295696,Lightning Charging Cable,1,14.95,2019-12-23 13:09:00,252 Hickory St, San Francisco, CA 94016
295697,ThinkPad Laptop,1,999.99,2019-12-15 07:38:00,742 River St, San Francisco, CA 94016
295698,Vareebadd Phone,1,400.0,2019-12-13 14:32:00,175 1st St, New York City, NY 10001
295698,USB-C Charging Cable,2,11.95,2019-12-13 14:32:00,175 1st St, New York City, NY 10001
295699,AA Batteries (4-pack),1,3.84,2019-12-17 18:32:00,162 Maple St, Seattle, WA 98101
295700,Bose SoundSport Headphones,1,99.99,2019-12-25 19:02:00,363 Hickory St, New York City, NY 10001
295701,Bose SoundSport Headphones,1,99.99,2019-12-28 15:05:00,751 North St, San Francisco, CA 94016
295702,Wired Headphones,2,11.99,2019-12-21 18:50:00,628 River St, Austin, TX 73301
295703,AA Batteries (4-pack),1,3.84,2019-12-17 12:27:00,502 Jefferson St, Austin, TX 73301
295703,Bose SoundSport Headphones,1,99.99,2019-12-17 12:27:00,502 Jefferson St, Austin, TX 73301
295704,Wired Headphones,1,11.99,2019-12-12 00:20:00,457 8th St, New York City, NY 10001
295705,Wired Headphones,1,11.99,2019-12-25 10:41:00,133 Jackson St, New York City, NY 10001
295706,AAA Batteries (4-pack),3,2.99,2019-12-12 20:08:00,599 Hill St, Los Angeles, CA 90001
295707,Lightning Charging Cable,1,14.95,2019-12-07 11:01:00,547 Ridge St, San Francisco, CA 94016
295708,27in FHD Monitor,1,149.99,2019-12-13 14:55:00,846 9th St, Boston, MA 02215
295709,Bose SoundSport Headphones,1,99.99,2019-12-25 16:38:00,662 6th St, San Francisco, CA 94016
295710,AAA Batteries (4-pack),1,2.99,2019-12-26 19:09:00,729 Pine St, Atlanta, GA 30301
295711,AAA Batteries (4-pack),2,2.99,2019-12-04 13:43:00,489 Johnson St, San Francisco, CA 94016
295712,Macbook Pro Laptop,1,1700.0,2019-12-10 20:02:00,331 Madison St, New York City, NY 10001
295713,Bose SoundSport Headphones,1,99.99,2019-12-24 07:55:00,490 Spruce St, New York City, NY 10001
295714,iPhone,1,700.0,2019-12-31 07:39:00,826 Hickory St, Los Angeles, CA 90001
295715,USB-C Charging Cable,2,11.95,2019-12-17 18:20:00,169 Maple St, Seattle, WA 98101
295716,20in Monitor,1,109.99,2019-12-03 23:28:00,593 9th St, Los Angeles, CA 90001
295717,Macbook Pro Laptop,1,1700.0,2019-12-25 09:51:00,82 10th St, San Francisco, CA 94016
295718,Lightning Charging Cable,1,14.95,2019-12-27 17:25:00,785 Chestnut St, San Francisco, CA 94016
295719,27in FHD Monitor,1,149.99,2019-12-24 18:51:00,334 2nd St, Los Angeles, CA 90001
295720,AA Batteries (4-pack),1,3.84,2019-12-17 22:52:00,298 Ridge St, New York City, NY 10001
295721,34in Ultrawide Monitor,1,379.99,2019-12-08 18:22:00,915 1st St, Seattle, WA 98101
295722,Wired Headphones,1,11.99,2019-12-08 23:46:00,380 Lake St, San Francisco, CA 94016
295723,AA Batteries (4-pack),1,3.84,2019-12-07 13:59:00,530 Walnut St, Los Angeles, CA 90001
295724,AA Batteries (4-pack),2,3.84,2019-12-03 14:19:00,570 Walnut St, Dallas, TX 75001
295725,AAA Batteries (4-pack),3,2.99,2019-12-05 15:01:00,911 River St, San Francisco, CA 94016
295726,iPhone,1,700.0,2019-12-25 14:49:00,203 Lakeview St, Boston, MA 02215
295726,Lightning Charging Cable,1,14.95,2019-12-25 14:49:00,203 Lakeview St, Boston, MA 02215
295727,Bose SoundSport Headphones,1,99.99,2019-12-14 14:03:00,5 Dogwood St, San Francisco, CA 94016
295728,27in FHD Monitor,1,149.99,2019-12-21 19:21:00,366 Washington St, New York City, NY 10001
295729,34in Ultrawide Monitor,1,379.99,2019-12-28 21:58:00,432 1st St, Dallas, TX 75001
295730,34in Ultrawide Monitor,1,379.99,2019-12-14 20:04:00,574 West St, San Francisco, CA 94016
295731,USB-C Charging Cable,1,11.95,2019-12-16 11:47:00,33 9th St, San Francisco, CA 94016
295732,Apple Airpods Headphones,1,150.0,2019-12-29 18:44:00,860 Washington St, Boston, MA 02215
295733,27in FHD Monitor,1,149.99,2019-12-20 11:31:00,228 5th St, Boston, MA 02215
295734,AAA Batteries (4-pack),1,2.99,2019-12-25 12:38:00,453 Jackson St, Portland, OR 97035
295735,iPhone,1,700.0,2019-12-22 18:25:00,374 Lincoln St, New York City, NY 10001
295735,Apple Airpods Headphones,1,150.0,2019-12-22 18:25:00,374 Lincoln St, New York City, NY 10001
295735,Wired Headphones,1,11.99,2019-12-22 18:25:00,374 Lincoln St, New York City, NY 10001
295736,USB-C Charging Cable,2,11.95,2019-12-27 14:26:00,523 Lincoln St, San Francisco, CA 94016
295737,iPhone,1,700.0,2019-12-19 08:51:00,966 10th St, Atlanta, GA 30301
295737,Lightning Charging Cable,1,14.95,2019-12-19 08:51:00,966 10th St, Atlanta, GA 30301
295738,AAA Batteries (4-pack),1,2.99,2019-12-20 18:19:00,829 7th St, Dallas, TX 75001
295739,USB-C Charging Cable,1,11.95,2019-12-14 21:07:00,949 Wilson St, Los Angeles, CA 90001
295740,USB-C Charging Cable,1,11.95,2019-12-01 20:36:00,102 Cedar St, New York City, NY 10001
295741,Apple Airpods Headphones,1,150.0,2019-12-02 21:39:00,829 Johnson St, Boston, MA 02215
295742,Apple Airpods Headphones,1,150.0,2019-12-09 23:45:00,368 Sunset St, New York City, NY 10001
295743,USB-C Charging Cable,1,11.95,2019-12-03 11:52:00,346 South St, New York City, NY 10001
295744,AA Batteries (4-pack),2,3.84,2019-12-19 03:54:00,579 Lake St, San Francisco, CA 94016
295745,Flatscreen TV,1,300.0,2019-12-24 10:38:00,124 Lakeview St, New York City, NY 10001
295746,27in FHD Monitor,1,149.99,2019-12-27 16:14:00,143 Adams St, New York City, NY 10001
295747,AA Batteries (4-pack),3,3.84,2019-12-10 21:50:00,11 8th St, San Francisco, CA 94016
295748,Wired Headphones,1,11.99,2019-12-07 19:39:00,45 Church St, Boston, MA 02215
295749,Wired Headphones,2,11.99,2019-12-04 05:24:00,983 Highland St, Los Angeles, CA 90001
295750,Bose SoundSport Headphones,1,99.99,2019-12-27 20:26:00,25 Lincoln St, San Francisco, CA 94016
295751,AAA Batteries (4-pack),1,2.99,2019-12-29 11:03:00,922 Hickory St, Los Angeles, CA 90001
295752,Google Phone,1,600.0,2019-12-11 12:29:00,341 Forest St, Dallas, TX 75001
295753,34in Ultrawide Monitor,1,379.99,2019-12-25 06:26:00,365 Washington St, Dallas, TX 75001
295753,Lightning Charging Cable,1,14.95,2019-12-25 06:26:00,365 Washington St, Dallas, TX 75001
295754,Lightning Charging Cable,1,14.95,2019-12-07 19:26:00,502 Cherry St, Austin, TX 73301
295755,Apple Airpods Headphones,1,150.0,2019-12-21 06:52:00,32 1st St, Boston, MA 02215
295756,34in Ultrawide Monitor,1,379.99,2019-12-02 22:44:00,20 Wilson St, Atlanta, GA 30301
295757,AA Batteries (4-pack),1,3.84,2019-12-05 08:59:00,819 Lake St, Portland, OR 97035
295758,Wired Headphones,1,11.99,2019-12-26 23:42:00,910 Jackson St, New York City, NY 10001
295759,Bose SoundSport Headphones,1,99.99,2019-12-25 06:53:00,15 Pine St, New York City, NY 10001
295759,Wired Headphones,1,11.99,2019-12-25 06:53:00,15 Pine St, New York City, NY 10001
295760,Bose SoundSport Headphones,1,99.99,2019-12-30 18:40:00,239 4th St, Atlanta, GA 30301
295761,Lightning Charging Cable,1,14.95,2019-12-31 17:32:00,79 Chestnut St, Dallas, TX 75001
295762,iPhone,1,700.0,2019-12-04 08:16:00,342 9th St, New York City, NY 10001
295763,27in FHD Monitor,1,149.99,2019-12-18 13:15:00,594 4th St, Los Angeles, CA 90001
295764,Lightning Charging Cable,1,14.95,2019-12-01 14:44:00,734 Hill St, New York City, NY 10001
295765,Wired Headphones,1,11.99,2019-12-08 20:22:00,918 4th St, Seattle, WA 98101
295766,Lightning Charging Cable,1,14.95,2019-12-17 22:58:00,795 8th St, Seattle, WA 98101
295767,AAA Batteries (4-pack),1,2.99,2019-12-21 13:00:00,891 7th St, New York City, NY 10001
295768,AAA Batteries (4-pack),2,2.99,2019-12-22 22:36:00,98 Johnson St, New York City, NY 10001
295769,Bose SoundSport Headphones,1,99.99,2019-12-27 19:44:00,309 6th St, San Francisco, CA 94016
295770,Bose SoundSport Headphones,1,99.99,2019-12-28 10:27:00,307 South St, San Francisco, CA 94016
295771,AAA Batteries (4-pack),1,2.99,2019-12-23 12:10:00,352 Meadow St, San Francisco, CA 94016
295772,Lightning Charging Cable,1,14.95,2019-12-17 10:24:00,44 Main St, Atlanta, GA 30301
295773,Apple Airpods Headphones,1,150.0,2019-12-07 20:09:00,632 Cherry St, Los Angeles, CA 90001
295774,Bose SoundSport Headphones,1,99.99,2019-12-31 11:00:00,196 Wilson St, Los Angeles, CA 90001
295775,Google Phone,1,600.0,2019-12-04 15:02:00,439 Jefferson St, Dallas, TX 75001
295776,USB-C Charging Cable,1,11.95,2019-12-22 20:23:00,552 Hill St, Atlanta, GA 30301
295777,AAA Batteries (4-pack),1,2.99,2019-12-09 19:47:00,598 14th St, Atlanta, GA 30301
295778,AA Batteries (4-pack),1,3.84,2019-12-08 21:09:00,820 Adams St, San Francisco, CA 94016
295779,Wired Headphones,1,11.99,2019-12-25 15:40:00,201 Madison St, Los Angeles, CA 90001
295780,USB-C Charging Cable,1,11.95,2019-12-26 00:08:00,864 Hickory St, Boston, MA 02215
295781,USB-C Charging Cable,1,11.95,2019-12-08 12:32:00,413 Forest St, Boston, MA 02215
295782,34in Ultrawide Monitor,1,379.99,2019-12-19 20:06:00,544 South St, Dallas, TX 75001
295783,Vareebadd Phone,1,400.0,2019-12-06 12:41:00,87 5th St, San Francisco, CA 94016
295783,USB-C Charging Cable,1,11.95,2019-12-06 12:41:00,87 5th St, San Francisco, CA 94016
295784,USB-C Charging Cable,1,11.95,2019-12-31 13:04:00,935 Jackson St, Seattle, WA 98101
295785,Bose SoundSport Headphones,1,99.99,2019-12-09 20:35:00,801 West St, Boston, MA 02215
295786,USB-C Charging Cable,1,11.95,2019-12-24 10:27:00,859 12th St, Atlanta, GA 30301
295786,Apple Airpods Headphones,1,150.0,2019-12-24 10:27:00,859 12th St, Atlanta, GA 30301
295787,USB-C Charging Cable,1,11.95,2019-12-28 21:03:00,458 Elm St, Atlanta, GA 30301
295788,AA Batteries (4-pack),1,3.84,2019-12-28 20:30:00,885 Lincoln St, Los Angeles, CA 90001
295789,Lightning Charging Cable,1,14.95,2019-12-05 15:09:00,157 Main St, Austin, TX 73301
295790,Lightning Charging Cable,1,14.95,2019-12-05 19:20:00,420 Center St, Los Angeles, CA 90001
295791,USB-C Charging Cable,1,11.95,2019-12-14 10:22:00,286 North St, New York City, NY 10001
295792,Lightning Charging Cable,1,14.95,2019-12-20 09:46:00,5 11th St, San Francisco, CA 94016
295793,Google Phone,1,600.0,2019-12-15 11:26:00,275 Jackson St, San Francisco, CA 94016
295793,USB-C Charging Cable,1,11.95,2019-12-15 11:26:00,275 Jackson St, San Francisco, CA 94016
295794,27in 4K Gaming Monitor,1,389.99,2019-12-20 15:43:00,796 Chestnut St, Boston, MA 02215
295795,Apple Airpods Headphones,1,150.0,2019-12-08 20:01:00,177 Walnut St, Los Angeles, CA 90001
295796,Lightning Charging Cable,1,14.95,2019-12-13 21:11:00,677 Lakeview St, Seattle, WA 98101
295797,Wired Headphones,1,11.99,2019-12-16 09:23:00,163 Washington St, Portland, ME 04101
295798,Wired Headphones,1,11.99,2019-12-05 12:10:00,372 Chestnut St, Austin, TX 73301
295799,AAA Batteries (4-pack),1,2.99,2019-12-22 08:02:00,236 Elm St, Los Angeles, CA 90001
295800,AAA Batteries (4-pack),1,2.99,2019-12-29 10:07:00,140 10th St, Atlanta, GA 30301
295801,Lightning Charging Cable,1,14.95,2019-12-19 12:57:00,943 Johnson St, San Francisco, CA 94016
295802,34in Ultrawide Monitor,1,379.99,2019-12-11 19:45:00,838 Ridge St, San Francisco, CA 94016
295803,Lightning Charging Cable,1,14.95,2019-12-24 10:39:00,513 Maple St, Los Angeles, CA 90001
295804,Apple Airpods Headphones,1,150.0,2019-12-20 02:31:00,705 4th St, Los Angeles, CA 90001
295805,Wired Headphones,1,11.99,2019-12-06 14:55:00,528 Willow St, New York City, NY 10001
295806,Lightning Charging Cable,1,14.95,2019-12-01 08:16:00,323 Forest St, Dallas, TX 75001
295807,20in Monitor,1,109.99,2019-12-23 10:59:00,286 Lincoln St, Los Angeles, CA 90001
295808,AAA Batteries (4-pack),1,2.99,2019-12-21 10:45:00,961 Jackson St, San Francisco, CA 94016
295809,27in FHD Monitor,1,149.99,2019-12-28 12:33:00,602 Ridge St, San Francisco, CA 94016
295810,Lightning Charging Cable,1,14.95,2019-12-17 08:45:00,499 13th St, San Francisco, CA 94016
295811,AAA Batteries (4-pack),1,2.99,2019-12-23 11:59:00,792 7th St, New York City, NY 10001
295812,AA Batteries (4-pack),1,3.84,2019-12-23 14:58:00,359 12th St, Seattle, WA 98101
295813,Bose SoundSport Headphones,1,99.99,2019-12-11 21:07:00,901 Madison St, New York City, NY 10001
295814,AA Batteries (4-pack),3,3.84,2019-12-24 08:29:00,987 Cherry St, Los Angeles, CA 90001
295815,Lightning Charging Cable,1,14.95,2019-12-28 18:44:00,464 Willow St, Boston, MA 02215
295816,USB-C Charging Cable,1,11.95,2019-12-21 19:28:00,253 Jefferson St, Atlanta, GA 30301
295817,USB-C Charging Cable,1,11.95,2019-12-19 06:07:00,963 Washington St, Austin, TX 73301
295817,20in Monitor,1,109.99,2019-12-19 06:07:00,963 Washington St, Austin, TX 73301
295818,Wired Headphones,1,11.99,2019-12-07 16:28:00,725 Wilson St, Boston, MA 02215
295819,Lightning Charging Cable,1,14.95,2019-12-23 12:11:00,138 Highland St, Portland, OR 97035
295820,Bose SoundSport Headphones,1,99.99,2019-12-13 09:42:00,51 Highland St, San Francisco, CA 94016
295821,Bose SoundSport Headphones,1,99.99,2019-12-29 14:16:00,65 Center St, Boston, MA 02215
295822,Google Phone,1,600.0,2019-12-04 13:53:00,307 Wilson St, San Francisco, CA 94016
295822,Wired Headphones,1,11.99,2019-12-04 13:53:00,307 Wilson St, San Francisco, CA 94016
295823,iPhone,1,700.0,2019-12-10 02:12:00,852 Maple St, Austin, TX 73301
295824,Wired Headphones,1,11.99,2019-12-29 15:45:00,611 North St, New York City, NY 10001
295825,Apple Airpods Headphones,1,150.0,2019-12-17 16:13:00,189 Pine St, Atlanta, GA 30301
295826,USB-C Charging Cable,1,11.95,2019-12-07 14:18:00,765 Washington St, San Francisco, CA 94016
295827,Bose SoundSport Headphones,1,99.99,2019-12-01 18:25:00,486 4th St, Los Angeles, CA 90001
295828,USB-C Charging Cable,1,11.95,2019-12-13 18:56:00,984 Chestnut St, San Francisco, CA 94016
295829,Google Phone,1,600.0,2019-12-27 13:07:00,904 13th St, Atlanta, GA 30301
295829,USB-C Charging Cable,1,11.95,2019-12-27 13:07:00,904 13th St, Atlanta, GA 30301
295830,Bose SoundSport Headphones,1,99.99,2019-12-18 14:52:00,515 Main St, New York City, NY 10001
295831,27in 4K Gaming Monitor,1,389.99,2019-12-19 14:28:00,335 Chestnut St, Dallas, TX 75001
295832,AA Batteries (4-pack),2,3.84,2019-12-21 15:52:00,972 Sunset St, Boston, MA 02215
295833,USB-C Charging Cable,1,11.95,2019-12-28 21:48:00,673 Church St, Atlanta, GA 30301
295834,Google Phone,1,600.0,2019-12-16 19:45:00,847 Lakeview St, San Francisco, CA 94016
295835,USB-C Charging Cable,1,11.95,2019-12-24 15:34:00,892 Adams St, Austin, TX 73301
295836,Lightning Charging Cable,1,14.95,2019-12-15 17:49:00,686 Cedar St, San Francisco, CA 94016
295837,Bose SoundSport Headphones,1,99.99,2019-12-30 22:22:00,654 Highland St, Los Angeles, CA 90001
295838,34in Ultrawide Monitor,1,379.99,2019-12-14 22:57:00,321 8th St, San Francisco, CA 94016
295839,Apple Airpods Headphones,1,150.0,2019-12-23 12:28:00,340 Lakeview St, Seattle, WA 98101
295840,27in 4K Gaming Monitor,1,389.99,2019-12-07 22:52:00,442 10th St, Los Angeles, CA 90001
295841,Wired Headphones,1,11.99,2019-12-01 15:29:00,610 Madison St, Atlanta, GA 30301
295842,Apple Airpods Headphones,1,150.0,2019-12-03 12:44:00,50 5th St, Los Angeles, CA 90001
295843,Bose SoundSport Headphones,1,99.99,2019-12-19 14:02:00,700 West St, San Francisco, CA 94016
295844,AA Batteries (4-pack),1,3.84,2019-12-31 17:51:00,663 12th St, Atlanta, GA 30301
295845,Lightning Charging Cable,1,14.95,2019-12-20 09:53:00,955 Sunset St, San Francisco, CA 94016
295846,Flatscreen TV,1,300.0,2019-12-27 19:22:00,453 Johnson St, Atlanta, GA 30301
295847,34in Ultrawide Monitor,1,379.99,2019-12-13 15:56:00,40 Madison St, Dallas, TX 75001
295848,Lightning Charging Cable,1,14.95,2019-12-23 19:25:00,675 Chestnut St, San Francisco, CA 94016
295849,Wired Headphones,2,11.99,2019-12-24 14:42:00,121 2nd St, New York City, NY 10001
295850,USB-C Charging Cable,1,11.95,2019-12-29 15:54:00,480 1st St, Los Angeles, CA 90001
295851,iPhone,1,700.0,2019-12-11 17:08:00,197 2nd St, Boston, MA 02215
295852,ThinkPad Laptop,1,999.99,2019-12-24 20:52:00,639 Sunset St, Los Angeles, CA 90001
295853,Wired Headphones,1,11.99,2019-12-05 16:54:00,982 Cedar St, New York City, NY 10001
295854,iPhone,1,700.0,2019-12-29 10:35:00,183 Hickory St, Austin, TX 73301
295855,20in Monitor,1,109.99,2019-12-12 17:43:00,584 9th St, Boston, MA 02215
295856,USB-C Charging Cable,1,11.95,2019-12-24 10:37:00,214 7th St, Boston, MA 02215
295857,USB-C Charging Cable,1,11.95,2019-12-30 21:42:00,984 Jefferson St, Portland, OR 97035
295858,AAA Batteries (4-pack),1,2.99,2019-12-08 00:13:00,218 7th St, Dallas, TX 75001
295859,USB-C Charging Cable,1,11.95,2019-12-29 10:53:00,588 Washington St, Los Angeles, CA 90001
295860,USB-C Charging Cable,1,11.95,2019-12-05 15:17:00,227 Cherry St, New York City, NY 10001
295861,Lightning Charging Cable,1,14.95,2019-12-01 12:59:00,510 Sunset St, New York City, NY 10001
295862,AAA Batteries (4-pack),1,2.99,2019-12-03 14:22:00,654 12th St, Portland, ME 04101
295863,AA Batteries (4-pack),1,3.84,2019-12-12 11:14:00,736 Ridge St, Atlanta, GA 30301
295864,27in 4K Gaming Monitor,1,389.99,2019-12-20 20:02:00,434 4th St, Austin, TX 73301
295865,Bose SoundSport Headphones,1,99.99,2019-12-03 15:18:00,92 2nd St, Los Angeles, CA 90001
295866,Wired Headphones,1,11.99,2019-12-06 13:57:00,281 West St, Los Angeles, CA 90001
295867,Wired Headphones,1,11.99,2019-12-27 21:16:00,943 Cedar St, San Francisco, CA 94016
295868,USB-C Charging Cable,1,11.95,2019-12-28 20:55:00,547 12th St, Boston, MA 02215
295869,Lightning Charging Cable,1,14.95,2019-12-16 18:46:00,4 Main St, Los Angeles, CA 90001
295870,Lightning Charging Cable,1,14.95,2019-12-09 17:01:00,955 13th St, San Francisco, CA 94016
295871,Macbook Pro Laptop,1,1700.0,2019-12-28 11:19:00,661 Park St, Dallas, TX 75001
295872,34in Ultrawide Monitor,1,379.99,2019-12-14 10:49:00,845 Forest St, Los Angeles, CA 90001
295873,Google Phone,1,600.0,2019-12-17 11:50:00,919 Chestnut St, New York City, NY 10001
295874,Wired Headphones,1,11.99,2019-12-15 08:31:00,78 Sunset St, San Francisco, CA 94016
295875,Lightning Charging Cable,1,14.95,2019-12-11 16:54:00,898 Jefferson St, Los Angeles, CA 90001
295876,AA Batteries (4-pack),1,3.84,2019-12-08 19:00:00,646 12th St, Atlanta, GA 30301
295877,27in FHD Monitor,1,149.99,2019-12-31 15:27:00,721 1st St, Los Angeles, CA 90001
295878,USB-C Charging Cable,1,11.95,2019-12-14 20:05:00,294 10th St, Los Angeles, CA 90001
295879,34in Ultrawide Monitor,1,379.99,2019-12-24 11:54:00,893 Park St, Boston, MA 02215
295880,AA Batteries (4-pack),1,3.84,2019-12-13 17:38:00,900 Madison St, San Francisco, CA 94016
295881,USB-C Charging Cable,1,11.95,2019-12-02 18:36:00,316 River St, San Francisco, CA 94016
295882,Wired Headphones,1,11.99,2019-12-20 18:14:00,301 Jackson St, Austin, TX 73301
295883,27in 4K Gaming Monitor,1,389.99,2019-12-26 08:48:00,305 North St, New York City, NY 10001
295884,AAA Batteries (4-pack),1,2.99,2019-12-28 18:49:00,198 Walnut St, San Francisco, CA 94016
295885,iPhone,1,700.0,2019-12-20 13:47:00,223 5th St, Dallas, TX 75001
295886,Wired Headphones,1,11.99,2019-12-27 08:59:00,352 2nd St, Los Angeles, CA 90001
295887,Wired Headphones,1,11.99,2019-12-24 18:37:00,827 Lake St, Seattle, WA 98101
295888,Lightning Charging Cable,1,14.95,2019-12-31 14:42:00,628 Church St, Los Angeles, CA 90001
295889,USB-C Charging Cable,1,11.95,2019-12-24 17:56:00,300 Cherry St, New York City, NY 10001
295890,ThinkPad Laptop,1,999.99,2019-12-05 11:59:00,254 Elm St, San Francisco, CA 94016
295891,27in 4K Gaming Monitor,1,389.99,2019-12-05 13:02:00,854 North St, Atlanta, GA 30301
295892,USB-C Charging Cable,1,11.95,2019-12-28 13:31:00,534 Walnut St, Portland, OR 97035
295893,AAA Batteries (4-pack),1,2.99,2019-12-25 23:02:00,517 13th St, San Francisco, CA 94016
295894,27in FHD Monitor,1,149.99,2019-12-26 13:24:00,9 Center St, Los Angeles, CA 90001
295895,AAA Batteries (4-pack),1,2.99,2019-12-29 00:18:00,539 Forest St, San Francisco, CA 94016
295896,Flatscreen TV,1,300.0,2019-12-24 18:21:00,929 Dogwood St, Los Angeles, CA 90001
295897,27in FHD Monitor,1,149.99,2019-12-08 11:55:00,478 13th St, Portland, OR 97035
295898,AA Batteries (4-pack),1,3.84,2019-12-21 11:28:00,375 Spruce St, San Francisco, CA 94016
295899,USB-C Charging Cable,1,11.95,2019-12-13 16:44:00,722 Spruce St, Seattle, WA 98101
295900,AA Batteries (4-pack),1,3.84,2019-12-27 18:56:00,283 Washington St, Boston, MA 02215
295901,20in Monitor,1,109.99,2019-12-05 20:02:00,67 12th St, San Francisco, CA 94016
295902,AA Batteries (4-pack),2,3.84,2019-12-26 21:54:00,160 Maple St, Austin, TX 73301
295903,AA Batteries (4-pack),1,3.84,2019-12-21 13:40:00,337 12th St, Dallas, TX 75001
295904,Wired Headphones,1,11.99,2019-12-19 17:30:00,647 Wilson St, Atlanta, GA 30301
295905,AA Batteries (4-pack),2,3.84,2019-12-06 23:48:00,345 Walnut St, Los Angeles, CA 90001
295906,27in FHD Monitor,1,149.99,2019-12-11 20:55:00,773 7th St, Atlanta, GA 30301
295907,AA Batteries (4-pack),2,3.84,2019-12-18 08:43:00,672 Dogwood St, Austin, TX 73301
295908,20in Monitor,1,109.99,2019-12-17 10:28:00,342 Adams St, New York City, NY 10001
295909,AA Batteries (4-pack),1,3.84,2019-12-27 17:29:00,360 Wilson St, Boston, MA 02215
295910,Lightning Charging Cable,1,14.95,2019-12-27 22:46:00,6 Wilson St, Seattle, WA 98101
150502,iPhone,1,700.0,2019-02-18 01:35:00,866 Spruce St, Portland, ME 04101
150503,AA Batteries (4-pack),1,3.84,2019-02-13 07:24:00,18 13th St, San Francisco, CA 94016
150504,27in 4K Gaming Monitor,1,389.99,2019-02-18 09:46:00,52 6th St, New York City, NY 10001
150505,Lightning Charging Cable,1,14.95,2019-02-02 16:47:00,129 Cherry St, Atlanta, GA 30301
150506,AA Batteries (4-pack),2,3.84,2019-02-28 20:32:00,548 Lincoln St, Seattle, WA 98101
150507,Lightning Charging Cable,1,14.95,2019-02-24 18:50:00,387 12th St, Austin, TX 73301
150508,AA Batteries (4-pack),1,3.84,2019-02-21 19:26:00,622 Center St, San Francisco, CA 94016
150509,Apple Airpods Headphones,1,150.0,2019-02-26 19:53:00,921 6th St, Seattle, WA 98101
150510,USB-C Charging Cable,1,11.95,2019-02-17 21:48:00,451 2nd St, Los Angeles, CA 90001
150511,USB-C Charging Cable,1,11.95,2019-02-22 07:36:00,689 River St, San Francisco, CA 94016
150512,Bose SoundSport Headphones,1,99.99,2019-02-17 18:29:00,198 Center St, Los Angeles, CA 90001
150513,Bose SoundSport Headphones,1,99.99,2019-02-25 20:49:00,777 Spruce St, Los Angeles, CA 90001
150514,27in FHD Monitor,1,149.99,2019-02-03 00:21:00,723 Wilson St, Los Angeles, CA 90001
150515,Apple Airpods Headphones,1,150.0,2019-02-18 14:53:00,101 13th St, New York City, NY 10001
150516,Lightning Charging Cable,1,14.95,2019-02-20 12:29:00,303 Sunset St, Atlanta, GA 30301
150517,Wired Headphones,1,11.99,2019-02-08 12:57:00,471 13th St, San Francisco, CA 94016
150518,Macbook Pro Laptop,1,1700.0,2019-02-26 12:38:00,847 10th St, San Francisco, CA 94016
150518,iPhone,1,700.0,2019-02-26 12:38:00,847 10th St, San Francisco, CA 94016
150519,Wired Headphones,1,11.99,2019-02-23 13:25:00,111 Hill St, Dallas, TX 75001
150520,AA Batteries (4-pack),2,3.84,2019-02-27 14:39:00,512 Church St, Dallas, TX 75001
150521,Flatscreen TV,1,300.0,2019-02-27 20:07:00,588 1st St, Los Angeles, CA 90001
150522,20in Monitor,1,109.99,2019-02-12 00:00:00,633 Cherry St, Boston, MA 02215
150523,LG Dryer,1,600.0,2019-02-27 20:24:00,452 8th St, San Francisco, CA 94016
150524,Wired Headphones,1,11.99,2019-02-28 13:47:00,311 8th St, Austin, TX 73301
150525,20in Monitor,1,109.99,2019-02-25 09:38:00,874 Jefferson St, San Francisco, CA 94016
150526,AAA Batteries (4-pack),1,2.99,2019-02-15 11:31:00,85 Park St, Boston, MA 02215
150527,USB-C Charging Cable,1,11.95,2019-02-07 14:33:00,165 Jefferson St, Los Angeles, CA 90001
150528,AAA Batteries (4-pack),2,2.99,2019-02-26 23:17:00,426 Lake St, Los Angeles, CA 90001
150529,AA Batteries (4-pack),4,3.84,2019-02-11 13:10:00,116 Elm St, Seattle, WA 98101
150530,ThinkPad Laptop,1,999.99,2019-02-05 14:19:00,752 Park St, Los Angeles, CA 90001
150531,USB-C Charging Cable,1,11.95,2019-02-28 18:16:00,457 Maple St, Los Angeles, CA 90001
150532,USB-C Charging Cable,1,11.95,2019-02-04 22:57:00,645 Walnut St, San Francisco, CA 94016
150533,AAA Batteries (4-pack),1,2.99,2019-03-01 03:06:00,270 Dogwood St, San Francisco, CA 94016
150534,AAA Batteries (4-pack),2,2.99,2019-02-12 22:02:00,246 9th St, Los Angeles, CA 90001
150535,AAA Batteries (4-pack),1,2.99,2019-02-21 11:46:00,961 2nd St, San Francisco, CA 94016
150536,Wired Headphones,1,11.99,2019-02-13 22:43:00,134 8th St, Los Angeles, CA 90001
150537,Wired Headphones,1,11.99,2019-02-23 13:31:00,437 12th St, San Francisco, CA 94016
150538,Apple Airpods Headphones,1,150.0,2019-02-22 17:28:00,553 12th St, Atlanta, GA 30301
150539,AA Batteries (4-pack),2,3.84,2019-02-18 16:46:00,103 14th St, San Francisco, CA 94016
150540,Apple Airpods Headphones,1,150.0,2019-02-18 15:23:00,218 Ridge St, Atlanta, GA 30301
150541,AAA Batteries (4-pack),1,2.99,2019-03-01 01:03:00,683 Adams St, Portland, OR 97035
150542,AA Batteries (4-pack),1,3.84,2019-02-02 19:46:00,517 10th St, Austin, TX 73301
150543,Wired Headphones,1,11.99,2019-02-08 09:21:00,268 Sunset St, Boston, MA 02215
150544,Lightning Charging Cable,1,14.95,2019-02-10 17:19:00,723 Elm St, Los Angeles, CA 90001
150545,Macbook Pro Laptop,1,1700.0,2019-02-25 20:35:00,905 Meadow St, Atlanta, GA 30301
150546,AAA Batteries (4-pack),1,2.99,2019-02-07 14:01:00,43 1st St, Atlanta, GA 30301
150547,AAA Batteries (4-pack),1,2.99,2019-02-06 17:51:00,511 Washington St, San Francisco, CA 94016
150548,Macbook Pro Laptop,1,1700.0,2019-02-18 22:56:00,750 Forest St, Boston, MA 02215
150549,iPhone,1,700.0,2019-02-05 20:33:00,522 West St, Boston, MA 02215
150550,ThinkPad Laptop,1,999.99,2019-02-17 14:45:00,261 Washington St, Los Angeles, CA 90001
150551,27in 4K Gaming Monitor,1,389.99,2019-02-02 08:25:00,726 West St, Seattle, WA 98101
150552,Wired Headphones,1,11.99,2019-02-21 19:06:00,954 13th St, Boston, MA 02215
150553,34in Ultrawide Monitor,1,379.99,2019-02-20 21:42:00,700 1st St, Dallas, TX 75001
150554,AA Batteries (4-pack),1,3.84,2019-02-12 06:49:00,33 Johnson St, New York City, NY 10001
150555,27in FHD Monitor,1,149.99,2019-02-18 11:27:00,714 Adams St, Portland, OR 97035
150556,Lightning Charging Cable,1,14.95,2019-02-10 13:25:00,419 Hill St, Los Angeles, CA 90001
150557,AA Batteries (4-pack),2,3.84,2019-02-22 21:41:00,372 5th St, Seattle, WA 98101
150558,Wired Headphones,1,11.99,2019-02-04 16:09:00,864 Hickory St, Boston, MA 02215
150559,Apple Airpods Headphones,1,150.0,2019-02-07 23:41:00,506 Willow St, Boston, MA 02215
150560,Apple Airpods Headphones,1,150.0,2019-02-05 14:29:00,178 14th St, San Francisco, CA 94016
150561,Wired Headphones,1,11.99,2019-02-22 17:55:00,888 Jefferson St, New York City, NY 10001
150562,27in 4K Gaming Monitor,1,389.99,2019-02-16 20:07:00,663 1st St, Atlanta, GA 30301
150563,iPhone,1,700.0,2019-02-20 02:09:00,631 Pine St, San Francisco, CA 94016
150564,USB-C Charging Cable,1,11.95,2019-02-28 13:55:00,579 9th St, Atlanta, GA 30301
150565,Wired Headphones,1,11.99,2019-02-24 19:08:00,406 Lincoln St, Seattle, WA 98101
150566,27in FHD Monitor,1,149.99,2019-02-21 18:30:00,230 Pine St, Los Angeles, CA 90001
150567,Apple Airpods Headphones,1,150.0,2019-02-26 16:12:00,466 South St, Dallas, TX 75001
150568,Wired Headphones,1,11.99,2019-02-15 22:49:00,651 Johnson St, New York City, NY 10001
150569,AA Batteries (4-pack),3,3.84,2019-02-04 13:11:00,981 Lake St, Seattle, WA 98101
150570,Wired Headphones,1,11.99,2019-02-18 18:12:00,786 Meadow St, San Francisco, CA 94016
150571,Lightning Charging Cable,1,14.95,2019-02-23 22:41:00,571 Hickory St, San Francisco, CA 94016
150572,27in FHD Monitor,1,149.99,2019-02-06 07:38:00,523 Spruce St, Atlanta, GA 30301
150573,Apple Airpods Headphones,1,150.0,2019-02-25 11:32:00,455 Highland St, Los Angeles, CA 90001
150574,Lightning Charging Cable,1,14.95,2019-02-17 19:51:00,25 7th St, Portland, OR 97035
150575,AA Batteries (4-pack),1,3.84,2019-02-10 11:44:00,776 Elm St, Los Angeles, CA 90001
141234,iPhone,1,700.0,2019-01-22 21:25:00,944 Walnut St, Boston, MA 02215
141235,Lightning Charging Cable,1,14.95,2019-01-28 14:15:00,185 Maple St, Portland, OR 97035
141236,Wired Headphones,2,11.99,2019-01-17 13:33:00,538 Adams St, San Francisco, CA 94016
141237,27in FHD Monitor,1,149.99,2019-01-05 20:33:00,738 10th St, Los Angeles, CA 90001
141238,Wired Headphones,1,11.99,2019-01-25 11:59:00,387 10th St, Austin, TX 73301
141239,AAA Batteries (4-pack),1,2.99,2019-01-29 20:22:00,775 Willow St, San Francisco, CA 94016
141240,27in 4K Gaming Monitor,1,389.99,2019-01-26 12:16:00,979 Park St, Los Angeles, CA 90001
141241,USB-C Charging Cable,1,11.95,2019-01-05 12:04:00,181 6th St, San Francisco, CA 94016
141242,Bose SoundSport Headphones,1,99.99,2019-01-01 10:30:00,867 Willow St, Los Angeles, CA 90001
141243,Apple Airpods Headphones,1,150.0,2019-01-22 21:20:00,657 Johnson St, San Francisco, CA 94016
141244,Apple Airpods Headphones,1,150.0,2019-01-07 11:29:00,492 Walnut St, San Francisco, CA 94016
141245,Macbook Pro Laptop,1,1700.0,2019-01-31 10:12:00,322 6th St, San Francisco, CA 94016
141246,AAA Batteries (4-pack),3,2.99,2019-01-09 18:57:00,618 7th St, Los Angeles, CA 90001
141247,27in FHD Monitor,1,149.99,2019-01-25 19:19:00,512 Wilson St, San Francisco, CA 94016
141248,Flatscreen TV,1,300.0,2019-01-03 21:54:00,363 Spruce St, Austin, TX 73301
141249,27in FHD Monitor,1,149.99,2019-01-05 17:20:00,440 Cedar St, Portland, OR 97035
141250,Vareebadd Phone,1,400.0,2019-01-10 11:20:00,471 Center St, Los Angeles, CA 90001
141251,Apple Airpods Headphones,1,150.0,2019-01-24 08:13:00,414 Walnut St, Boston, MA 02215
141252,USB-C Charging Cable,1,11.95,2019-01-30 09:28:00,220 9th St, Los Angeles, CA 90001
141253,AA Batteries (4-pack),1,3.84,2019-01-17 00:09:00,385 11th St, Atlanta, GA 30301
141254,AAA Batteries (4-pack),1,2.99,2019-01-08 11:51:00,238 Sunset St, Seattle, WA 98101
141255,USB-C Charging Cable,1,11.95,2019-01-09 20:55:00,764 11th St, Los Angeles, CA 90001
141256,Google Phone,1,600.0,2019-01-29 10:40:00,675 Washington St, Portland, OR 97035
141257,Apple Airpods Headphones,1,150.0,2019-01-12 18:51:00,338 Highland St, San Francisco, CA 94016
141258,AA Batteries (4-pack),1,3.84,2019-01-19 21:47:00,820 1st St, San Francisco, CA 94016
141259,AAA Batteries (4-pack),2,2.99,2019-01-20 17:26:00,920 Adams St, San Francisco, CA 94016
141260,AAA Batteries (4-pack),1,2.99,2019-01-01 22:00:00,293 Hill St, San Francisco, CA 94016
141261,USB-C Charging Cable,1,11.95,2019-01-09 18:14:00,840 Lincoln St, Atlanta, GA 30301
141262,AAA Batteries (4-pack),1,2.99,2019-01-16 12:35:00,291 Lincoln St, San Francisco, CA 94016
141263,Bose SoundSport Headphones,1,99.99,2019-01-11 23:33:00,640 Spruce St, Boston, MA 02215
141264,Apple Airpods Headphones,1,150.0,2019-01-03 09:46:00,937 Highland St, New York City, NY 10001
141265,Apple Airpods Headphones,1,150.0,2019-01-01 16:52:00,853 Ridge St, Boston, MA 02215
141266,27in 4K Gaming Monitor,1,389.99,2019-01-02 22:21:00,834 4th St, Dallas, TX 75001
141267,Apple Airpods Headphones,1,150.0,2019-01-09 08:28:00,649 Sunset St, Los Angeles, CA 90001
141268,AA Batteries (4-pack),1,3.84,2019-01-14 10:13:00,611 Elm St, New York City, NY 10001
141269,27in 4K Gaming Monitor,1,389.99,2019-01-03 20:05:00,812 Jefferson St, Los Angeles, CA 90001
141270,Wired Headphones,1,11.99,2019-01-27 23:10:00,469 Hill St, San Francisco, CA 94016
141271,USB-C Charging Cable,1,11.95,2019-01-30 10:51:00,90 13th St, Boston, MA 02215
141272,AAA Batteries (4-pack),1,2.99,2019-01-12 13:09:00,818 Lincoln St, New York City, NY 10001
141273,Wired Headphones,2,11.99,2019-01-29 12:04:00,994 13th St, Boston, MA 02215
141274,USB-C Charging Cable,1,11.95,2019-01-17 11:30:00,8 Jackson St, Los Angeles, CA 90001
141275,USB-C Charging Cable,1,11.95,2019-01-07 16:06:00,610 Walnut St, Austin, TX 73301
141275,Wired Headphones,1,11.99,2019-01-07 16:06:00,610 Walnut St, Austin, TX 73301
141276,Lightning Charging Cable,1,14.95,2019-01-21 22:23:00,63 Cherry St, Los Angeles, CA 90001
141277,Bose SoundSport Headphones,1,99.99,2019-01-13 19:07:00,370 Lakeview St, Austin, TX 73301
141278,Lightning Charging Cable,1,14.95,2019-01-26 12:14:00,100 Cherry St, New York City, NY 10001
141279,Lightning Charging Cable,1,14.95,2019-01-03 19:10:00,938 14th St, Boston, MA 02215
141280,AAA Batteries (4-pack),1,2.99,2019-01-20 16:10:00,530 7th St, Los Angeles, CA 90001
141281,Lightning Charging Cable,1,14.95,2019-01-05 16:51:00,274 2nd St, Atlanta, GA 30301
141282,Vareebadd Phone,1,400.0,2019-01-11 18:10:00,125 Center St, New York City, NY 10001
141283,Flatscreen TV,1,300.0,2019-01-02 16:16:00,68 Hickory St, Seattle, WA 98101
141284,Wired Headphones,1,11.99,2019-01-29 18:30:00,462 1st St, Los Angeles, CA 90001
141285,AAA Batteries (4-pack),3,2.99,2019-01-14 14:13:00,447 Cedar St, Seattle, WA 98101
141286,27in 4K Gaming Monitor,1,389.99,2019-01-02 20:33:00,505 Hickory St, Dallas, TX 75001
141287,Bose SoundSport Headphones,1,99.99,2019-01-31 08:38:00,386 Elm St, San Francisco, CA 94016
141288,Macbook Pro Laptop,1,1700.0,2019-01-19 08:17:00,789 Washington St, Los Angeles, CA 90001
141289,20in Monitor,1,109.99,2019-01-28 11:17:00,534 Elm St, Atlanta, GA 30301
141290,Apple Airpods Headphones,1,150.0,2019-01-02 08:25:00,4 1st St, Los Angeles, CA 90001
141290,AA Batteries (4-pack),3,3.84,2019-01-02 08:25:00,4 1st St, Los Angeles, CA 90001
141291,AA Batteries (4-pack),1,3.84,2019-01-26 18:11:00,632 13th St, Los Angeles, CA 90001
141292,AAA Batteries (4-pack),1,2.99,2019-01-21 08:46:00,847 Ridge St, Los Angeles, CA 90001
141293,USB-C Charging Cable,1,11.95,2019-01-18 12:21:00,880 Washington St, Boston, MA 02215
141294,Bose SoundSport Headphones,1,99.99,2019-01-25 08:12:00,907 Highland St, San Francisco, CA 94016
141295,AA Batteries (4-pack),1,3.84,2019-01-06 20:06:00,898 Lakeview St, Austin, TX 73301
141296,USB-C Charging Cable,1,11.95,2019-01-20 00:21:00,889 Cedar St, Atlanta, GA 30301
141297,Lightning Charging Cable,1,14.95,2019-01-04 11:09:00,566 Highland St, San Francisco, CA 94016
141298,Lightning Charging Cable,1,14.95,2019-01-21 13:24:00,81 10th St, Dallas, TX 75001
141299,AAA Batteries (4-pack),1,2.99,2019-01-31 23:23:00,836 Hill St, Dallas, TX 75001
141300,Apple Airpods Headphones,1,150.0,2019-01-23 10:21:00,121 Cherry St, Boston, MA 02215
141301,Apple Airpods Headphones,1,150.0,2019-01-27 11:58:00,867 Hill St, New York City, NY 10001
141302,AAA Batteries (4-pack),2,2.99,2019-01-18 20:12:00,90 14th St, Portland, OR 97035
141303,AA Batteries (4-pack),1,3.84,2019-01-19 09:23:00,313 14th St, Seattle, WA 98101
141304,USB-C Charging Cable,1,11.95,2019-01-28 13:10:00,363 Willow St, Los Angeles, CA 90001
141305,AAA Batteries (4-pack),3,2.99,2019-01-27 16:51:00,756 Wilson St, Austin, TX 73301
141306,Wired Headphones,1,11.99,2019-01-19 10:25:00,458 Forest St, San Francisco, CA 94016
141307,AAA Batteries (4-pack),1,2.99,2019-01-11 11:18:00,895 Johnson St, Boston, MA 02215
141308,27in FHD Monitor,1,149.99,2019-01-12 12:00:00,926 Cedar St, Portland, OR 97035
141309,AAA Batteries (4-pack),2,2.99,2019-01-20 07:02:00,423 Elm St, San Francisco, CA 94016
141310,AAA Batteries (4-pack),1,2.99,2019-01-07 13:32:00,679 8th St, San Francisco, CA 94016
141311,34in Ultrawide Monitor,1,379.99,2019-01-28 12:45:00,223 North St, Atlanta, GA 30301
141312,Apple Airpods Headphones,1,150.0,2019-01-08 23:20:00,741 11th St, San Francisco, CA 94016
141313,Lightning Charging Cable,1,14.95,2019-01-09 15:03:00,38 Johnson St, Los Angeles, CA 90001
141314,Macbook Pro Laptop,1,1700.0,2019-01-13 23:51:00,700 Jefferson St, New York City, NY 10001
141315,USB-C Charging Cable,1,11.95,2019-01-10 01:32:00,842 8th St, Seattle, WA 98101
141316,AAA Batteries (4-pack),3,2.99,2019-01-01 07:26:00,235 South St, Seattle, WA 98101
141317,27in FHD Monitor,1,149.99,2019-01-21 11:18:00,875 Meadow St, New York City, NY 10001
141318,Bose SoundSport Headphones,1,99.99,2019-01-09 15:21:00,789 Lakeview St, Boston, MA 02215
141319,Bose SoundSport Headphones,1,99.99,2019-01-01 10:43:00,548 Maple St, Boston, MA 02215
141320,AA Batteries (4-pack),1,3.84,2019-01-24 13:37:00,326 12th St, Los Angeles, CA 90001
141321,Bose SoundSport Headphones,1,99.99,2019-01-10 09:07:00,207 8th St, Los Angeles, CA 90001
141322,AAA Batteries (4-pack),2,2.99,2019-01-12 21:56:00,816 Lake St, Boston, MA 02215
141323,USB-C Charging Cable,1,11.95,2019-01-17 21:54:00,240 River St, New York City, NY 10001
141324,USB-C Charging Cable,1,11.95,2019-01-04 23:36:00,851 Maple St, San Francisco, CA 94016
141325,Bose SoundSport Headphones,1,99.99,2019-01-23 15:17:00,880 Lake St, Austin, TX 73301
141326,Google Phone,1,600.0,2019-01-05 13:49:00,131 Center St, San Francisco, CA 94016
141327,USB-C Charging Cable,1,11.95,2019-01-31 01:38:00,238 Washington St, Los Angeles, CA 90001
141328,ThinkPad Laptop,1,999.99,2019-01-06 23:18:00,736 5th St, Seattle, WA 98101
141329,USB-C Charging Cable,1,11.95,2019-01-01 16:01:00,122 5th St, Portland, ME 04101
141330,Wired Headphones,1,11.99,2019-01-21 13:04:00,391 5th St, Portland, OR 97035
141331,Flatscreen TV,1,300.0,2019-01-09 18:32:00,299 Park St, San Francisco, CA 94016
141332,USB-C Charging Cable,1,11.95,2019-01-19 18:52:00,207 7th St, Los Angeles, CA 90001
141333,27in FHD Monitor,1,149.99,2019-01-01 13:58:00,554 10th St, Los Angeles, CA 90001
141334,USB-C Charging Cable,1,11.95,2019-01-15 02:05:00,459 4th St, San Francisco, CA 94016
141335,AAA Batteries (4-pack),5,2.99,2019-01-12 18:16:00,174 4th St, Los Angeles, CA 90001
141336,iPhone,1,700.0,2019-01-09 18:23:00,811 Hickory St, Portland, OR 97035
141337,Bose SoundSport Headphones,1,99.99,2019-01-09 09:22:00,947 Church St, San Francisco, CA 94016
141338,AAA Batteries (4-pack),1,2.99,2019-01-29 16:19:00,542 4th St, Dallas, TX 75001
141339,AAA Batteries (4-pack),1,2.99,2019-01-28 12:52:00,539 Lakeview St, Dallas, TX 75001
141340,Lightning Charging Cable,1,14.95,2019-01-27 14:30:00,710 Johnson St, Boston, MA 02215
141341,LG Dryer,1,600.0,2019-01-13 10:09:00,844 Walnut St, Austin, TX 73301
141342,Wired Headphones,1,11.99,2019-01-26 21:13:00,119 9th St, Seattle, WA 98101
141343,Bose SoundSport Headphones,1,99.99,2019-01-24 13:36:00,157 1st St, New York City, NY 10001
141344,Apple Airpods Headphones,1,150.0,2019-01-20 12:38:00,443 Washington St, Portland, OR 97035
141345,USB-C Charging Cable,1,11.95,2019-01-09 13:55:00,398 5th St, San Francisco, CA 94016
141346,Apple Airpods Headphones,1,150.0,2019-01-14 13:59:00,285 Cherry St, Boston, MA 02215
141347,AA Batteries (4-pack),1,3.84,2019-01-27 17:46:00,885 Walnut St, Atlanta, GA 30301
141348,USB-C Charging Cable,2,11.95,2019-01-26 18:56:00,493 5th St, Portland, OR 97035
141349,Lightning Charging Cable,1,14.95,2019-01-03 20:51:00,886 10th St, New York City, NY 10001
141350,Lightning Charging Cable,1,14.95,2019-01-01 11:17:00,804 River St, San Francisco, CA 94016
141351,USB-C Charging Cable,2,11.95,2019-01-24 17:02:00,865 Church St, San Francisco, CA 94016
141352,Lightning Charging Cable,1,14.95,2019-01-11 19:07:00,800 4th St, Los Angeles, CA 90001
141353,USB-C Charging Cable,1,11.95,2019-01-26 10:35:00,870 Cherry St, New York City, NY 10001
141354,Bose SoundSport Headphones,1,99.99,2019-01-03 11:12:00,869 Hill St, Atlanta, GA 30301
141355,27in 4K Gaming Monitor,1,389.99,2019-01-18 15:24:00,674 Main St, Dallas, TX 75001
141356,Lightning Charging Cable,1,14.95,2019-01-09 17:32:00,336 1st St, Boston, MA 02215
141357,Lightning Charging Cable,1,14.95,2019-01-23 05:30:00,850 River St, Atlanta, GA 30301
141358,Lightning Charging Cable,1,14.95,2019-01-05 15:31:00,911 Madison St, San Francisco, CA 94016
141359,AAA Batteries (4-pack),2,2.99,2019-01-09 22:21:00,383 11th St, Seattle, WA 98101
141360,Macbook Pro Laptop,1,1700.0,2019-01-17 21:00:00,263 Meadow St, Los Angeles, CA 90001
141361,Apple Airpods Headphones,2,150.0,2019-01-23 15:39:00,181 Lakeview St, Portland, OR 97035
141362,Lightning Charging Cable,1,14.95,2019-01-02 22:17:00,392 Cherry St, Atlanta, GA 30301
141363,Wired Headphones,1,11.99,2019-01-08 06:24:00,921 Highland St, Dallas, TX 75001
141364,AA Batteries (4-pack),1,3.84,2019-01-01 07:46:00,657 Lincoln St, Dallas, TX 75001
141365,Vareebadd Phone,1,400.0,2019-01-10 11:19:00,20 Dogwood St, New York City, NY 10001
141365,Wired Headphones,1,11.99,2019-01-10 11:19:00,20 Dogwood St, New York City, NY 10001
141366,Flatscreen TV,1,300.0,2019-01-17 22:34:00,803 Church St, Seattle, WA 98101
141367,27in 4K Gaming Monitor,1,389.99,2019-01-09 10:06:00,23 13th St, San Francisco, CA 94016
141368,USB-C Charging Cable,1,11.95,2019-01-10 21:39:00,387 Hill St, Los Angeles, CA 90001
141369,Lightning Charging Cable,1,14.95,2019-01-21 21:03:00,785 9th St, San Francisco, CA 94016
141370,AAA Batteries (4-pack),2,2.99,2019-01-24 20:53:00,375 Center St, Seattle, WA 98101
141371,Lightning Charging Cable,1,14.95,2019-01-23 18:34:00,685 West St, Atlanta, GA 30301
141372,AAA Batteries (4-pack),1,2.99,2019-01-26 10:07:00,134 Hickory St, Portland, ME 04101
141373,27in FHD Monitor,1,149.99,2019-01-20 13:08:00,82 Hickory St, San Francisco, CA 94016
141374,Wired Headphones,1,11.99,2019-01-14 10:12:00,386 12th St, Boston, MA 02215
141375,27in 4K Gaming Monitor,1,389.99,2019-01-10 13:51:00,49 Center St, Los Angeles, CA 90001
141376,Wired Headphones,1,11.99,2019-01-20 14:57:00,32 West St, Los Angeles, CA 90001
141377,Wired Headphones,1,11.99,2019-01-20 15:12:00,711 11th St, San Francisco, CA 94016
141378,USB-C Charging Cable,1,11.95,2019-01-22 10:25:00,777 North St, Boston, MA 02215
141379,AA Batteries (4-pack),1,3.84,2019-01-25 18:00:00,378 Center St, San Francisco, CA 94016
141380,USB-C Charging Cable,1,11.95,2019-01-17 18:45:00,868 14th St, Los Angeles, CA 90001
141381,Bose SoundSport Headphones,1,99.99,2019-01-03 18:22:00,336 Jackson St, Los Angeles, CA 90001
141382,AAA Batteries (4-pack),1,2.99,2019-01-16 13:50:00,613 Ridge St, Dallas, TX 75001
141383,AAA Batteries (4-pack),1,2.99,2019-01-08 10:01:00,418 11th St, Boston, MA 02215
141384,Google Phone,1,600.0,2019-01-03 00:14:00,223 Jackson St, Boston, MA 02215
141384,USB-C Charging Cable,1,11.95,2019-01-03 00:14:00,223 Jackson St, Boston, MA 02215
141385,Macbook Pro Laptop,1,1700.0,2019-01-10 12:59:00,502 Walnut St, Atlanta, GA 30301
141386,Lightning Charging Cable,1,14.95,2019-01-08 19:27:00,692 13th St, New York City, NY 10001
141387,AAA Batteries (4-pack),1,2.99,2019-01-17 11:12:00,807 Jackson St, San Francisco, CA 94016
141388,Lightning Charging Cable,1,14.95,2019-01-22 10:53:00,24 Park St, Dallas, TX 75001
141389,AA Batteries (4-pack),1,3.84,2019-01-26 11:07:00,176 Church St, Los Angeles, CA 90001
141390,Wired Headphones,1,11.99,2019-01-26 11:22:00,667 Park St, New York City, NY 10001
141391,Bose SoundSport Headphones,1,99.99,2019-01-31 10:02:00,375 Johnson St, New York City, NY 10001
141392,Apple Airpods Headphones,1,150.0,2019-01-25 13:51:00,755 Cherry St, Seattle, WA 98101
141393,USB-C Charging Cable,1,11.95,2019-01-18 17:57:00,240 Meadow St, Boston, MA 02215
141394,iPhone,1,700.0,2019-01-06 16:54:00,534 12th St, San Francisco, CA 94016
141395,AAA Batteries (4-pack),1,2.99,2019-01-29 16:20:00,790 Hickory St, Portland, ME 04101
141396,USB-C Charging Cable,1,11.95,2019-01-26 14:10:00,141 Elm St, San Francisco, CA 94016
141397,Lightning Charging Cable,1,14.95,2019-01-13 12:59:00,940 8th St, New York City, NY 10001
141398,AAA Batteries (4-pack),1,2.99,2019-01-04 16:31:00,33 Jackson St, Dallas, TX 75001
141399,ThinkPad Laptop,1,999.99,2019-01-17 09:57:00,830 Walnut St, Atlanta, GA 30301
141400,Lightning Charging Cable,1,14.95,2019-01-18 18:09:00,215 Park St, New York City, NY 10001
141401,Apple Airpods Headphones,1,150.0,2019-01-23 12:50:00,34 Cedar St, Portland, OR 97035
141402,AAA Batteries (4-pack),1,2.99,2019-01-07 12:56:00,939 Lakeview St, Atlanta, GA 30301
141403,Lightning Charging Cable,1,14.95,2019-01-26 16:41:00,216 Meadow St, Boston, MA 02215
141404,AA Batteries (4-pack),1,3.84,2019-01-29 20:06:00,200 14th St, San Francisco, CA 94016
141405,Wired Headphones,1,11.99,2019-01-29 11:00:00,247 Forest St, Los Angeles, CA 90001
141406,USB-C Charging Cable,1,11.95,2019-01-28 12:02:00,110 13th St, Seattle, WA 98101
141407,Apple Airpods Headphones,1,150.0,2019-01-01 16:06:00,946 12th St, Portland, ME 04101
141408,Apple Airpods Headphones,1,150.0,2019-01-07 13:25:00,103 14th St, San Francisco, CA 94016
141409,Bose SoundSport Headphones,1,99.99,2019-01-01 21:49:00,36 Highland St, Portland, ME 04101
141410,27in FHD Monitor,1,149.99,2019-01-03 22:02:00,890 6th St, Dallas, TX 75001
141411,Wired Headphones,1,11.99,2019-01-15 05:35:00,350 Main St, New York City, NY 10001
141412,AA Batteries (4-pack),2,3.84,2019-01-14 17:16:00,397 Dogwood St, Atlanta, GA 30301
141413,AA Batteries (4-pack),1,3.84,2019-01-24 17:54:00,793 5th St, San Francisco, CA 94016
141414,Google Phone,1,600.0,2019-01-26 03:38:00,609 14th St, New York City, NY 10001
141415,Wired Headphones,1,11.99,2019-01-12 19:02:00,81 Madison St, San Francisco, CA 94016
141416,AAA Batteries (4-pack),1,2.99,2019-01-02 13:37:00,209 North St, Atlanta, GA 30301
141417,Bose SoundSport Headphones,1,99.99,2019-01-03 08:21:00,207 1st St, San Francisco, CA 94016
141418,Apple Airpods Headphones,1,150.0,2019-01-10 12:48:00,145 Lakeview St, New York City, NY 10001
141419,Wired Headphones,1,11.99,2019-01-22 11:53:00,910 Meadow St, San Francisco, CA 94016
141420,Lightning Charging Cable,2,14.95,2019-01-09 12:19:00,74 7th St, San Francisco, CA 94016
141421,Flatscreen TV,1,300.0,2019-01-24 13:18:00,154 7th St, Dallas, TX 75001
141422,Apple Airpods Headphones,1,150.0,2019-01-16 22:23:00,970 Lakeview St, Boston, MA 02215
141423,Lightning Charging Cable,2,14.95,2019-01-06 13:41:00,440 South St, New York City, NY 10001
141424,Apple Airpods Headphones,1,150.0,2019-01-13 19:49:00,971 Walnut St, Atlanta, GA 30301
141425,Wired Headphones,1,11.99,2019-01-19 14:59:00,347 Hill St, Atlanta, GA 30301
141426,Google Phone,1,600.0,2019-01-12 12:57:00,824 Madison St, Dallas, TX 75001
141427,USB-C Charging Cable,1,11.95,2019-01-16 14:44:00,355 13th St, Los Angeles, CA 90001
141428,AA Batteries (4-pack),1,3.84,2019-01-22 10:06:00,295 West St, New York City, NY 10001
141429,Apple Airpods Headphones,1,150.0,2019-01-21 06:04:00,273 Hill St, Atlanta, GA 30301
141430,34in Ultrawide Monitor,1,379.99,2019-01-23 21:37:00,428 Cedar St, Los Angeles, CA 90001
141431,USB-C Charging Cable,1,11.95,2019-01-04 07:16:00,728 Lakeview St, Los Angeles, CA 90001
141432,USB-C Charging Cable,1,11.95,2019-01-18 22:38:00,574 Johnson St, San Francisco, CA 94016
141433,Google Phone,1,600.0,2019-01-15 20:08:00,179 West St, San Francisco, CA 94016
141434,27in 4K Gaming Monitor,1,389.99,2019-01-13 19:03:00,480 Lakeview St, San Francisco, CA 94016
141435,USB-C Charging Cable,1,11.95,2019-01-15 10:55:00,445 4th St, Atlanta, GA 30301
141436,Bose SoundSport Headphones,1,99.99,2019-01-03 07:59:00,792 Lakeview St, San Francisco, CA 94016
141437,iPhone,1,700.0,2019-01-10 15:40:00,377 Meadow St, New York City, NY 10001
141438,Wired Headphones,2,11.99,2019-01-29 17:36:00,331 Center St, Seattle, WA 98101
141439,Flatscreen TV,1,300.0,2019-01-09 20:49:00,536 Walnut St, Boston, MA 02215
141440,Google Phone,1,600.0,2019-01-31 23:10:00,222 Lakeview St, San Francisco, CA 94016
141441,AA Batteries (4-pack),1,3.84,2019-01-20 19:08:00,631 Elm St, Los Angeles, CA 90001
141442,Google Phone,1,600.0,2019-01-06 10:27:00,186 Meadow St, New York City, NY 10001
141443,Lightning Charging Cable,1,14.95,2019-01-15 19:22:00,485 Elm St, Los Angeles, CA 90001
141444,AAA Batteries (4-pack),1,2.99,2019-01-22 22:56:00,776 5th St, San Francisco, CA 94016
141445,USB-C Charging Cable,1,11.95,2019-01-23 21:37:00,112 Madison St, Los Angeles, CA 90001
141446,Bose SoundSport Headphones,1,99.99,2019-01-16 20:03:00,150 14th St, Seattle, WA 98101
141447,AAA Batteries (4-pack),1,2.99,2019-01-15 21:14:00,51 10th St, Boston, MA 02215
141448,Bose SoundSport Headphones,1,99.99,2019-01-07 15:50:00,895 Forest St, San Francisco, CA 94016
141449,USB-C Charging Cable,1,11.95,2019-01-25 15:41:00,450 Dogwood St, Boston, MA 02215
141450,Google Phone,1,600.0,2019-01-12 11:16:00,521 Park St, San Francisco, CA 94016
141450,Bose SoundSport Headphones,1,99.99,2019-01-12 11:16:00,521 Park St, San Francisco, CA 94016
141451,AA Batteries (4-pack),1,3.84,2019-01-18 18:01:00,678 Elm St, Portland, OR 97035
141452,Bose SoundSport Headphones,1,99.99,2019-01-16 13:37:00,593 14th St, Austin, TX 73301
141453,Macbook Pro Laptop,1,1700.0,2019-01-06 13:09:00,469 4th St, Atlanta, GA 30301
141454,Bose SoundSport Headphones,1,99.99,2019-01-12 21:43:00,87 North St, New York City, NY 10001
141455,Apple Airpods Headphones,1,150.0,2019-01-06 09:26:00,588 Main St, Los Angeles, CA 90001
141456,AAA Batteries (4-pack),1,2.99,2019-01-05 13:28:00,676 Cedar St, Boston, MA 02215
141457,iPhone,1,700.0,2019-01-09 22:11:00,820 Jackson St, Seattle, WA 98101
141457,Apple Airpods Headphones,1,150.0,2019-01-09 22:11:00,820 Jackson St, Seattle, WA 98101
141458,iPhone,1,700.0,2019-01-29 01:12:00,497 Park St, San Francisco, CA 94016
141459,AAA Batteries (4-pack),1,2.99,2019-01-07 13:20:00,344 Lakeview St, New York City, NY 10001
141460,iPhone,1,700.0,2019-01-26 17:29:00,855 2nd St, New York City, NY 10001
141461,Lightning Charging Cable,1,14.95,2019-01-02 10:34:00,233 Cherry St, Dallas, TX 75001
141462,Wired Headphones,1,11.99,2019-01-30 23:34:00,542 Wilson St, Atlanta, GA 30301
141463,Apple Airpods Headphones,1,150.0,2019-01-22 18:14:00,147 Center St, Boston, MA 02215
141464,AA Batteries (4-pack),2,3.84,2019-01-31 01:03:00,795 13th St, New York City, NY 10001
141465,Lightning Charging Cable,1,14.95,2019-01-30 11:24:00,340 10th St, Atlanta, GA 30301
141466,AAA Batteries (4-pack),2,2.99,2019-01-24 16:09:00,269 4th St, Seattle, WA 98101
141467,Bose SoundSport Headphones,1,99.99,2019-01-22 19:48:00,154 Jackson St, Boston, MA 02215
141468,Flatscreen TV,1,300.0,2019-01-07 15:21:00,268 8th St, Austin, TX 73301
141469,Flatscreen TV,1,300.0,2019-01-02 07:44:00,163 8th St, San Francisco, CA 94016
141470,AAA Batteries (4-pack),1,2.99,2019-01-09 17:29:00,571 Jefferson St, Boston, MA 02215
141471,Apple Airpods Headphones,1,150.0,2019-01-17 14:21:00,81 11th St, Los Angeles, CA 90001
141472,iPhone,1,700.0,2019-01-27 07:05:00,853 9th St, San Francisco, CA 94016
141473,iPhone,1,700.0,2019-01-11 16:48:00,768 Maple St, San Francisco, CA 94016
141474,Apple Airpods Headphones,1,150.0,2019-01-17 22:58:00,580 Johnson St, Boston, MA 02215
141475,Lightning Charging Cable,1,14.95,2019-01-07 08:41:00,548 10th St, Boston, MA 02215
141476,iPhone,1,700.0,2019-01-06 15:38:00,295 Hickory St, New York City, NY 10001
141477,AA Batteries (4-pack),1,3.84,2019-01-20 09:24:00,371 South St, San Francisco, CA 94016
141478,Google Phone,1,600.0,2019-01-26 13:32:00,303 North St, Atlanta, GA 30301
141478,Apple Airpods Headphones,1,150.0,2019-01-26 13:32:00,303 North St, Atlanta, GA 30301
141479,Bose SoundSport Headphones,1,99.99,2019-01-12 19:24:00,613 Main St, Atlanta, GA 30301
141480,AA Batteries (4-pack),2,3.84,2019-01-20 12:32:00,451 River St, Portland, OR 97035
141481,AA Batteries (4-pack),1,3.84,2019-01-26 22:19:00,118 Church St, New York City, NY 10001
141482,USB-C Charging Cable,1,11.95,2019-01-28 13:10:00,333 7th St, Portland, OR 97035
141483,Flatscreen TV,1,300.0,2019-01-21 15:57:00,216 Willow St, Austin, TX 73301
141484,USB-C Charging Cable,1,11.95,2019-01-29 21:06:00,127 Madison St, Los Angeles, CA 90001
141485,27in 4K Gaming Monitor,1,389.99,2019-01-07 21:06:00,566 Park St, New York City, NY 10001
141486,USB-C Charging Cable,1,11.95,2019-01-14 13:29:00,940 West St, Los Angeles, CA 90001
141487,Bose SoundSport Headphones,1,99.99,2019-01-19 18:28:00,831 Sunset St, San Francisco, CA 94016
141488,Bose SoundSport Headphones,1,99.99,2019-01-13 14:33:00,133 1st St, Los Angeles, CA 90001
141489,AAA Batteries (4-pack),2,2.99,2019-01-04 11:21:00,941 Lincoln St, Los Angeles, CA 90001
141490,27in FHD Monitor,1,149.99,2019-01-24 09:54:00,201 Center St, New York City, NY 10001
141491,Bose SoundSport Headphones,1,99.99,2019-01-25 11:10:00,529 Park St, Portland, OR 97035
141492,20in Monitor,1,109.99,2019-01-18 09:23:00,331 Chestnut St, Dallas, TX 75001
141493,34in Ultrawide Monitor,1,379.99,2019-01-02 11:26:00,922 2nd St, Los Angeles, CA 90001
141494,AA Batteries (4-pack),2,3.84,2019-01-07 00:40:00,237 Forest St, Austin, TX 73301
141495,Macbook Pro Laptop,1,1700.0,2019-01-19 18:02:00,442 South St, Dallas, TX 75001
141496,Wired Headphones,1,11.99,2019-01-31 16:21:00,310 8th St, Los Angeles, CA 90001
141497,Wired Headphones,1,11.99,2019-01-29 18:07:00,139 Church St, Atlanta, GA 30301
141498,AA Batteries (4-pack),1,3.84,2019-01-08 07:31:00,337 North St, Austin, TX 73301
141499,Google Phone,1,600.0,2019-01-19 15:17:00,90 1st St, San Francisco, CA 94016
141500,Google Phone,1,600.0,2019-01-12 11:56:00,235 Walnut St, New York City, NY 10001
141501,AA Batteries (4-pack),1,3.84,2019-01-25 12:38:00,738 Dogwood St, Los Angeles, CA 90001
141502,AA Batteries (4-pack),2,3.84,2019-01-08 20:07:00,920 Center St, San Francisco, CA 94016
141503,27in 4K Gaming Monitor,1,389.99,2019-01-03 19:54:00,304 Park St, Dallas, TX 75001
141504,iPhone,1,700.0,2019-01-13 13:37:00,855 11th St, Seattle, WA 98101
141505,27in 4K Gaming Monitor,1,389.99,2019-01-05 06:59:00,33 Dogwood St, New York City, NY 10001
141506,Google Phone,1,600.0,2019-01-24 19:03:00,463 10th St, Atlanta, GA 30301
141507,Apple Airpods Headphones,1,150.0,2019-01-19 20:07:00,961 1st St, Los Angeles, CA 90001
141508,USB-C Charging Cable,1,11.95,2019-01-18 19:11:00,190 South St, Austin, TX 73301
141509,Lightning Charging Cable,1,14.95,2019-01-16 11:11:00,195 Chestnut St, San Francisco, CA 94016
141510,Wired Headphones,2,11.99,2019-01-16 14:32:00,610 South St, Los Angeles, CA 90001
141511,27in 4K Gaming Monitor,1,389.99,2019-01-14 16:57:00,608 13th St, New York City, NY 10001
141512,Lightning Charging Cable,1,14.95,2019-01-08 20:12:00,789 4th St, Los Angeles, CA 90001
141513,Apple Airpods Headphones,1,150.0,2019-01-18 22:22:00,795 Hickory St, Atlanta, GA 30301
141514,Google Phone,1,600.0,2019-01-27 21:26:00,947 10th St, Boston, MA 02215
141515,34in Ultrawide Monitor,1,379.99,2019-01-12 16:34:00,179 Highland St, Seattle, WA 98101
141516,LG Washing Machine,1,600.0,2019-01-17 19:53:00,382 Main St, Seattle, WA 98101
141517,iPhone,1,700.0,2019-01-13 14:14:00,326 Maple St, Los Angeles, CA 90001
141518,Lightning Charging Cable,1,14.95,2019-01-01 11:41:00,991 Adams St, Los Angeles, CA 90001
141519,Lightning Charging Cable,1,14.95,2019-01-18 17:16:00,511 Maple St, San Francisco, CA 94016
141520,iPhone,1,700.0,2019-01-15 11:24:00,23 Cherry St, Atlanta, GA 30301
141521,Wired Headphones,1,11.99,2019-01-06 11:19:00,724 Hickory St, Los Angeles, CA 90001
141522,27in FHD Monitor,1,149.99,2019-01-02 23:35:00,240 Maple St, Dallas, TX 75001
141523,Google Phone,1,600.0,2019-01-02 13:17:00,17 Dogwood St, San Francisco, CA 94016
141524,USB-C Charging Cable,1,11.95,2019-01-11 13:18:00,853 Walnut St, Boston, MA 02215
141525,AAA Batteries (4-pack),2,2.99,2019-01-07 04:31:00,590 Jackson St, Los Angeles, CA 90001
141526,AA Batteries (4-pack),2,3.84,2019-01-21 22:12:00,212 Lincoln St, New York City, NY 10001
141527,Apple Airpods Headphones,1,150.0,2019-01-25 18:52:00,401 Chestnut St, Los Angeles, CA 90001
141528,AAA Batteries (4-pack),3,2.99,2019-01-11 02:13:00,57 11th St, Austin, TX 73301
141529,Bose SoundSport Headphones,1,99.99,2019-01-13 12:55:00,264 River St, Austin, TX 73301
141530,AAA Batteries (4-pack),1,2.99,2019-01-19 18:13:00,324 7th St, Austin, TX 73301
141531,Flatscreen TV,1,300.0,2019-01-15 18:03:00,252 Sunset St, New York City, NY 10001
141532,Lightning Charging Cable,1,14.95,2019-01-12 08:44:00,718 Walnut St, San Francisco, CA 94016
141533,34in Ultrawide Monitor,1,379.99,2019-01-01 13:34:00,400 Lakeview St, Seattle, WA 98101
141534,Bose SoundSport Headphones,1,99.99,2019-01-05 10:02:00,439 Washington St, San Francisco, CA 94016
141535,Wired Headphones,1,11.99,2019-01-03 10:59:00,139 Wilson St, Portland, OR 97035
141536,AAA Batteries (4-pack),1,2.99,2019-01-30 16:35:00,127 6th St, Portland, OR 97035
141537,Lightning Charging Cable,1,14.95,2019-01-06 09:37:00,654 West St, Portland, OR 97035
141538,27in FHD Monitor,1,149.99,2019-01-12 15:38:00,765 River St, New York City, NY 10001
141539,27in FHD Monitor,1,149.99,2019-01-16 15:22:00,167 West St, San Francisco, CA 94016
141540,Apple Airpods Headphones,1,150.0,2019-01-10 14:07:00,703 Maple St, Los Angeles, CA 90001
141541,AAA Batteries (4-pack),1,2.99,2019-01-27 22:39:00,296 Lakeview St, Boston, MA 02215
141542,AA Batteries (4-pack),1,3.84,2019-01-20 18:33:00,431 Dogwood St, San Francisco, CA 94016
141543,Lightning Charging Cable,1,14.95,2019-01-25 10:48:00,684 5th St, Atlanta, GA 30301
141544,Lightning Charging Cable,1,14.95,2019-01-03 18:32:00,905 Ridge St, San Francisco, CA 94016
141545,Google Phone,1,600.0,2019-01-16 20:17:00,988 Adams St, Dallas, TX 75001
141546,20in Monitor,1,109.99,2019-01-22 02:39:00,390 Ridge St, Atlanta, GA 30301
141547,USB-C Charging Cable,2,11.95,2019-01-12 10:26:00,164 Willow St, San Francisco, CA 94016
141548,Lightning Charging Cable,1,14.95,2019-01-11 23:00:00,964 Forest St, Los Angeles, CA 90001
141549,27in FHD Monitor,1,149.99,2019-01-15 10:53:00,240 Cherry St, Atlanta, GA 30301
141550,iPhone,1,700.0,2019-01-31 10:58:00,399 Church St, Boston, MA 02215
141550,Apple Airpods Headphones,2,150.0,2019-01-31 10:58:00,399 Church St, Boston, MA 02215
141550,Wired Headphones,1,11.99,2019-01-31 10:58:00,399 Church St, Boston, MA 02215
141551,Lightning Charging Cable,2,14.95,2019-01-19 16:39:00,88 7th St, Los Angeles, CA 90001
141552,Bose SoundSport Headphones,1,99.99,2019-01-10 10:40:00,533 Jackson St, New York City, NY 10001
141553,Bose SoundSport Headphones,1,99.99,2019-01-27 00:07:00,16 Forest St, San Francisco, CA 94016
141554,USB-C Charging Cable,1,11.95,2019-01-04 12:57:00,498 Dogwood St, Austin, TX 73301
141555,AAA Batteries (4-pack),3,2.99,2019-01-15 10:18:00,47 Pine St, Dallas, TX 75001
141556,USB-C Charging Cable,1,11.95,2019-01-29 10:07:00,164 Lincoln St, New York City, NY 10001
141557,Lightning Charging Cable,1,14.95,2019-01-23 22:54:00,406 8th St, San Francisco, CA 94016
141558,27in 4K Gaming Monitor,1,389.99,2019-01-01 12:14:00,345 Chestnut St, Dallas, TX 75001
141559,Wired Headphones,1,11.99,2019-01-26 22:08:00,932 River St, Boston, MA 02215
141560,34in Ultrawide Monitor,1,379.99,2019-01-09 13:34:00,559 Adams St, Seattle, WA 98101
141561,Wired Headphones,1,11.99,2019-01-09 17:19:00,897 River St, San Francisco, CA 94016
141562,Bose SoundSport Headphones,1,99.99,2019-01-29 12:47:00,334 12th St, Los Angeles, CA 90001
141563,USB-C Charging Cable,1,11.95,2019-01-15 15:52:00,98 13th St, San Francisco, CA 94016
141564,Apple Airpods Headphones,1,150.0,2019-01-29 11:03:00,780 Walnut St, New York City, NY 10001
141565,Wired Headphones,1,11.99,2019-01-13 06:05:00,884 11th St, San Francisco, CA 94016
141566,27in FHD Monitor,1,149.99,2019-01-13 18:41:00,693 Wilson St, San Francisco, CA 94016
141567,Lightning Charging Cable,1,14.95,2019-01-09 20:37:00,55 Highland St, Los Angeles, CA 90001
141568,ThinkPad Laptop,1,999.99,2019-01-26 20:30:00,158 9th St, San Francisco, CA 94016
141569,Macbook Pro Laptop,1,1700.0,2019-01-11 11:15:00,235 Ridge St, Los Angeles, CA 90001
141570,USB-C Charging Cable,1,11.95,2019-01-11 16:49:00,112 13th St, Dallas, TX 75001
141571,Lightning Charging Cable,1,14.95,2019-01-21 23:01:00,809 Dogwood St, San Francisco, CA 94016
141572,AAA Batteries (4-pack),1,2.99,2019-01-13 23:51:00,187 Dogwood St, Austin, TX 73301
141573,Lightning Charging Cable,1,14.95,2019-01-04 17:39:00,850 2nd St, Atlanta, GA 30301
141574,Lightning Charging Cable,1,14.95,2019-01-19 16:56:00,989 Jefferson St, Los Angeles, CA 90001
141575,USB-C Charging Cable,1,11.95,2019-01-07 10:42:00,787 Highland St, Seattle, WA 98101
141576,Apple Airpods Headphones,1,150.0,2019-01-05 20:21:00,908 Lincoln St, Atlanta, GA 30301
141577,Flatscreen TV,1,300.0,2019-01-30 20:19:00,662 Lincoln St, Seattle, WA 98101
141578,Bose SoundSport Headphones,1,99.99,2019-01-24 05:51:00,61 Sunset St, Portland, OR 97035
141579,Lightning Charging Cable,1,14.95,2019-01-23 16:11:00,871 Willow St, Los Angeles, CA 90001
141580,AA Batteries (4-pack),1,3.84,2019-01-28 11:02:00,295 Chestnut St, Boston, MA 02215
141581,Apple Airpods Headphones,1,150.0,2019-01-28 20:50:00,64 Elm St, San Francisco, CA 94016
141582,iPhone,1,700.0,2019-01-15 01:45:00,416 9th St, San Francisco, CA 94016
141583,USB-C Charging Cable,1,11.95,2019-01-30 12:48:00,717 Cedar St, Dallas, TX 75001
141584,Macbook Pro Laptop,1,1700.0,2019-01-14 16:51:00,395 Lake St, New York City, NY 10001
141585,AA Batteries (4-pack),2,3.84,2019-01-11 10:04:00,406 Highland St, San Francisco, CA 94016
141586,Lightning Charging Cable,1,14.95,2019-01-26 20:16:00,411 Jackson St, San Francisco, CA 94016
141587,USB-C Charging Cable,1,11.95,2019-01-29 15:14:00,504 14th St, Dallas, TX 75001
141587,Apple Airpods Headphones,1,150.0,2019-01-29 15:14:00,504 14th St, Dallas, TX 75001
141588,AA Batteries (4-pack),1,3.84,2019-01-03 01:43:00,582 Madison St, Dallas, TX 75001
141589,Wired Headphones,1,11.99,2019-01-10 13:56:00,118 12th St, Seattle, WA 98101
141590,Bose SoundSport Headphones,1,99.99,2019-01-05 16:40:00,350 5th St, Boston, MA 02215
141591,ThinkPad Laptop,1,999.99,2019-01-27 23:59:00,503 Maple St, Seattle, WA 98101
141592,AA Batteries (4-pack),2,3.84,2019-01-05 11:30:00,644 13th St, San Francisco, CA 94016
141593,Bose SoundSport Headphones,1,99.99,2019-01-09 14:26:00,406 Washington St, Los Angeles, CA 90001
141594,AAA Batteries (4-pack),1,2.99,2019-01-30 12:09:00,821 14th St, Atlanta, GA 30301
141595,ThinkPad Laptop,1,999.99,2019-01-27 14:36:00,146 2nd St, Boston, MA 02215
141596,Lightning Charging Cable,1,14.95,2019-01-01 17:30:00,582 Jackson St, Boston, MA 02215
141597,AAA Batteries (4-pack),2,2.99,2019-01-28 12:38:00,919 Elm St, San Francisco, CA 94016
141598,20in Monitor,1,109.99,2019-01-12 13:28:00,164 Pine St, Seattle, WA 98101
141599,AAA Batteries (4-pack),1,2.99,2019-01-17 11:59:00,814 Sunset St, Portland, OR 97035
141600,AAA Batteries (4-pack),2,2.99,2019-01-27 09:08:00,445 Lake St, San Francisco, CA 94016
141601,Lightning Charging Cable,1,14.95,2019-01-07 19:45:00,745 2nd St, Atlanta, GA 30301
141602,27in FHD Monitor,1,149.99,2019-01-13 20:17:00,170 6th St, Atlanta, GA 30301
141603,Wired Headphones,1,11.99,2019-01-24 10:54:00,214 14th St, Seattle, WA 98101
141604,27in FHD Monitor,1,149.99,2019-01-01 23:58:00,135 Washington St, San Francisco, CA 94016
141605,Wired Headphones,1,11.99,2019-01-10 19:52:00,189 Maple St, San Francisco, CA 94016
141606,Lightning Charging Cable,1,14.95,2019-01-02 01:26:00,449 Maple St, Austin, TX 73301
141607,AA Batteries (4-pack),2,3.84,2019-01-27 20:18:00,861 Cedar St, Dallas, TX 75001
141608,Lightning Charging Cable,1,14.95,2019-01-14 17:47:00,852 Cherry St, San Francisco, CA 94016
141609,Apple Airpods Headphones,1,150.0,2019-01-04 14:05:00,287 Chestnut St, San Francisco, CA 94016
141610,Lightning Charging Cable,1,14.95,2019-01-29 16:55:00,846 Cherry St, San Francisco, CA 94016
141611,Apple Airpods Headphones,1,150.0,2019-01-27 18:29:00,877 Lincoln St, Atlanta, GA 30301
141612,Apple Airpods Headphones,1,150.0,2019-01-24 10:33:00,892 12th St, Los Angeles, CA 90001
141613,AAA Batteries (4-pack),1,2.99,2019-01-01 10:21:00,644 Pine St, Atlanta, GA 30301
141614,AA Batteries (4-pack),1,3.84,2019-01-09 13:03:00,821 Spruce St, San Francisco, CA 94016
141615,Wired Headphones,1,11.99,2019-01-24 18:39:00,944 Chestnut St, Los Angeles, CA 90001
141616,AA Batteries (4-pack),1,3.84,2019-01-24 00:56:00,440 Elm St, Boston, MA 02215
141617,Wired Headphones,1,11.99,2019-01-26 02:00:00,84 Hickory St, Los Angeles, CA 90001
141618,Bose SoundSport Headphones,1,99.99,2019-01-09 11:07:00,573 Lake St, Dallas, TX 75001
141619,27in FHD Monitor,1,149.99,2019-01-12 20:15:00,108 River St, San Francisco, CA 94016
141620,AAA Batteries (4-pack),3,2.99,2019-01-09 10:56:00,211 Meadow St, New York City, NY 10001
141621,AAA Batteries (4-pack),1,2.99,2019-01-12 09:49:00,917 Spruce St, Atlanta, GA 30301
141622,USB-C Charging Cable,1,11.95,2019-01-27 12:46:00,171 Ridge St, Portland, OR 97035
141623,Google Phone,1,600.0,2019-01-06 14:21:00,770 Center St, San Francisco, CA 94016
141624,USB-C Charging Cable,1,11.95,2019-01-18 21:07:00,76 8th St, San Francisco, CA 94016
141625,AAA Batteries (4-pack),4,2.99,2019-01-29 08:48:00,476 8th St, Boston, MA 02215
141626,Apple Airpods Headphones,1,150.0,2019-01-24 08:19:00,97 Highland St, Los Angeles, CA 90001
141627,Flatscreen TV,1,300.0,2019-01-16 10:02:00,374 Meadow St, Austin, TX 73301
141628,AA Batteries (4-pack),1,3.84,2019-01-20 13:03:00,427 Lakeview St, Los Angeles, CA 90001
141629,27in FHD Monitor,1,149.99,2019-01-27 12:22:00,434 Church St, San Francisco, CA 94016
141630,USB-C Charging Cable,1,11.95,2019-01-20 17:28:00,147 5th St, Dallas, TX 75001
141631,Lightning Charging Cable,1,14.95,2019-01-15 07:54:00,81 Main St, San Francisco, CA 94016
141632,iPhone,1,700.0,2019-01-21 05:00:00,964 Hill St, Seattle, WA 98101
141633,AA Batteries (4-pack),1,3.84,2019-01-12 20:41:00,880 Lakeview St, San Francisco, CA 94016
141634,AAA Batteries (4-pack),1,2.99,2019-01-20 18:23:00,414 8th St, Los Angeles, CA 90001
141635,Wired Headphones,1,11.99,2019-01-13 07:20:00,31 6th St, New York City, NY 10001
141636,Apple Airpods Headphones,1,150.0,2019-01-09 10:24:00,790 Wilson St, Austin, TX 73301
141637,AA Batteries (4-pack),2,3.84,2019-01-04 17:48:00,676 Willow St, New York City, NY 10001
141638,AAA Batteries (4-pack),2,2.99,2019-01-05 08:07:00,625 Church St, Austin, TX 73301
141639,ThinkPad Laptop,1,999.99,2019-01-23 16:39:00,284 12th St, San Francisco, CA 94016
141640,Macbook Pro Laptop,1,1700.0,2019-01-02 01:27:00,768 Forest St, San Francisco, CA 94016
141641,20in Monitor,1,109.99,2019-01-30 11:12:00,368 Forest St, San Francisco, CA 94016
141642,AAA Batteries (4-pack),1,2.99,2019-01-04 19:21:00,719 Adams St, New York City, NY 10001
141643,Bose SoundSport Headphones,1,99.99,2019-01-29 21:41:00,52 Hill St, Portland, OR 97035
141644,AAA Batteries (4-pack),1,2.99,2019-01-01 14:21:00,454 Main St, Seattle, WA 98101
141645,Lightning Charging Cable,1,14.95,2019-01-30 15:30:00,98 Forest St, New York City, NY 10001
141645,Wired Headphones,1,11.99,2019-01-30 15:30:00,98 Forest St, New York City, NY 10001
141646,Lightning Charging Cable,1,14.95,2019-01-01 20:59:00,678 Adams St, Dallas, TX 75001
141647,20in Monitor,1,109.99,2019-01-01 14:36:00,434 Sunset St, Atlanta, GA 30301
141648,Google Phone,1,600.0,2019-01-03 16:55:00,657 10th St, Austin, TX 73301
141649,Lightning Charging Cable,1,14.95,2019-01-30 15:16:00,916 Maple St, Seattle, WA 98101
141650,AAA Batteries (4-pack),2,2.99,2019-01-22 12:28:00,166 South St, San Francisco, CA 94016
141651,AA Batteries (4-pack),1,3.84,2019-01-24 08:33:00,449 Main St, Los Angeles, CA 90001
141652,Lightning Charging Cable,1,14.95,2019-01-05 21:58:00,576 Pine St, Boston, MA 02215
141653,AA Batteries (4-pack),1,3.84,2019-01-28 23:47:00,63 Cherry St, Portland, ME 04101
141654,AA Batteries (4-pack),1,3.84,2019-01-23 14:48:00,857 4th St, San Francisco, CA 94016
141655,Wired Headphones,1,11.99,2019-01-16 13:38:00,592 Cedar St, Los Angeles, CA 90001
141656,Apple Airpods Headphones,1,150.0,2019-01-02 10:40:00,476 Center St, Atlanta, GA 30301
141657,AAA Batteries (4-pack),1,2.99,2019-01-13 20:36:00,990 Park St, Los Angeles, CA 90001
141658,AA Batteries (4-pack),1,3.84,2019-01-26 23:47:00,26 Adams St, San Francisco, CA 94016
141659,Macbook Pro Laptop,1,1700.0,2019-01-28 15:52:00,214 Jackson St, San Francisco, CA 94016
141660,USB-C Charging Cable,1,11.95,2019-01-11 13:57:00,106 Sunset St, Boston, MA 02215
141661,USB-C Charging Cable,1,11.95,2019-01-05 01:25:00,221 14th St, San Francisco, CA 94016
141662,AAA Batteries (4-pack),1,2.99,2019-01-16 13:06:00,106 Jefferson St, Boston, MA 02215
141663,iPhone,1,700.0,2019-01-01 11:01:00,738 8th St, San Francisco, CA 94016
141664,Google Phone,1,600.0,2019-01-08 16:40:00,621 Dogwood St, San Francisco, CA 94016
141665,27in 4K Gaming Monitor,1,389.99,2019-01-23 18:55:00,499 7th St, Boston, MA 02215
141666,AA Batteries (4-pack),2,3.84,2019-01-16 16:22:00,956 Adams St, Boston, MA 02215
141667,Lightning Charging Cable,3,14.95,2019-01-23 15:14:00,965 Johnson St, San Francisco, CA 94016
141668,Lightning Charging Cable,1,14.95,2019-01-15 14:18:00,124 Jackson St, San Francisco, CA 94016
141669,27in 4K Gaming Monitor,1,389.99,2019-01-29 15:43:00,813 Forest St, New York City, NY 10001
141670,iPhone,1,700.0,2019-01-31 12:52:00,166 10th St, Atlanta, GA 30301
141671,AAA Batteries (4-pack),2,2.99,2019-01-29 12:25:00,496 4th St, Boston, MA 02215
141672,Wired Headphones,1,11.99,2019-01-27 23:05:00,608 North St, Dallas, TX 75001
141673,USB-C Charging Cable,1,11.95,2019-01-27 19:23:00,152 1st St, Austin, TX 73301
141674,AAA Batteries (4-pack),1,2.99,2019-01-28 06:28:00,477 Highland St, Los Angeles, CA 90001
141675,USB-C Charging Cable,3,11.95,2019-01-04 10:09:00,964 Main St, Seattle, WA 98101
141676,Vareebadd Phone,1,400.0,2019-01-13 11:41:00,35 13th St, Portland, OR 97035
141677,27in FHD Monitor,1,149.99,2019-01-03 18:50:00,345 Hill St, New York City, NY 10001
141678,Apple Airpods Headphones,1,150.0,2019-01-08 20:27:00,524 Ridge St, Boston, MA 02215
141679,34in Ultrawide Monitor,1,379.99,2019-01-03 19:55:00,621 13th St, San Francisco, CA 94016
141680,USB-C Charging Cable,2,11.95,2019-01-14 14:03:00,980 Washington St, Portland, OR 97035
141681,AA Batteries (4-pack),1,3.84,2019-01-03 21:53:00,543 Forest St, Atlanta, GA 30301
141682,34in Ultrawide Monitor,1,379.99,2019-01-24 07:03:00,672 Ridge St, Los Angeles, CA 90001
141683,AAA Batteries (4-pack),1,2.99,2019-01-27 16:18:00,982 Cedar St, New York City, NY 10001
141684,27in 4K Gaming Monitor,1,389.99,2019-01-29 09:43:00,666 Jefferson St, Seattle, WA 98101
141685,Wired Headphones,1,11.99,2019-01-14 00:38:00,347 12th St, Austin, TX 73301
141686,Apple Airpods Headphones,1,150.0,2019-01-22 13:25:00,788 6th St, San Francisco, CA 94016
141687,AA Batteries (4-pack),1,3.84,2019-01-17 19:12:00,838 2nd St, New York City, NY 10001
141688,AA Batteries (4-pack),1,3.84,2019-01-20 11:32:00,122 Jackson St, New York City, NY 10001
141689,34in Ultrawide Monitor,1,379.99,2019-01-09 13:56:00,348 River St, San Francisco, CA 94016
141690,Macbook Pro Laptop,1,1700.0,2019-01-14 23:02:00,27 Jefferson St, Boston, MA 02215
141691,34in Ultrawide Monitor,1,379.99,2019-01-18 18:34:00,640 Lake St, New York City, NY 10001
141692,Bose SoundSport Headphones,1,99.99,2019-01-27 19:46:00,798 Hill St, Portland, OR 97035
141693,Wired Headphones,1,11.99,2019-01-07 22:01:00,733 Meadow St, New York City, NY 10001
141694,Wired Headphones,1,11.99,2019-01-12 15:43:00,806 Maple St, Atlanta, GA 30301
141695,AAA Batteries (4-pack),1,2.99,2019-01-29 21:20:00,893 Jefferson St, Boston, MA 02215
141696,Vareebadd Phone,1,400.0,2019-01-15 22:33:00,709 North St, Seattle, WA 98101
141697,Lightning Charging Cable,1,14.95,2019-01-16 05:50:00,1 Jefferson St, New York City, NY 10001
141698,27in 4K Gaming Monitor,1,389.99,2019-01-06 19:56:00,156 Jackson St, Los Angeles, CA 90001
141699,USB-C Charging Cable,1,11.95,2019-01-28 08:13:00,667 Spruce St, Atlanta, GA 30301
141700,Apple Airpods Headphones,1,150.0,2019-01-02 12:00:00,220 Lakeview St, Dallas, TX 75001
141701,Macbook Pro Laptop,1,1700.0,2019-01-18 19:33:00,174 Lincoln St, San Francisco, CA 94016
141702,iPhone,1,700.0,2019-01-27 18:33:00,776 10th St, Boston, MA 02215
141703,iPhone,1,700.0,2019-01-29 11:04:00,371 11th St, Portland, OR 97035
141704,27in 4K Gaming Monitor,1,389.99,2019-01-31 19:56:00,823 Hill St, Seattle, WA 98101
141705,Apple Airpods Headphones,1,150.0,2019-01-01 14:15:00,478 8th St, Boston, MA 02215
141706,USB-C Charging Cable,1,11.95,2019-01-19 13:38:00,234 Cherry St, Austin, TX 73301
141707,AA Batteries (4-pack),1,3.84,2019-01-13 00:53:00,593 Main St, Los Angeles, CA 90001
141708,Wired Headphones,1,11.99,2019-01-22 09:31:00,492 Forest St, Seattle, WA 98101
141709,Google Phone,1,600.0,2019-01-24 23:45:00,411 Ridge St, Dallas, TX 75001
141710,USB-C Charging Cable,1,11.95,2019-01-23 00:00:00,57 Hill St, New York City, NY 10001
141711,USB-C Charging Cable,1,11.95,2019-01-18 13:11:00,65 Pine St, New York City, NY 10001
141712,AA Batteries (4-pack),1,3.84,2019-01-07 12:12:00,164 Walnut St, Los Angeles, CA 90001
141713,USB-C Charging Cable,1,11.95,2019-01-25 13:49:00,169 Washington St, San Francisco, CA 94016
141714,USB-C Charging Cable,1,11.95,2019-01-27 20:27:00,986 11th St, New York City, NY 10001
141715,Bose SoundSport Headphones,1,99.99,2019-01-22 00:30:00,492 Lakeview St, Boston, MA 02215
141716,Bose SoundSport Headphones,1,99.99,2019-01-17 09:58:00,169 Lakeview St, Seattle, WA 98101
141717,AAA Batteries (4-pack),1,2.99,2019-01-31 17:15:00,463 5th St, New York City, NY 10001
141718,Google Phone,1,600.0,2019-01-16 15:02:00,756 Lake St, Dallas, TX 75001
141719,27in 4K Gaming Monitor,1,389.99,2019-01-10 13:34:00,152 Cherry St, Seattle, WA 98101
141720,USB-C Charging Cable,1,11.95,2019-01-25 19:58:00,317 Center St, New York City, NY 10001
141721,AA Batteries (4-pack),1,3.84,2019-01-11 12:03:00,416 Forest St, Atlanta, GA 30301
141722,Macbook Pro Laptop,1,1700.0,2019-01-06 14:06:00,331 Pine St, Boston, MA 02215
141723,Wired Headphones,1,11.99,2019-01-14 22:05:00,340 11th St, Boston, MA 02215
141724,Lightning Charging Cable,1,14.95,2019-01-06 18:43:00,494 11th St, Austin, TX 73301
141725,Wired Headphones,1,11.99,2019-01-09 18:16:00,370 7th St, Los Angeles, CA 90001
141726,USB-C Charging Cable,1,11.95,2019-01-20 07:13:00,697 Center St, San Francisco, CA 94016
141727,Lightning Charging Cable,2,14.95,2019-01-31 13:38:00,331 Meadow St, Atlanta, GA 30301
141728,AAA Batteries (4-pack),1,2.99,2019-01-14 00:00:00,431 7th St, New York City, NY 10001
141729,Wired Headphones,1,11.99,2019-01-09 11:01:00,426 Walnut St, Los Angeles, CA 90001
141730,Lightning Charging Cable,1,14.95,2019-01-23 16:23:00,733 Lincoln St, Boston, MA 02215
141731,Macbook Pro Laptop,1,1700.0,2019-01-29 19:24:00,916 Forest St, San Francisco, CA 94016
141732,iPhone,1,700.0,2019-01-01 06:13:00,446 Pine St, Atlanta, GA 30301
141733,27in 4K Gaming Monitor,1,389.99,2019-01-24 12:38:00,987 Maple St, Austin, TX 73301
141734,Bose SoundSport Headphones,1,99.99,2019-01-29 15:48:00,485 North St, Los Angeles, CA 90001
141735,34in Ultrawide Monitor,1,379.99,2019-01-25 12:34:00,997 Jefferson St, New York City, NY 10001
141736,USB-C Charging Cable,1,11.95,2019-01-18 12:47:00,920 Meadow St, Seattle, WA 98101
141737,ThinkPad Laptop,1,999.99,2019-01-02 08:37:00,903 Forest St, San Francisco, CA 94016
141738,iPhone,1,700.0,2019-01-14 20:53:00,183 Cherry St, Atlanta, GA 30301
141738,Lightning Charging Cable,1,14.95,2019-01-14 20:53:00,183 Cherry St, Atlanta, GA 30301
141739,AA Batteries (4-pack),1,3.84,2019-01-27 10:55:00,383 Jackson St, Atlanta, GA 30301
141740,AA Batteries (4-pack),1,3.84,2019-01-12 22:42:00,927 Forest St, Atlanta, GA 30301
141741,Bose SoundSport Headphones,1,99.99,2019-01-19 18:56:00,93 Cherry St, Boston, MA 02215
141742,USB-C Charging Cable,1,11.95,2019-01-20 10:29:00,156 Church St, San Francisco, CA 94016
141743,USB-C Charging Cable,1,11.95,2019-01-18 10:44:00,607 6th St, San Francisco, CA 94016
141744,Apple Airpods Headphones,1,150.0,2019-01-10 15:55:00,961 7th St, Portland, OR 97035
141745,AAA Batteries (4-pack),2,2.99,2019-01-19 00:24:00,389 Hill St, Atlanta, GA 30301
141746,Lightning Charging Cable,2,14.95,2019-01-14 21:39:00,218 8th St, Dallas, TX 75001
141747,27in FHD Monitor,1,149.99,2019-01-12 05:12:00,160 Ridge St, Los Angeles, CA 90001
141748,Apple Airpods Headphones,1,150.0,2019-01-09 09:46:00,60 Cedar St, Boston, MA 02215
141749,Flatscreen TV,1,300.0,2019-01-24 15:16:00,974 10th St, Atlanta, GA 30301
141750,27in FHD Monitor,1,149.99,2019-01-23 16:46:00,341 Elm St, Seattle, WA 98101
141751,27in 4K Gaming Monitor,1,389.99,2019-01-08 13:27:00,396 River St, Los Angeles, CA 90001
141752,Lightning Charging Cable,1,14.95,2019-01-18 23:13:00,100 Johnson St, Los Angeles, CA 90001
141753,USB-C Charging Cable,2,11.95,2019-01-15 19:30:00,67 Center St, San Francisco, CA 94016
141754,Apple Airpods Headphones,2,150.0,2019-01-02 23:09:00,999 Spruce St, Seattle, WA 98101
141755,AA Batteries (4-pack),3,3.84,2019-01-02 20:12:00,884 Spruce St, Los Angeles, CA 90001
141756,Bose SoundSport Headphones,1,99.99,2019-01-19 21:53:00,485 Highland St, Atlanta, GA 30301
141757,27in FHD Monitor,1,149.99,2019-01-13 14:47:00,116 Walnut St, Portland, OR 97035
141758,Wired Headphones,1,11.99,2019-01-21 15:21:00,610 Spruce St, Dallas, TX 75001
141759,AAA Batteries (4-pack),1,2.99,2019-01-02 19:18:00,765 Lake St, Portland, OR 97035
141760,Vareebadd Phone,1,400.0,2019-01-21 11:09:00,289 Walnut St, Atlanta, GA 30301
141761,Lightning Charging Cable,1,14.95,2019-01-11 19:02:00,75 Ridge St, San Francisco, CA 94016
141762,Bose SoundSport Headphones,1,99.99,2019-01-28 17:52:00,160 Hickory St, Austin, TX 73301
141763,27in FHD Monitor,2,149.99,2019-01-05 02:51:00,351 Adams St, Austin, TX 73301
141764,USB-C Charging Cable,1,11.95,2019-01-04 17:43:00,909 2nd St, Seattle, WA 98101
141765,Lightning Charging Cable,1,14.95,2019-01-24 12:23:00,78 Sunset St, New York City, NY 10001
141766,LG Washing Machine,1,600.0,2019-01-16 21:08:00,530 Jackson St, Dallas, TX 75001
141767,20in Monitor,1,109.99,2019-01-23 22:30:00,752 Walnut St, Austin, TX 73301
141768,USB-C Charging Cable,1,11.95,2019-01-14 11:50:00,780 Cherry St, Portland, ME 04101
141769,AA Batteries (4-pack),2,3.84,2019-01-21 10:53:00,824 West St, Dallas, TX 75001
141770,Wired Headphones,1,11.99,2019-01-04 19:50:00,50 Willow St, San Francisco, CA 94016
141771,Lightning Charging Cable,1,14.95,2019-01-11 19:00:00,564 13th St, San Francisco, CA 94016
141772,Apple Airpods Headphones,1,150.0,2019-01-30 08:16:00,409 Center St, San Francisco, CA 94016
141773,USB-C Charging Cable,1,11.95,2019-01-30 16:09:00,693 Chestnut St, New York City, NY 10001
141774,Bose SoundSport Headphones,1,99.99,2019-01-02 22:11:00,961 Chestnut St, Los Angeles, CA 90001
141775,USB-C Charging Cable,1,11.95,2019-01-07 17:15:00,348 Pine St, Atlanta, GA 30301
141776,Lightning Charging Cable,1,14.95,2019-01-21 19:20:00,443 Ridge St, Dallas, TX 75001
141777,USB-C Charging Cable,1,11.95,2019-01-14 19:43:00,538 Wilson St, San Francisco, CA 94016
141778,Lightning Charging Cable,1,14.95,2019-01-27 05:25:00,432 11th St, Dallas, TX 75001
141779,Lightning Charging Cable,1,14.95,2019-01-02 11:23:00,929 Lake St, New York City, NY 10001
141780,Wired Headphones,1,11.99,2019-01-20 20:15:00,443 11th St, San Francisco, CA 94016
141781,Apple Airpods Headphones,1,150.0,2019-01-20 07:07:00,605 West St, Austin, TX 73301
141782,27in FHD Monitor,1,149.99,2019-01-11 21:13:00,353 4th St, San Francisco, CA 94016
141782,Bose SoundSport Headphones,1,99.99,2019-01-11 21:13:00,353 4th St, San Francisco, CA 94016
141783,Bose SoundSport Headphones,1,99.99,2019-01-27 17:48:00,581 Willow St, Boston, MA 02215
141784,27in 4K Gaming Monitor,1,389.99,2019-01-07 11:54:00,301 River St, New York City, NY 10001
141785,Apple Airpods Headphones,1,150.0,2019-01-20 18:27:00,110 Main St, Portland, OR 97035
141786,Macbook Pro Laptop,1,1700.0,2019-01-27 12:58:00,728 River St, Boston, MA 02215
141787,Apple Airpods Headphones,1,150.0,2019-01-15 21:11:00,865 7th St, San Francisco, CA 94016
141788,AA Batteries (4-pack),2,3.84,2019-01-23 14:39:00,921 Center St, Los Angeles, CA 90001
141789,Google Phone,1,600.0,2019-01-01 20:13:00,903 Lake St, Seattle, WA 98101
141789,USB-C Charging Cable,2,11.95,2019-01-01 20:13:00,903 Lake St, Seattle, WA 98101
141790,AAA Batteries (4-pack),1,2.99,2019-01-09 15:27:00,135 Hickory St, Los Angeles, CA 90001
141791,USB-C Charging Cable,1,11.95,2019-01-16 10:36:00,266 Forest St, Los Angeles, CA 90001
141792,USB-C Charging Cable,1,11.95,2019-01-08 22:13:00,779 Ridge St, Dallas, TX 75001
141793,AA Batteries (4-pack),1,3.84,2019-01-19 11:01:00,830 Dogwood St, Dallas, TX 75001
141794,Bose SoundSport Headphones,1,99.99,2019-01-24 10:49:00,147 Maple St, Los Angeles, CA 90001
141795,iPhone,1,700.0,2019-01-19 20:31:00,383 Jefferson St, San Francisco, CA 94016
141795,Wired Headphones,1,11.99,2019-01-19 20:31:00,383 Jefferson St, San Francisco, CA 94016
141796,AAA Batteries (4-pack),1,2.99,2019-01-23 20:28:00,594 West St, San Francisco, CA 94016
141797,27in FHD Monitor,1,149.99,2019-01-02 10:29:00,393 Johnson St, San Francisco, CA 94016
141798,20in Monitor,1,109.99,2019-01-18 07:48:00,482 Washington St, Boston, MA 02215
141799,AA Batteries (4-pack),1,3.84,2019-01-02 20:10:00,270 2nd St, San Francisco, CA 94016
141800,27in FHD Monitor,1,149.99,2019-01-26 12:11:00,775 West St, Seattle, WA 98101
141801,USB-C Charging Cable,1,11.95,2019-01-21 17:24:00,173 Center St, Portland, OR 97035
141802,Flatscreen TV,1,300.0,2019-01-09 06:09:00,978 7th St, San Francisco, CA 94016
141803,27in 4K Gaming Monitor,1,389.99,2019-01-02 09:53:00,452 South St, San Francisco, CA 94016
141804,Bose SoundSport Headphones,1,99.99,2019-01-23 19:52:00,350 West St, New York City, NY 10001
141805,Bose SoundSport Headphones,1,99.99,2019-01-18 08:36:00,418 Washington St, New York City, NY 10001
141806,27in 4K Gaming Monitor,1,389.99,2019-01-26 23:02:00,523 9th St, Austin, TX 73301
141807,Vareebadd Phone,1,400.0,2019-01-11 20:23:00,402 Maple St, Los Angeles, CA 90001
141808,Lightning Charging Cable,1,14.95,2019-01-10 18:36:00,373 Cedar St, Seattle, WA 98101
141809,Google Phone,1,600.0,2019-01-08 15:38:00,457 Adams St, Los Angeles, CA 90001
141809,USB-C Charging Cable,1,11.95,2019-01-08 15:38:00,457 Adams St, Los Angeles, CA 90001
141810,Lightning Charging Cable,1,14.95,2019-01-16 12:23:00,449 14th St, Austin, TX 73301
141811,AAA Batteries (4-pack),1,2.99,2019-01-03 20:47:00,77 Lakeview St, Seattle, WA 98101
141812,AA Batteries (4-pack),1,3.84,2019-01-19 22:03:00,976 Main St, Atlanta, GA 30301
141813,USB-C Charging Cable,1,11.95,2019-01-10 10:03:00,836 Jefferson St, Seattle, WA 98101
141814,20in Monitor,1,109.99,2019-01-08 15:32:00,583 North St, Los Angeles, CA 90001
141815,AAA Batteries (4-pack),2,2.99,2019-01-22 10:50:00,280 5th St, San Francisco, CA 94016
141816,34in Ultrawide Monitor,1,379.99,2019-01-09 09:22:00,730 Adams St, Boston, MA 02215
141817,LG Dryer,1,600.0,2019-01-04 09:03:00,404 Lakeview St, San Francisco, CA 94016
141818,AA Batteries (4-pack),1,3.84,2019-01-06 06:53:00,91 Hill St, Atlanta, GA 30301
141819,AAA Batteries (4-pack),2,2.99,2019-01-26 22:06:00,318 2nd St, New York City, NY 10001
141820,Lightning Charging Cable,1,14.95,2019-01-21 17:53:00,215 Lincoln St, Austin, TX 73301
141821,USB-C Charging Cable,1,11.95,2019-01-21 12:24:00,337 Wilson St, New York City, NY 10001
141822,Lightning Charging Cable,1,14.95,2019-01-09 18:53:00,775 2nd St, Boston, MA 02215
141823,USB-C Charging Cable,1,11.95,2019-01-27 17:30:00,952 4th St, Atlanta, GA 30301
141824,Wired Headphones,1,11.99,2019-01-14 12:34:00,846 13th St, Atlanta, GA 30301
141825,Lightning Charging Cable,1,14.95,2019-01-16 13:02:00,660 Park St, Atlanta, GA 30301
141826,Lightning Charging Cable,1,14.95,2019-01-25 21:34:00,336 Center St, San Francisco, CA 94016
141827,20in Monitor,1,109.99,2019-01-18 21:33:00,497 Washington St, San Francisco, CA 94016
141828,AA Batteries (4-pack),1,3.84,2019-01-13 11:05:00,611 West St, Atlanta, GA 30301
141829,Flatscreen TV,1,300.0,2019-01-15 12:41:00,214 9th St, San Francisco, CA 94016
141830,USB-C Charging Cable,1,11.95,2019-01-24 08:24:00,873 Lakeview St, Seattle, WA 98101
141831,Bose SoundSport Headphones,1,99.99,2019-01-23 02:42:00,153 Lakeview St, Dallas, TX 75001
141832,34in Ultrawide Monitor,1,379.99,2019-01-03 19:01:00,254 Cedar St, New York City, NY 10001
141833,34in Ultrawide Monitor,1,379.99,2019-01-11 21:16:00,689 6th St, San Francisco, CA 94016
141834,27in FHD Monitor,1,149.99,2019-01-05 12:07:00,704 10th St, San Francisco, CA 94016
141835,Flatscreen TV,1,300.0,2019-01-23 20:33:00,100 Spruce St, Los Angeles, CA 90001
141836,AAA Batteries (4-pack),2,2.99,2019-01-10 22:46:00,906 West St, Seattle, WA 98101
141837,Bose SoundSport Headphones,1,99.99,2019-01-11 08:57:00,858 Wilson St, Boston, MA 02215
141838,Wired Headphones,1,11.99,2019-01-15 15:07:00,4 Main St, San Francisco, CA 94016
141839,USB-C Charging Cable,1,11.95,2019-01-05 10:47:00,448 River St, Boston, MA 02215
141840,USB-C Charging Cable,1,11.95,2019-01-24 23:40:00,739 11th St, Boston, MA 02215
141841,Bose SoundSport Headphones,1,99.99,2019-01-10 20:43:00,309 11th St, San Francisco, CA 94016
141842,Bose SoundSport Headphones,1,99.99,2019-01-19 14:11:00,471 Maple St, San Francisco, CA 94016
141843,AA Batteries (4-pack),1,3.84,2019-01-10 09:59:00,400 9th St, San Francisco, CA 94016
141843,AAA Batteries (4-pack),1,2.99,2019-01-10 09:59:00,400 9th St, San Francisco, CA 94016
141844,Lightning Charging Cable,1,14.95,2019-01-21 20:45:00,368 11th St, Seattle, WA 98101
141845,AAA Batteries (4-pack),1,2.99,2019-01-24 23:20:00,45 Lincoln St, Seattle, WA 98101
141846,AA Batteries (4-pack),1,3.84,2019-01-10 09:03:00,826 Meadow St, Los Angeles, CA 90001
141847,Bose SoundSport Headphones,1,99.99,2019-01-08 15:52:00,946 Lake St, Seattle, WA 98101
141848,USB-C Charging Cable,1,11.95,2019-01-12 16:47:00,1 8th St, Atlanta, GA 30301
141849,Bose SoundSport Headphones,1,99.99,2019-01-15 06:28:00,622 Lake St, Portland, ME 04101
141850,AAA Batteries (4-pack),1,2.99,2019-01-28 18:44:00,676 1st St, Los Angeles, CA 90001
141851,27in FHD Monitor,1,149.99,2019-01-20 10:43:00,325 Chestnut St, New York City, NY 10001
141852,USB-C Charging Cable,1,11.95,2019-01-09 20:04:00,446 Maple St, Los Angeles, CA 90001
141853,Apple Airpods Headphones,1,150.0,2019-01-11 12:32:00,364 Pine St, New York City, NY 10001
141854,20in Monitor,1,109.99,2019-01-03 12:55:00,238 Forest St, Dallas, TX 75001
141855,ThinkPad Laptop,1,999.99,2019-01-01 15:01:00,549 Lincoln St, San Francisco, CA 94016
141856,Lightning Charging Cable,1,14.95,2019-01-10 12:38:00,165 Jefferson St, New York City, NY 10001
141857,Bose SoundSport Headphones,1,99.99,2019-01-10 00:35:00,140 Main St, San Francisco, CA 94016
141858,USB-C Charging Cable,1,11.95,2019-01-10 19:57:00,339 Cedar St, San Francisco, CA 94016
141859,AA Batteries (4-pack),1,3.84,2019-01-24 06:38:00,348 Jackson St, Seattle, WA 98101
141860,ThinkPad Laptop,1,999.99,2019-01-08 15:17:00,760 Jackson St, Los Angeles, CA 90001
141861,27in FHD Monitor,1,149.99,2019-01-15 20:15:00,361 Main St, Los Angeles, CA 90001
141862,Wired Headphones,1,11.99,2019-01-12 11:02:00,754 Pine St, San Francisco, CA 94016
141863,AAA Batteries (4-pack),1,2.99,2019-01-26 16:21:00,373 Chestnut St, Seattle, WA 98101
141864,27in 4K Gaming Monitor,1,389.99,2019-01-18 22:08:00,797 Forest St, Portland, OR 97035
141865,Wired Headphones,2,11.99,2019-01-25 22:16:00,816 South St, San Francisco, CA 94016
141866,Bose SoundSport Headphones,1,99.99,2019-01-27 13:57:00,32 Wilson St, Boston, MA 02215
141867,Apple Airpods Headphones,1,150.0,2019-01-29 13:58:00,763 River St, Los Angeles, CA 90001
141868,Wired Headphones,1,11.99,2019-01-31 20:56:00,166 Pine St, Los Angeles, CA 90001
141869,20in Monitor,1,109.99,2019-01-25 11:13:00,528 Maple St, Los Angeles, CA 90001
141870,AA Batteries (4-pack),2,3.84,2019-01-25 22:23:00,269 Main St, Dallas, TX 75001
141871,Lightning Charging Cable,1,14.95,2019-01-05 06:28:00,782 Jefferson St, San Francisco, CA 94016
141872,34in Ultrawide Monitor,1,379.99,2019-01-19 12:46:00,428 Madison St, Seattle, WA 98101
141873,34in Ultrawide Monitor,1,379.99,2019-01-19 19:12:00,521 Ridge St, San Francisco, CA 94016
141874,Lightning Charging Cable,1,14.95,2019-01-29 20:04:00,960 North St, San Francisco, CA 94016
141875,AA Batteries (4-pack),1,3.84,2019-01-26 14:00:00,896 Dogwood St, San Francisco, CA 94016
141876,Apple Airpods Headphones,1,150.0,2019-01-13 11:16:00,81 Maple St, San Francisco, CA 94016
141877,USB-C Charging Cable,1,11.95,2019-01-01 15:49:00,441 South St, San Francisco, CA 94016
141878,Apple Airpods Headphones,1,150.0,2019-01-17 16:06:00,652 Chestnut St, Atlanta, GA 30301
141879,AA Batteries (4-pack),1,3.84,2019-01-20 20:03:00,595 South St, San Francisco, CA 94016
141880,AAA Batteries (4-pack),2,2.99,2019-01-31 01:21:00,623 9th St, Dallas, TX 75001
222910,Apple Airpods Headphones,1,150.0,2019-07-26 16:51:00,389 South St, Atlanta, GA 30301
222911,Flatscreen TV,1,300.0,2019-07-05 08:55:00,590 4th St, Seattle, WA 98101
222912,AA Batteries (4-pack),1,3.84,2019-07-29 12:41:00,861 Hill St, Atlanta, GA 30301
222913,AA Batteries (4-pack),1,3.84,2019-07-28 10:15:00,190 Ridge St, Atlanta, GA 30301
222914,AAA Batteries (4-pack),5,2.99,2019-07-31 02:13:00,824 Forest St, Seattle, WA 98101
222915,Bose SoundSport Headphones,1,99.99,2019-07-03 18:30:00,899 Elm St, San Francisco, CA 94016
222916,Google Phone,1,600.0,2019-07-21 22:39:00,745 Chestnut St, New York City, NY 10001
222917,LG Dryer,1,600.0,2019-07-17 13:44:00,490 Adams St, New York City, NY 10001
222918,USB-C Charging Cable,1,11.95,2019-07-14 21:16:00,207 1st St, Los Angeles, CA 90001
222919,Lightning Charging Cable,1,14.95,2019-07-14 13:24:00,29 Jefferson St, Dallas, TX 75001
222920,AA Batteries (4-pack),1,3.84,2019-07-30 04:42:00,590 6th St, San Francisco, CA 94016
222921,Lightning Charging Cable,1,14.95,2019-07-02 11:04:00,960 Willow St, San Francisco, CA 94016
222922,34in Ultrawide Monitor,1,379.99,2019-07-20 21:12:00,616 Chestnut St, Dallas, TX 75001
222923,AAA Batteries (4-pack),1,2.99,2019-07-05 12:16:00,105 Johnson St, Los Angeles, CA 90001
222924,Bose SoundSport Headphones,1,99.99,2019-07-13 20:46:00,444 Spruce St, San Francisco, CA 94016
222925,Apple Airpods Headphones,1,150.0,2019-07-09 02:59:00,764 Adams St, San Francisco, CA 94016
222926,Lightning Charging Cable,2,14.95,2019-07-15 17:44:00,577 Lakeview St, Los Angeles, CA 90001
222927,Wired Headphones,1,11.99,2019-07-31 20:34:00,244 Washington St, Los Angeles, CA 90001
222928,Google Phone,1,600.0,2019-07-15 17:18:00,524 Cherry St, San Francisco, CA 94016
222929,Vareebadd Phone,1,400.0,2019-07-04 19:46:00,882 Hickory St, Boston, MA 02215
222930,Lightning Charging Cable,1,14.95,2019-07-20 20:57:00,826 River St, San Francisco, CA 94016
222931,USB-C Charging Cable,1,11.95,2019-07-18 09:21:00,145 Pine St, Boston, MA 02215
222932,Wired Headphones,1,11.99,2019-07-24 17:32:00,386 Cedar St, Los Angeles, CA 90001
222933,LG Dryer,1,600.0,2019-07-30 13:20:00,76 2nd St, Los Angeles, CA 90001
222934,AA Batteries (4-pack),2,3.84,2019-07-03 23:51:00,437 River St, Seattle, WA 98101
222935,AAA Batteries (4-pack),1,2.99,2019-07-23 12:20:00,118 9th St, San Francisco, CA 94016
222936,27in FHD Monitor,1,149.99,2019-07-04 12:29:00,483 West St, Boston, MA 02215
222937,Lightning Charging Cable,2,14.95,2019-07-03 09:01:00,538 North St, San Francisco, CA 94016
222938,Flatscreen TV,1,300.0,2019-07-20 17:49:00,523 Hickory St, Dallas, TX 75001
222939,Apple Airpods Headphones,1,150.0,2019-07-17 21:53:00,597 Madison St, Los Angeles, CA 90001
222940,Wired Headphones,2,11.99,2019-07-05 15:06:00,779 Maple St, San Francisco, CA 94016
222941,Apple Airpods Headphones,1,150.0,2019-07-02 05:48:00,631 Willow St, San Francisco, CA 94016
222942,Lightning Charging Cable,1,14.95,2019-07-07 10:00:00,424 Church St, Portland, OR 97035
222943,Lightning Charging Cable,1,14.95,2019-07-20 23:39:00,575 4th St, Seattle, WA 98101
222944,27in FHD Monitor,1,149.99,2019-07-07 22:52:00,70 Meadow St, San Francisco, CA 94016
222945,Wired Headphones,1,11.99,2019-07-21 21:51:00,191 Dogwood St, Los Angeles, CA 90001
222946,20in Monitor,1,109.99,2019-07-14 22:19:00,49 Park St, New York City, NY 10001
222947,ThinkPad Laptop,1,999.99,2019-07-16 09:15:00,612 Spruce St, New York City, NY 10001
222948,USB-C Charging Cable,1,11.95,2019-07-10 08:18:00,631 12th St, San Francisco, CA 94016
222949,USB-C Charging Cable,1,11.95,2019-07-28 17:24:00,902 Cedar St, Dallas, TX 75001
222950,Lightning Charging Cable,1,14.95,2019-07-17 19:05:00,358 1st St, Dallas, TX 75001
222951,Apple Airpods Headphones,1,150.0,2019-07-08 12:34:00,781 Maple St, San Francisco, CA 94016
222952,Lightning Charging Cable,1,14.95,2019-07-06 16:01:00,879 Park St, San Francisco, CA 94016
222953,Lightning Charging Cable,1,14.95,2019-07-31 02:56:00,109 Highland St, Los Angeles, CA 90001
222954,AA Batteries (4-pack),2,3.84,2019-07-14 18:11:00,980 Chestnut St, Dallas, TX 75001
222955,USB-C Charging Cable,1,11.95,2019-07-01 14:27:00,117 Lake St, Los Angeles, CA 90001
222956,27in 4K Gaming Monitor,1,389.99,2019-07-11 20:18:00,525 6th St, Atlanta, GA 30301
222957,AAA Batteries (4-pack),1,2.99,2019-07-19 10:11:00,143 5th St, Portland, OR 97035
222958,AAA Batteries (4-pack),1,2.99,2019-07-26 21:00:00,777 5th St, Dallas, TX 75001
222959,ThinkPad Laptop,1,999.99,2019-07-15 13:07:00,252 River St, Dallas, TX 75001
222960,Lightning Charging Cable,1,14.95,2019-07-11 08:44:00,638 Dogwood St, San Francisco, CA 94016
222961,Lightning Charging Cable,1,14.95,2019-07-04 05:44:00,840 5th St, Dallas, TX 75001
222962,Wired Headphones,1,11.99,2019-07-20 09:20:00,694 Cherry St, Seattle, WA 98101
222963,USB-C Charging Cable,1,11.95,2019-07-29 09:11:00,734 Elm St, Boston, MA 02215
222964,Macbook Pro Laptop,1,1700.0,2019-07-24 20:18:00,601 Lake St, Boston, MA 02215
222965,AAA Batteries (4-pack),2,2.99,2019-07-07 12:06:00,792 Cedar St, San Francisco, CA 94016
222966,AA Batteries (4-pack),2,3.84,2019-07-13 01:01:00,718 7th St, Seattle, WA 98101
222967,20in Monitor,1,109.99,2019-07-14 11:58:00,161 13th St, San Francisco, CA 94016
222968,AA Batteries (4-pack),1,3.84,2019-07-24 15:32:00,536 14th St, San Francisco, CA 94016
222969,AAA Batteries (4-pack),1,2.99,2019-07-05 17:00:00,248 Johnson St, San Francisco, CA 94016
222970,AAA Batteries (4-pack),1,2.99,2019-07-09 11:08:00,594 Church St, Atlanta, GA 30301
222971,Apple Airpods Headphones,1,150.0,2019-07-05 14:49:00,444 Spruce St, Austin, TX 73301
222972,Wired Headphones,1,11.99,2019-07-09 09:17:00,917 Madison St, Seattle, WA 98101
222973,Flatscreen TV,1,300.0,2019-07-18 14:40:00,509 Hickory St, Seattle, WA 98101
222974,Lightning Charging Cable,1,14.95,2019-07-09 19:51:00,112 Wilson St, Los Angeles, CA 90001
222975,Wired Headphones,1,11.99,2019-07-19 16:15:00,541 Hickory St, Los Angeles, CA 90001
222976,Lightning Charging Cable,1,14.95,2019-07-17 10:14:00,390 1st St, Los Angeles, CA 90001
222977,Lightning Charging Cable,1,14.95,2019-07-14 22:07:00,660 Walnut St, Los Angeles, CA 90001
222978,AAA Batteries (4-pack),2,2.99,2019-07-04 12:23:00,941 Willow St, Seattle, WA 98101
222979,Bose SoundSport Headphones,1,99.99,2019-07-11 23:59:00,844 Center St, Seattle, WA 98101
222980,Bose SoundSport Headphones,1,99.99,2019-07-13 11:16:00,519 Park St, Atlanta, GA 30301
222981,USB-C Charging Cable,1,11.95,2019-07-26 00:40:00,791 9th St, Austin, TX 73301
222982,Flatscreen TV,1,300.0,2019-07-28 12:40:00,651 Ridge St, Portland, OR 97035
222983,Lightning Charging Cable,1,14.95,2019-07-16 00:06:00,639 Spruce St, Boston, MA 02215
222984,USB-C Charging Cable,1,11.95,2019-07-29 21:50:00,305 Johnson St, Austin, TX 73301
222985,Bose SoundSport Headphones,1,99.99,2019-07-21 12:41:00,846 Lake St, Dallas, TX 75001
222986,Lightning Charging Cable,1,14.95,2019-07-05 11:13:00,313 Forest St, San Francisco, CA 94016
222987,AAA Batteries (4-pack),1,2.99,2019-07-31 16:56:00,538 1st St, New York City, NY 10001
222988,Lightning Charging Cable,1,14.95,2019-07-04 09:44:00,647 Meadow St, Dallas, TX 75001
222989,Lightning Charging Cable,1,14.95,2019-07-07 20:53:00,48 Walnut St, Dallas, TX 75001
222990,AAA Batteries (4-pack),2,2.99,2019-07-19 18:33:00,419 Jackson St, New York City, NY 10001
222991,27in FHD Monitor,1,149.99,2019-07-05 10:06:00,450 8th St, Los Angeles, CA 90001
222992,AA Batteries (4-pack),1,3.84,2019-07-05 18:49:00,779 Washington St, San Francisco, CA 94016
222993,AAA Batteries (4-pack),1,2.99,2019-07-25 21:40:00,697 Adams St, Los Angeles, CA 90001
222994,USB-C Charging Cable,1,11.95,2019-07-10 18:59:00,251 Cedar St, New York City, NY 10001
222995,34in Ultrawide Monitor,1,379.99,2019-07-27 16:15:00,837 Park St, San Francisco, CA 94016
222996,27in FHD Monitor,1,149.99,2019-07-12 16:53:00,885 Sunset St, Los Angeles, CA 90001
222997,AAA Batteries (4-pack),1,2.99,2019-07-21 16:44:00,619 Willow St, New York City, NY 10001
222998,Lightning Charging Cable,1,14.95,2019-07-28 03:41:00,38 Lakeview St, Boston, MA 02215
222999,Flatscreen TV,1,300.0,2019-07-29 17:17:00,615 Cherry St, Seattle, WA 98101
223000,AAA Batteries (4-pack),1,2.99,2019-07-19 20:29:00,670 10th St, Atlanta, GA 30301
223001,Apple Airpods Headphones,1,150.0,2019-07-29 11:56:00,978 10th St, San Francisco, CA 94016
223002,AA Batteries (4-pack),1,3.84,2019-07-13 18:48:00,603 12th St, Dallas, TX 75001
223003,Lightning Charging Cable,1,14.95,2019-07-09 17:51:00,18 Jefferson St, San Francisco, CA 94016
223004,AAA Batteries (4-pack),1,2.99,2019-07-14 02:43:00,911 Spruce St, San Francisco, CA 94016
223005,27in FHD Monitor,1,149.99,2019-07-26 21:39:00,306 Lake St, Austin, TX 73301
223006,Lightning Charging Cable,1,14.95,2019-07-22 16:50:00,499 Park St, Los Angeles, CA 90001
223007,Bose SoundSport Headphones,1,99.99,2019-07-06 11:07:00,481 10th St, Portland, OR 97035
223008,AAA Batteries (4-pack),3,2.99,2019-07-12 00:54:00,289 13th St, Boston, MA 02215
223009,Apple Airpods Headphones,1,150.0,2019-07-28 07:59:00,152 9th St, Boston, MA 02215
223010,AAA Batteries (4-pack),1,2.99,2019-07-18 12:17:00,518 Wilson St, Boston, MA 02215
223011,Apple Airpods Headphones,1,150.0,2019-07-09 17:19:00,87 Sunset St, San Francisco, CA 94016
223012,Bose SoundSport Headphones,1,99.99,2019-07-13 10:10:00,233 12th St, Austin, TX 73301
223013,AAA Batteries (4-pack),2,2.99,2019-07-27 14:11:00,289 8th St, New York City, NY 10001
223014,Wired Headphones,1,11.99,2019-07-10 17:43:00,421 Highland St, Atlanta, GA 30301
223015,Bose SoundSport Headphones,1,99.99,2019-07-26 14:47:00,605 Johnson St, San Francisco, CA 94016
223016,USB-C Charging Cable,1,11.95,2019-07-20 08:42:00,700 Church St, New York City, NY 10001
223017,AAA Batteries (4-pack),2,2.99,2019-07-02 22:09:00,773 Hickory St, San Francisco, CA 94016
223018,ThinkPad Laptop,1,999.99,2019-07-04 08:39:00,767 Adams St, Los Angeles, CA 90001
223019,AAA Batteries (4-pack),2,2.99,2019-07-29 13:49:00,788 Hill St, Dallas, TX 75001
223020,27in FHD Monitor,1,149.99,2019-07-08 10:08:00,296 9th St, Boston, MA 02215
223021,AAA Batteries (4-pack),1,2.99,2019-07-07 11:31:00,657 10th St, Los Angeles, CA 90001
223022,Lightning Charging Cable,1,14.95,2019-07-31 17:45:00,93 Madison St, Atlanta, GA 30301
223023,Bose SoundSport Headphones,1,99.99,2019-07-01 18:12:00,268 Meadow St, San Francisco, CA 94016
223024,AAA Batteries (4-pack),2,2.99,2019-07-23 14:04:00,91 Jefferson St, Dallas, TX 75001
223025,AA Batteries (4-pack),1,3.84,2019-07-23 00:58:00,142 Pine St, San Francisco, CA 94016
223026,Wired Headphones,1,11.99,2019-07-25 12:49:00,47 Pine St, San Francisco, CA 94016
223027,AA Batteries (4-pack),1,3.84,2019-07-11 16:29:00,876 Center St, Austin, TX 73301
223028,Vareebadd Phone,1,400.0,2019-07-07 10:21:00,969 10th St, San Francisco, CA 94016
223028,USB-C Charging Cable,2,11.95,2019-07-07 10:21:00,969 10th St, San Francisco, CA 94016
223028,Wired Headphones,1,11.99,2019-07-07 10:21:00,969 10th St, San Francisco, CA 94016
223029,USB-C Charging Cable,1,11.95,2019-07-18 11:15:00,144 Adams St, New York City, NY 10001
223030,Bose SoundSport Headphones,1,99.99,2019-07-09 19:04:00,704 13th St, Los Angeles, CA 90001
223031,27in FHD Monitor,1,149.99,2019-07-28 09:30:00,445 Johnson St, Los Angeles, CA 90001
223032,Apple Airpods Headphones,1,150.0,2019-07-20 18:47:00,8 Cherry St, Dallas, TX 75001
223033,AAA Batteries (4-pack),1,2.99,2019-07-01 18:27:00,972 Meadow St, Atlanta, GA 30301
223034,Wired Headphones,1,11.99,2019-07-06 09:22:00,927 South St, Portland, OR 97035
223035,Flatscreen TV,1,300.0,2019-07-27 12:04:00,911 Sunset St, Portland, OR 97035
223036,Apple Airpods Headphones,1,150.0,2019-07-31 10:59:00,828 Willow St, Boston, MA 02215
223037,Wired Headphones,1,11.99,2019-07-21 20:58:00,24 Adams St, Los Angeles, CA 90001
223038,Lightning Charging Cable,1,14.95,2019-07-03 14:19:00,990 11th St, Los Angeles, CA 90001
223039,Flatscreen TV,1,300.0,2019-07-27 11:44:00,9 Center St, Dallas, TX 75001
223040,Apple Airpods Headphones,1,150.0,2019-07-19 20:05:00,395 West St, Austin, TX 73301
223041,27in 4K Gaming Monitor,1,389.99,2019-07-11 08:16:00,330 River St, New York City, NY 10001
223042,Lightning Charging Cable,1,14.95,2019-07-10 08:42:00,983 Jackson St, Dallas, TX 75001
223043,Lightning Charging Cable,1,14.95,2019-07-01 10:20:00,662 North St, Atlanta, GA 30301
223044,Apple Airpods Headphones,1,150.0,2019-07-05 11:15:00,605 6th St, San Francisco, CA 94016
223045,LG Dryer,1,600.0,2019-07-18 20:22:00,457 2nd St, Boston, MA 02215
223046,USB-C Charging Cable,1,11.95,2019-07-15 23:04:00,335 Ridge St, Los Angeles, CA 90001
223047,AA Batteries (4-pack),1,3.84,2019-07-16 15:16:00,541 Lakeview St, Los Angeles, CA 90001
223048,Vareebadd Phone,1,400.0,2019-07-21 17:19:00,168 8th St, Portland, OR 97035
223048,USB-C Charging Cable,2,11.95,2019-07-21 17:19:00,168 8th St, Portland, OR 97035
223049,Flatscreen TV,1,300.0,2019-07-24 23:24:00,595 Jackson St, San Francisco, CA 94016
223050,ThinkPad Laptop,1,999.99,2019-07-14 18:14:00,842 Washington St, Los Angeles, CA 90001
223051,Bose SoundSport Headphones,1,99.99,2019-07-27 16:35:00,819 Cherry St, Los Angeles, CA 90001
223052,USB-C Charging Cable,1,11.95,2019-07-09 20:05:00,549 Lincoln St, San Francisco, CA 94016
223053,LG Dryer,1,600.0,2019-07-06 08:37:00,226 2nd St, Seattle, WA 98101
223054,Wired Headphones,1,11.99,2019-07-28 18:08:00,905 Chestnut St, Boston, MA 02215
223055,AA Batteries (4-pack),1,3.84,2019-07-14 14:04:00,181 Walnut St, Los Angeles, CA 90001
223056,USB-C Charging Cable,1,11.95,2019-07-27 17:19:00,907 Madison St, San Francisco, CA 94016
223057,Bose SoundSport Headphones,1,99.99,2019-07-12 11:30:00,195 Washington St, San Francisco, CA 94016
223058,Bose SoundSport Headphones,1,99.99,2019-07-01 08:09:00,993 Main St, Boston, MA 02215
223059,USB-C Charging Cable,1,11.95,2019-07-23 02:09:00,84 10th St, Boston, MA 02215
223060,AA Batteries (4-pack),1,3.84,2019-07-20 13:14:00,613 Johnson St, San Francisco, CA 94016
223061,Lightning Charging Cable,2,14.95,2019-07-14 22:02:00,788 Center St, Dallas, TX 75001
223062,ThinkPad Laptop,1,999.99,2019-07-12 19:58:00,756 5th St, Atlanta, GA 30301
223063,USB-C Charging Cable,1,11.95,2019-07-02 21:37:00,535 Cedar St, Portland, OR 97035
223064,AAA Batteries (4-pack),1,2.99,2019-07-13 19:23:00,627 13th St, San Francisco, CA 94016
223065,Bose SoundSport Headphones,2,99.99,2019-07-02 20:20:00,180 Park St, San Francisco, CA 94016
223066,Macbook Pro Laptop,1,1700.0,2019-07-16 08:31:00,377 Madison St, San Francisco, CA 94016
223067,AAA Batteries (4-pack),1,2.99,2019-07-11 13:46:00,189 Johnson St, Los Angeles, CA 90001
223068,AA Batteries (4-pack),1,3.84,2019-07-29 18:11:00,450 Church St, San Francisco, CA 94016
223069,AA Batteries (4-pack),1,3.84,2019-07-17 20:50:00,486 4th St, San Francisco, CA 94016
223070,AAA Batteries (4-pack),1,2.99,2019-07-19 08:29:00,172 Adams St, Boston, MA 02215
223071,Lightning Charging Cable,1,14.95,2019-07-17 12:01:00,758 Madison St, New York City, NY 10001
223072,Lightning Charging Cable,1,14.95,2019-07-18 02:39:00,252 Madison St, Boston, MA 02215
223073,Wired Headphones,1,11.99,2019-07-02 15:41:00,972 Dogwood St, San Francisco, CA 94016
223074,USB-C Charging Cable,1,11.95,2019-07-15 10:07:00,899 North St, Los Angeles, CA 90001
223075,USB-C Charging Cable,1,11.95,2019-07-22 14:15:00,752 Chestnut St, San Francisco, CA 94016
223076,Lightning Charging Cable,1,14.95,2019-07-10 13:21:00,692 Spruce St, Boston, MA 02215
223077,ThinkPad Laptop,1,999.99,2019-07-06 13:01:00,261 Sunset St, San Francisco, CA 94016
223078,Lightning Charging Cable,1,14.95,2019-07-10 19:23:00,865 Meadow St, Atlanta, GA 30301
223079,27in 4K Gaming Monitor,1,389.99,2019-07-18 10:22:00,211 Ridge St, Austin, TX 73301
223080,Apple Airpods Headphones,1,150.0,2019-07-09 18:26:00,275 Jackson St, Austin, TX 73301
223081,USB-C Charging Cable,1,11.95,2019-07-05 15:55:00,983 12th St, San Francisco, CA 94016
223082,USB-C Charging Cable,1,11.95,2019-07-07 09:54:00,158 7th St, Seattle, WA 98101
223083,USB-C Charging Cable,1,11.95,2019-07-13 21:05:00,277 Lakeview St, Portland, OR 97035
223084,Lightning Charging Cable,1,14.95,2019-07-02 15:08:00,555 Pine St, Los Angeles, CA 90001
223085,iPhone,1,700.0,2019-07-22 11:56:00,875 Madison St, Los Angeles, CA 90001
223086,Apple Airpods Headphones,1,150.0,2019-07-22 11:08:00,938 Meadow St, Los Angeles, CA 90001
223087,iPhone,1,700.0,2019-07-26 11:06:00,864 10th St, Boston, MA 02215
223088,AA Batteries (4-pack),1,3.84,2019-07-05 22:58:00,715 North St, Seattle, WA 98101
223089,AA Batteries (4-pack),1,3.84,2019-07-17 17:53:00,650 Hickory St, New York City, NY 10001
223090,USB-C Charging Cable,1,11.95,2019-07-12 16:18:00,739 Adams St, New York City, NY 10001
223091,Bose SoundSport Headphones,1,99.99,2019-07-20 11:02:00,415 Cedar St, New York City, NY 10001
223092,ThinkPad Laptop,1,999.99,2019-07-11 15:27:00,634 Washington St, Boston, MA 02215
223093,AA Batteries (4-pack),1,3.84,2019-07-01 10:48:00,899 1st St, San Francisco, CA 94016
223094,Wired Headphones,1,11.99,2019-07-18 11:15:00,971 Chestnut St, Los Angeles, CA 90001
223095,Apple Airpods Headphones,1,150.0,2019-07-03 13:42:00,876 Cedar St, Los Angeles, CA 90001
223095,AA Batteries (4-pack),1,3.84,2019-07-03 13:42:00,876 Cedar St, Los Angeles, CA 90001
223096,AAA Batteries (4-pack),2,2.99,2019-07-08 19:31:00,846 Sunset St, Portland, OR 97035
223097,Lightning Charging Cable,1,14.95,2019-07-11 12:29:00,77 10th St, Los Angeles, CA 90001
223098,Apple Airpods Headphones,1,150.0,2019-07-23 18:23:00,374 Cherry St, San Francisco, CA 94016
223099,AAA Batteries (4-pack),3,2.99,2019-07-29 22:46:00,3 Highland St, New York City, NY 10001
223100,USB-C Charging Cable,1,11.95,2019-07-29 16:56:00,516 Jackson St, New York City, NY 10001
223101,Wired Headphones,1,11.99,2019-07-10 16:55:00,924 Lincoln St, San Francisco, CA 94016
223102,Wired Headphones,2,11.99,2019-07-16 20:54:00,484 7th St, Seattle, WA 98101
223103,Apple Airpods Headphones,1,150.0,2019-07-13 11:25:00,107 West St, San Francisco, CA 94016
223104,20in Monitor,1,109.99,2019-07-08 07:29:00,505 4th St, Los Angeles, CA 90001
209921,USB-C Charging Cable,1,11.95,2019-06-23 19:34:00,950 Walnut St, Portland, ME 04101
209922,Macbook Pro Laptop,1,1700.0,2019-06-30 10:05:00,80 4th St, San Francisco, CA 94016
209923,ThinkPad Laptop,1,999.99,2019-06-24 20:18:00,402 Jackson St, Los Angeles, CA 90001
209924,27in FHD Monitor,1,149.99,2019-06-05 10:21:00,560 10th St, Seattle, WA 98101
209925,Bose SoundSport Headphones,1,99.99,2019-06-25 18:58:00,545 2nd St, San Francisco, CA 94016
209926,Apple Airpods Headphones,1,150.0,2019-06-28 20:04:00,386 Lake St, Seattle, WA 98101
209927,Lightning Charging Cable,1,14.95,2019-06-28 00:07:00,29 Lincoln St, Los Angeles, CA 90001
209928,Apple Airpods Headphones,1,150.0,2019-06-16 21:30:00,350 9th St, New York City, NY 10001
209929,Wired Headphones,1,11.99,2019-06-28 10:56:00,612 Meadow St, Portland, OR 97035
209930,27in FHD Monitor,1,149.99,2019-06-02 11:22:00,625 Ridge St, Los Angeles, CA 90001
209931,Apple Airpods Headphones,1,150.0,2019-06-24 13:55:00,761 14th St, New York City, NY 10001
209932,Flatscreen TV,1,300.0,2019-06-12 14:36:00,858 8th St, Boston, MA 02215
209933,AA Batteries (4-pack),1,3.84,2019-06-07 15:39:00,932 Lakeview St, San Francisco, CA 94016
209934,AAA Batteries (4-pack),1,2.99,2019-06-13 20:53:00,387 Dogwood St, Boston, MA 02215
209935,AAA Batteries (4-pack),1,2.99,2019-06-09 11:13:00,530 Cedar St, Boston, MA 02215
209936,34in Ultrawide Monitor,1,379.99,2019-06-15 12:21:00,769 Dogwood St, Dallas, TX 75001
209937,AA Batteries (4-pack),1,3.84,2019-06-29 18:01:00,675 Maple St, Dallas, TX 75001
209938,iPhone,1,700.0,2019-06-15 12:29:00,766 Meadow St, Seattle, WA 98101
209938,Wired Headphones,1,11.99,2019-06-15 12:29:00,766 Meadow St, Seattle, WA 98101
209939,Google Phone,1,600.0,2019-06-08 16:55:00,313 South St, San Francisco, CA 94016
209940,34in Ultrawide Monitor,1,379.99,2019-06-26 15:24:00,990 South St, Atlanta, GA 30301
209941,Wired Headphones,1,11.99,2019-06-27 11:18:00,486 13th St, Boston, MA 02215
209942,27in 4K Gaming Monitor,1,389.99,2019-06-19 13:52:00,874 Wilson St, Austin, TX 73301
209943,AAA Batteries (4-pack),3,2.99,2019-06-23 16:19:00,158 Willow St, Los Angeles, CA 90001
209944,27in FHD Monitor,1,149.99,2019-06-02 19:10:00,916 Lake St, Austin, TX 73301
209945,AA Batteries (4-pack),1,3.84,2019-06-28 08:53:00,211 12th St, San Francisco, CA 94016
209946,Google Phone,1,600.0,2019-06-28 22:13:00,66 Cherry St, San Francisco, CA 94016
209947,Apple Airpods Headphones,1,150.0,2019-06-06 22:41:00,7 Lakeview St, San Francisco, CA 94016
209948,Macbook Pro Laptop,1,1700.0,2019-06-09 01:48:00,101 Spruce St, Atlanta, GA 30301
209949,Google Phone,1,600.0,2019-06-23 07:45:00,637 12th St, San Francisco, CA 94016
209949,USB-C Charging Cable,1,11.95,2019-06-23 07:45:00,637 12th St, San Francisco, CA 94016
209950,Wired Headphones,2,11.99,2019-06-01 18:03:00,689 Walnut St, Los Angeles, CA 90001
209951,27in 4K Gaming Monitor,1,389.99,2019-06-30 13:04:00,998 Johnson St, New York City, NY 10001
209952,20in Monitor,1,109.99,2019-06-26 17:48:00,314 Willow St, Dallas, TX 75001
209953,Google Phone,1,600.0,2019-06-16 16:59:00,753 6th St, Dallas, TX 75001
209954,iPhone,1,700.0,2019-06-16 07:21:00,599 2nd St, San Francisco, CA 94016
209955,AA Batteries (4-pack),1,3.84,2019-06-15 21:25:00,549 2nd St, Atlanta, GA 30301
209956,AA Batteries (4-pack),2,3.84,2019-06-26 15:23:00,910 Jackson St, Seattle, WA 98101
209957,AA Batteries (4-pack),1,3.84,2019-06-13 12:23:00,545 Dogwood St, Los Angeles, CA 90001
209958,Wired Headphones,1,11.99,2019-06-06 12:09:00,326 Hickory St, Los Angeles, CA 90001
209959,USB-C Charging Cable,1,11.95,2019-06-01 15:48:00,88 River St, Atlanta, GA 30301
209960,USB-C Charging Cable,1,11.95,2019-06-22 11:53:00,333 Sunset St, Dallas, TX 75001
209960,AA Batteries (4-pack),1,3.84,2019-06-22 11:53:00,333 Sunset St, Dallas, TX 75001
209961,iPhone,1,700.0,2019-06-01 23:00:00,482 South St, Austin, TX 73301
209961,Lightning Charging Cable,1,14.95,2019-06-01 23:00:00,482 South St, Austin, TX 73301
209962,USB-C Charging Cable,1,11.95,2019-06-23 10:58:00,441 Cherry St, New York City, NY 10001
209963,Lightning Charging Cable,1,14.95,2019-06-13 18:58:00,551 Hill St, Boston, MA 02215
209964,USB-C Charging Cable,2,11.95,2019-06-11 14:30:00,822 8th St, Los Angeles, CA 90001
209965,20in Monitor,1,109.99,2019-06-24 14:00:00,910 North St, San Francisco, CA 94016
209966,Lightning Charging Cable,1,14.95,2019-06-20 09:46:00,743 Adams St, New York City, NY 10001
209967,AA Batteries (4-pack),2,3.84,2019-06-21 21:18:00,584 Chestnut St, San Francisco, CA 94016
209968,Apple Airpods Headphones,1,150.0,2019-06-23 13:06:00,120 Church St, Dallas, TX 75001
209969,Apple Airpods Headphones,1,150.0,2019-06-21 15:55:00,133 Sunset St, Los Angeles, CA 90001
209970,AAA Batteries (4-pack),1,2.99,2019-06-08 20:58:00,181 Meadow St, Seattle, WA 98101
209971,AA Batteries (4-pack),1,3.84,2019-06-22 15:11:00,440 Maple St, Dallas, TX 75001
209972,Wired Headphones,1,11.99,2019-06-14 17:09:00,690 11th St, New York City, NY 10001
209973,Bose SoundSport Headphones,1,99.99,2019-06-06 12:20:00,658 Highland St, Austin, TX 73301
209974,USB-C Charging Cable,1,11.95,2019-06-11 10:06:00,555 9th St, New York City, NY 10001
209975,AA Batteries (4-pack),3,3.84,2019-06-05 21:25:00,152 Johnson St, New York City, NY 10001
209976,Apple Airpods Headphones,1,150.0,2019-06-26 11:52:00,966 Washington St, Atlanta, GA 30301
209977,AA Batteries (4-pack),1,3.84,2019-06-01 06:28:00,96 14th St, Los Angeles, CA 90001
209978,Lightning Charging Cable,1,14.95,2019-06-05 13:50:00,57 1st St, Los Angeles, CA 90001
209979,USB-C Charging Cable,1,11.95,2019-06-24 09:42:00,979 2nd St, San Francisco, CA 94016
209980,Bose SoundSport Headphones,1,99.99,2019-06-28 20:28:00,875 Forest St, New York City, NY 10001
209981,iPhone,1,700.0,2019-06-05 19:25:00,898 14th St, Los Angeles, CA 90001
209982,27in 4K Gaming Monitor,1,389.99,2019-06-17 19:31:00,315 Forest St, New York City, NY 10001
209983,Macbook Pro Laptop,1,1700.0,2019-06-22 16:25:00,702 Center St, Seattle, WA 98101
209984,USB-C Charging Cable,1,11.95,2019-06-03 06:50:00,36 7th St, Seattle, WA 98101
209985,Apple Airpods Headphones,1,150.0,2019-06-05 22:18:00,54 12th St, Portland, OR 97035
209986,20in Monitor,1,109.99,2019-06-23 16:49:00,11 Wilson St, New York City, NY 10001
209987,AAA Batteries (4-pack),3,2.99,2019-06-03 03:22:00,76 River St, Los Angeles, CA 90001
209988,Wired Headphones,1,11.99,2019-06-27 18:04:00,403 Main St, San Francisco, CA 94016
209989,iPhone,1,700.0,2019-06-19 23:34:00,285 8th St, Los Angeles, CA 90001
209990,Google Phone,1,600.0,2019-06-16 20:31:00,557 Wilson St, Austin, TX 73301
209991,AAA Batteries (4-pack),1,2.99,2019-06-02 19:00:00,835 Chestnut St, Boston, MA 02215
209992,Apple Airpods Headphones,1,150.0,2019-06-21 07:51:00,207 13th St, Boston, MA 02215
209993,USB-C Charging Cable,1,11.95,2019-06-04 18:14:00,810 Meadow St, Dallas, TX 75001
209994,Lightning Charging Cable,1,14.95,2019-06-28 21:01:00,679 Washington St, Boston, MA 02215
209995,27in 4K Gaming Monitor,1,389.99,2019-06-13 19:16:00,890 Washington St, Austin, TX 73301
209996,Google Phone,1,600.0,2019-06-13 08:21:00,965 Johnson St, Austin, TX 73301
209997,AA Batteries (4-pack),1,3.84,2019-06-19 11:23:00,594 Lake St, New York City, NY 10001
209998,Bose SoundSport Headphones,1,99.99,2019-06-17 23:15:00,988 Madison St, San Francisco, CA 94016
209999,Bose SoundSport Headphones,1,99.99,2019-06-16 08:37:00,949 10th St, Dallas, TX 75001
210000,iPhone,1,700.0,2019-06-06 19:17:00,534 Park St, Los Angeles, CA 90001
210001,AA Batteries (4-pack),1,3.84,2019-06-22 12:47:00,171 Madison St, Portland, OR 97035
210002,AAA Batteries (4-pack),1,2.99,2019-06-26 13:28:00,124 Park St, San Francisco, CA 94016
210003,Bose SoundSport Headphones,1,99.99,2019-06-26 15:09:00,928 West St, Boston, MA 02215
210004,AAA Batteries (4-pack),1,2.99,2019-06-23 14:40:00,868 8th St, San Francisco, CA 94016
210005,AAA Batteries (4-pack),1,2.99,2019-06-12 19:53:00,532 Willow St, Atlanta, GA 30301
210006,Lightning Charging Cable,1,14.95,2019-06-21 19:02:00,186 14th St, Boston, MA 02215
210007,iPhone,1,700.0,2019-06-30 09:06:00,133 Highland St, Dallas, TX 75001
210008,27in FHD Monitor,1,149.99,2019-06-19 00:07:00,433 14th St, Portland, OR 97035
210009,Bose SoundSport Headphones,1,99.99,2019-06-29 09:24:00,35 West St, Los Angeles, CA 90001
210010,USB-C Charging Cable,1,11.95,2019-06-01 10:56:00,469 Pine St, Austin, TX 73301
210011,AA Batteries (4-pack),1,3.84,2019-06-13 15:10:00,615 Forest St, Atlanta, GA 30301
210012,34in Ultrawide Monitor,1,379.99,2019-06-04 17:21:00,507 1st St, San Francisco, CA 94016
210013,AA Batteries (4-pack),2,3.84,2019-06-17 17:27:00,820 5th St, New York City, NY 10001
210014,Wired Headphones,1,11.99,2019-06-28 17:08:00,465 Meadow St, Portland, OR 97035
210015,Wired Headphones,1,11.99,2019-06-06 18:12:00,559 11th St, Atlanta, GA 30301
210016,AA Batteries (4-pack),2,3.84,2019-06-22 22:17:00,34 14th St, San Francisco, CA 94016
210017,AAA Batteries (4-pack),1,2.99,2019-06-18 17:03:00,624 Adams St, Atlanta, GA 30301
210018,Lightning Charging Cable,1,14.95,2019-06-14 15:01:00,684 Maple St, San Francisco, CA 94016
210019,Lightning Charging Cable,1,14.95,2019-06-27 17:10:00,505 Maple St, New York City, NY 10001
210020,Apple Airpods Headphones,1,150.0,2019-06-26 15:02:00,920 Washington St, Los Angeles, CA 90001
210021,AAA Batteries (4-pack),1,2.99,2019-06-07 23:22:00,627 Spruce St, Boston, MA 02215
210022,Lightning Charging Cable,1,14.95,2019-06-29 08:19:00,943 9th St, San Francisco, CA 94016
210023,AA Batteries (4-pack),3,3.84,2019-06-12 21:24:00,838 Dogwood St, Los Angeles, CA 90001
210024,AAA Batteries (4-pack),1,2.99,2019-06-19 20:21:00,649 7th St, Dallas, TX 75001
210025,20in Monitor,1,109.99,2019-06-02 16:59:00,940 14th St, New York City, NY 10001
210026,Bose SoundSport Headphones,1,99.99,2019-06-12 13:42:00,878 4th St, San Francisco, CA 94016
210027,Macbook Pro Laptop,1,1700.0,2019-06-05 14:35:00,763 2nd St, Los Angeles, CA 90001
210028,27in FHD Monitor,1,149.99,2019-06-15 18:24:00,297 12th St, Dallas, TX 75001
210029,Bose SoundSport Headphones,1,99.99,2019-06-05 15:21:00,509 4th St, Dallas, TX 75001
210030,Macbook Pro Laptop,1,1700.0,2019-06-03 09:11:00,479 Willow St, Los Angeles, CA 90001
210031,AAA Batteries (4-pack),1,2.99,2019-06-08 11:01:00,641 Lincoln St, Portland, OR 97035
210032,AA Batteries (4-pack),1,3.84,2019-06-27 11:59:00,569 4th St, Atlanta, GA 30301
210033,AA Batteries (4-pack),2,3.84,2019-06-15 18:25:00,749 North St, New York City, NY 10001
210034,27in 4K Gaming Monitor,1,389.99,2019-06-14 18:07:00,476 1st St, Atlanta, GA 30301
210035,27in FHD Monitor,1,149.99,2019-06-30 14:02:00,386 1st St, Dallas, TX 75001
210036,AA Batteries (4-pack),1,3.84,2019-06-08 19:05:00,598 Meadow St, Boston, MA 02215
210037,AAA Batteries (4-pack),1,2.99,2019-06-26 09:53:00,524 6th St, New York City, NY 10001
210038,ThinkPad Laptop,1,999.99,2019-06-15 14:49:00,443 Maple St, New York City, NY 10001
210039,AAA Batteries (4-pack),1,2.99,2019-06-10 09:08:00,988 Maple St, Dallas, TX 75001
210040,AA Batteries (4-pack),1,3.84,2019-06-29 14:30:00,711 1st St, San Francisco, CA 94016
210041,27in FHD Monitor,1,149.99,2019-06-17 21:31:00,225 West St, Atlanta, GA 30301
210042,Flatscreen TV,1,300.0,2019-06-21 06:28:00,325 Park St, Portland, OR 97035
210043,Apple Airpods Headphones,1,150.0,2019-06-16 23:20:00,395 Main St, Seattle, WA 98101
210044,Apple Airpods Headphones,1,150.0,2019-06-14 00:28:00,372 Spruce St, Portland, OR 97035
210045,Bose SoundSport Headphones,1,99.99,2019-06-03 19:58:00,287 Cedar St, Boston, MA 02215
210046,Apple Airpods Headphones,1,150.0,2019-06-15 11:08:00,816 1st St, San Francisco, CA 94016
210047,34in Ultrawide Monitor,1,379.99,2019-06-06 18:53:00,973 Lakeview St, San Francisco, CA 94016
210048,Wired Headphones,1,11.99,2019-06-05 07:41:00,314 Ridge St, San Francisco, CA 94016
210049,ThinkPad Laptop,1,999.99,2019-06-20 18:20:00,993 6th St, San Francisco, CA 94016
210050,Bose SoundSport Headphones,1,99.99,2019-06-13 11:24:00,271 13th St, New York City, NY 10001
210051,iPhone,1,700.0,2019-06-11 16:15:00,784 Pine St, Austin, TX 73301
210052,USB-C Charging Cable,1,11.95,2019-06-18 14:01:00,24 Main St, Seattle, WA 98101
210053,Lightning Charging Cable,1,14.95,2019-06-04 11:55:00,68 Lake St, Los Angeles, CA 90001
210054,Lightning Charging Cable,1,14.95,2019-06-22 18:26:00,175 6th St, Los Angeles, CA 90001
210055,Apple Airpods Headphones,1,150.0,2019-06-17 20:00:00,575 Wilson St, Portland, ME 04101
210056,Macbook Pro Laptop,1,1700.0,2019-06-09 00:13:00,171 Lakeview St, Seattle, WA 98101
210057,AAA Batteries (4-pack),2,2.99,2019-06-19 09:23:00,82 2nd St, Boston, MA 02215
210058,Lightning Charging Cable,1,14.95,2019-06-12 14:17:00,641 1st St, Austin, TX 73301
210059,27in FHD Monitor,1,149.99,2019-06-06 18:50:00,902 Hickory St, Los Angeles, CA 90001
210060,USB-C Charging Cable,1,11.95,2019-06-06 20:24:00,592 Elm St, Portland, OR 97035
210061,Flatscreen TV,1,300.0,2019-06-28 23:36:00,975 Elm St, San Francisco, CA 94016
210062,AAA Batteries (4-pack),1,2.99,2019-06-04 14:37:00,709 Church St, New York City, NY 10001
210063,Lightning Charging Cable,1,14.95,2019-06-19 23:19:00,77 Highland St, Atlanta, GA 30301
210064,Lightning Charging Cable,1,14.95,2019-06-16 20:39:00,101 Lincoln St, Atlanta, GA 30301
210064,27in FHD Monitor,1,149.99,2019-06-16 20:39:00,101 Lincoln St, Atlanta, GA 30301
210065,Lightning Charging Cable,1,14.95,2019-06-20 15:11:00,490 River St, San Francisco, CA 94016
210066,iPhone,1,700.0,2019-06-07 12:07:00,691 Cherry St, Dallas, TX 75001
210067,Wired Headphones,1,11.99,2019-06-16 15:47:00,471 Lincoln St, Los Angeles, CA 90001
210068,AA Batteries (4-pack),1,3.84,2019-06-09 16:40:00,868 6th St, San Francisco, CA 94016
210069,Google Phone,1,600.0,2019-06-11 06:26:00,743 2nd St, New York City, NY 10001
210070,AAA Batteries (4-pack),1,2.99,2019-06-19 17:05:00,977 Johnson St, San Francisco, CA 94016
210071,Lightning Charging Cable,1,14.95,2019-06-10 17:31:00,988 Pine St, Portland, OR 97035
210072,AA Batteries (4-pack),2,3.84,2019-06-19 16:07:00,921 4th St, San Francisco, CA 94016
210073,Bose SoundSport Headphones,1,99.99,2019-06-14 17:21:00,400 Johnson St, Dallas, TX 75001
210074,AA Batteries (4-pack),2,3.84,2019-06-25 10:06:00,794 Wilson St, Los Angeles, CA 90001
210075,USB-C Charging Cable,1,11.95,2019-06-07 14:29:00,216 Main St, Los Angeles, CA 90001
210076,AA Batteries (4-pack),1,3.84,2019-06-16 22:58:00,168 Washington St, New York City, NY 10001
210077,Wired Headphones,1,11.99,2019-06-15 07:33:00,357 8th St, San Francisco, CA 94016
210078,ThinkPad Laptop,1,999.99,2019-06-08 17:12:00,981 Chestnut St, Portland, OR 97035
210079,LG Dryer,1,600.0,2019-06-10 16:48:00,516 Park St, San Francisco, CA 94016
210080,AAA Batteries (4-pack),1,2.99,2019-06-24 21:20:00,280 Spruce St, Austin, TX 73301
210081,Bose SoundSport Headphones,1,99.99,2019-06-01 21:29:00,354 Dogwood St, Atlanta, GA 30301
210082,USB-C Charging Cable,1,11.95,2019-06-02 15:26:00,119 11th St, Los Angeles, CA 90001
210083,Lightning Charging Cable,1,14.95,2019-06-05 09:51:00,468 12th St, Boston, MA 02215
210084,ThinkPad Laptop,1,999.99,2019-06-11 18:16:00,696 Adams St, Los Angeles, CA 90001
210085,27in FHD Monitor,1,149.99,2019-06-08 19:13:00,425 13th St, Austin, TX 73301
210086,34in Ultrawide Monitor,1,379.99,2019-06-02 21:09:00,550 Lake St, San Francisco, CA 94016
210087,Lightning Charging Cable,1,14.95,2019-06-30 12:11:00,720 Dogwood St, San Francisco, CA 94016
210088,Wired Headphones,1,11.99,2019-06-18 18:37:00,619 7th St, Austin, TX 73301
210089,USB-C Charging Cable,1,11.95,2019-06-24 19:10:00,177 8th St, Los Angeles, CA 90001
210090,AAA Batteries (4-pack),3,2.99,2019-06-29 15:43:00,534 Johnson St, Portland, OR 97035
210091,Macbook Pro Laptop,1,1700.0,2019-06-03 05:39:00,238 5th St, San Francisco, CA 94016
210092,USB-C Charging Cable,1,11.95,2019-06-02 19:52:00,359 Jefferson St, San Francisco, CA 94016
210093,Apple Airpods Headphones,1,150.0,2019-06-04 08:52:00,2 Hill St, San Francisco, CA 94016
210094,AAA Batteries (4-pack),1,2.99,2019-06-06 11:55:00,968 2nd St, Austin, TX 73301
210095,AAA Batteries (4-pack),2,2.99,2019-06-27 14:01:00,930 North St, Atlanta, GA 30301
210096,27in FHD Monitor,1,149.99,2019-06-10 10:17:00,126 8th St, Atlanta, GA 30301
210097,Lightning Charging Cable,1,14.95,2019-06-07 12:26:00,399 Spruce St, Seattle, WA 98101
210098,AAA Batteries (4-pack),1,2.99,2019-06-06 00:11:00,587 Adams St, San Francisco, CA 94016
210099,Lightning Charging Cable,2,14.95,2019-06-17 20:56:00,362 Highland St, Seattle, WA 98101
210100,Apple Airpods Headphones,1,150.0,2019-06-27 09:30:00,550 7th St, New York City, NY 10001
210101,Vareebadd Phone,1,400.0,2019-06-05 13:53:00,944 Hickory St, Los Angeles, CA 90001
210102,Wired Headphones,1,11.99,2019-06-17 09:05:00,275 Forest St, San Francisco, CA 94016
210103,Google Phone,1,600.0,2019-06-01 17:58:00,626 12th St, Los Angeles, CA 90001
210104,Bose SoundSport Headphones,1,99.99,2019-06-14 16:51:00,324 Lake St, Los Angeles, CA 90001
210105,AA Batteries (4-pack),3,3.84,2019-06-19 20:22:00,445 11th St, Boston, MA 02215
210106,Wired Headphones,2,11.99,2019-06-12 20:04:00,531 Johnson St, Austin, TX 73301
210107,Lightning Charging Cable,1,14.95,2019-06-13 07:19:00,325 Jefferson St, Los Angeles, CA 90001
210108,27in FHD Monitor,1,149.99,2019-06-25 12:37:00,859 Center St, San Francisco, CA 94016
210109,Lightning Charging Cable,1,14.95,2019-06-24 12:04:00,820 West St, Boston, MA 02215
210110,Apple Airpods Headphones,1,150.0,2019-06-13 18:26:00,194 Hill St, Portland, OR 97035
210111,Lightning Charging Cable,1,14.95,2019-06-12 20:58:00,792 9th St, Boston, MA 02215
210112,USB-C Charging Cable,1,11.95,2019-06-05 21:44:00,838 Center St, San Francisco, CA 94016
210113,USB-C Charging Cable,1,11.95,2019-06-30 18:44:00,258 Hickory St, Seattle, WA 98101
210114,Wired Headphones,1,11.99,2019-06-20 07:19:00,559 Walnut St, San Francisco, CA 94016
210115,Apple Airpods Headphones,1,150.0,2019-06-04 19:16:00,85 6th St, Boston, MA 02215
210116,Bose SoundSport Headphones,1,99.99,2019-06-13 21:52:00,65 Elm St, San Francisco, CA 94016
210117,Bose SoundSport Headphones,1,99.99,2019-06-25 17:23:00,371 9th St, New York City, NY 10001
210118,Bose SoundSport Headphones,1,99.99,2019-06-23 12:29:00,208 1st St, San Francisco, CA 94016
210119,Wired Headphones,2,11.99,2019-06-24 18:02:00,800 River St, Los Angeles, CA 90001
210120,AA Batteries (4-pack),1,3.84,2019-06-28 11:00:00,316 Sunset St, Dallas, TX 75001
210121,Wired Headphones,1,11.99,2019-06-10 17:13:00,330 Lake St, Boston, MA 02215
210122,AA Batteries (4-pack),1,3.84,2019-06-27 21:23:00,448 Jefferson St, Dallas, TX 75001
210123,AAA Batteries (4-pack),1,2.99,2019-06-01 22:36:00,194 12th St, San Francisco, CA 94016
210124,Wired Headphones,1,11.99,2019-06-13 10:16:00,256 Washington St, Portland, ME 04101
210125,Apple Airpods Headphones,1,150.0,2019-06-01 11:02:00,889 Sunset St, Boston, MA 02215
210126,20in Monitor,1,109.99,2019-06-21 18:51:00,803 Pine St, Los Angeles, CA 90001
210127,AA Batteries (4-pack),1,3.84,2019-06-15 11:23:00,592 Jackson St, San Francisco, CA 94016
210128,Lightning Charging Cable,1,14.95,2019-06-08 07:20:00,880 Jackson St, New York City, NY 10001
210129,USB-C Charging Cable,1,11.95,2019-06-11 12:13:00,36 6th St, Atlanta, GA 30301
210130,AAA Batteries (4-pack),5,2.99,2019-06-11 10:26:00,714 Lincoln St, San Francisco, CA 94016
210131,AA Batteries (4-pack),1,3.84,2019-06-29 10:16:00,653 Maple St, San Francisco, CA 94016
210132,Apple Airpods Headphones,2,150.0,2019-06-18 21:24:00,127 5th St, San Francisco, CA 94016
210133,AA Batteries (4-pack),2,3.84,2019-06-26 19:19:00,712 Park St, Seattle, WA 98101
210134,AA Batteries (4-pack),1,3.84,2019-06-17 11:40:00,362 Chestnut St, Portland, OR 97035
210135,Wired Headphones,2,11.99,2019-06-26 23:56:00,557 Dogwood St, San Francisco, CA 94016
210136,Wired Headphones,1,11.99,2019-06-12 22:13:00,554 Dogwood St, Dallas, TX 75001
210137,AA Batteries (4-pack),1,3.84,2019-06-18 20:05:00,479 2nd St, Los Angeles, CA 90001
210138,27in 4K Gaming Monitor,1,389.99,2019-06-25 17:58:00,445 Wilson St, San Francisco, CA 94016
210139,AA Batteries (4-pack),1,3.84,2019-06-02 20:55:00,572 Elm St, Boston, MA 02215
210140,AA Batteries (4-pack),1,3.84,2019-06-18 13:54:00,746 Lincoln St, Los Angeles, CA 90001
210141,Bose SoundSport Headphones,1,99.99,2019-06-15 18:45:00,6 Lake St, Los Angeles, CA 90001
210142,Flatscreen TV,1,300.0,2019-06-24 18:26:00,669 7th St, San Francisco, CA 94016
210143,Bose SoundSport Headphones,1,99.99,2019-06-25 10:05:00,777 Ridge St, Atlanta, GA 30301
210144,27in 4K Gaming Monitor,1,389.99,2019-06-17 15:19:00,255 5th St, Portland, OR 97035
210144,AA Batteries (4-pack),1,3.84,2019-06-17 15:19:00,255 5th St, Portland, OR 97035
210145,20in Monitor,1,109.99,2019-06-28 22:20:00,860 Washington St, Atlanta, GA 30301
210146,AA Batteries (4-pack),1,3.84,2019-06-25 20:20:00,199 7th St, San Francisco, CA 94016
210147,Bose SoundSport Headphones,1,99.99,2019-06-12 22:37:00,144 Maple St, Austin, TX 73301
210148,20in Monitor,1,109.99,2019-06-16 07:24:00,710 Washington St, Atlanta, GA 30301
210148,Wired Headphones,1,11.99,2019-06-16 07:24:00,710 Washington St, Atlanta, GA 30301
210149,USB-C Charging Cable,1,11.95,2019-06-14 17:09:00,978 Walnut St, Atlanta, GA 30301
210150,27in FHD Monitor,1,149.99,2019-06-11 13:10:00,149 Pine St, San Francisco, CA 94016
210151,USB-C Charging Cable,1,11.95,2019-06-10 21:51:00,655 1st St, Los Angeles, CA 90001
210152,AAA Batteries (4-pack),2,2.99,2019-06-20 22:11:00,937 10th St, Portland, OR 97035
210153,Lightning Charging Cable,2,14.95,2019-06-09 14:58:00,305 Cherry St, New York City, NY 10001
210154,iPhone,1,700.0,2019-06-02 16:07:00,273 Madison St, New York City, NY 10001
210155,AAA Batteries (4-pack),1,2.99,2019-06-08 18:33:00,636 West St, New York City, NY 10001
210156,USB-C Charging Cable,1,11.95,2019-06-02 11:37:00,333 13th St, Los Angeles, CA 90001
210157,AA Batteries (4-pack),1,3.84,2019-06-20 08:46:00,697 West St, San Francisco, CA 94016
210158,27in 4K Gaming Monitor,1,389.99,2019-06-12 11:50:00,65 Hill St, San Francisco, CA 94016
210159,Wired Headphones,1,11.99,2019-06-12 13:43:00,488 Johnson St, Dallas, TX 75001
210160,Macbook Pro Laptop,1,1700.0,2019-06-18 13:22:00,711 Ridge St, New York City, NY 10001
210161,Apple Airpods Headphones,1,150.0,2019-06-27 19:24:00,549 5th St, Boston, MA 02215
210162,Macbook Pro Laptop,1,1700.0,2019-06-20 21:02:00,237 Maple St, Seattle, WA 98101
210163,USB-C Charging Cable,1,11.95,2019-06-16 13:57:00,584 Meadow St, San Francisco, CA 94016
210164,AAA Batteries (4-pack),1,2.99,2019-06-06 20:05:00,861 Walnut St, Portland, OR 97035
210165,27in FHD Monitor,1,149.99,2019-06-18 16:43:00,569 River St, Los Angeles, CA 90001
210166,Bose SoundSport Headphones,1,99.99,2019-06-21 21:33:00,883 Church St, Austin, TX 73301
210167,Apple Airpods Headphones,1,150.0,2019-06-23 14:57:00,433 13th St, Dallas, TX 75001
210168,USB-C Charging Cable,1,11.95,2019-06-09 11:28:00,690 West St, Seattle, WA 98101
210169,AA Batteries (4-pack),1,3.84,2019-06-26 19:04:00,890 7th St, San Francisco, CA 94016
210170,Vareebadd Phone,1,400.0,2019-06-05 20:00:00,405 Pine St, Seattle, WA 98101
210171,Google Phone,1,600.0,2019-06-30 13:59:00,503 Dogwood St, New York City, NY 10001
210172,USB-C Charging Cable,1,11.95,2019-06-15 20:59:00,661 Ridge St, New York City, NY 10001
210173,20in Monitor,1,109.99,2019-06-29 02:07:00,240 Sunset St, Boston, MA 02215
210174,27in FHD Monitor,1,149.99,2019-06-05 15:22:00,971 Madison St, San Francisco, CA 94016
210175,AAA Batteries (4-pack),1,2.99,2019-06-26 13:56:00,945 Lincoln St, Austin, TX 73301
210176,Google Phone,1,600.0,2019-06-28 17:53:00,98 Wilson St, Los Angeles, CA 90001
210177,Wired Headphones,1,11.99,2019-06-26 19:23:00,831 Madison St, Los Angeles, CA 90001
210178,34in Ultrawide Monitor,1,379.99,2019-06-14 20:06:00,2 Lake St, Boston, MA 02215
210179,Google Phone,1,600.0,2019-06-07 15:42:00,143 Willow St, Boston, MA 02215
210180,27in FHD Monitor,1,149.99,2019-06-18 18:59:00,227 Forest St, New York City, NY 10001
210181,iPhone,1,700.0,2019-06-01 10:30:00,236 Madison St, Dallas, TX 75001
210182,AA Batteries (4-pack),1,3.84,2019-06-20 17:56:00,396 Walnut St, Portland, OR 97035
210183,AAA Batteries (4-pack),2,2.99,2019-06-09 01:53:00,201 Lake St, Boston, MA 02215
210184,Wired Headphones,1,11.99,2019-06-27 21:49:00,551 Madison St, San Francisco, CA 94016
210185,iPhone,1,700.0,2019-06-27 08:16:00,338 Meadow St, Portland, OR 97035
210186,USB-C Charging Cable,1,11.95,2019-06-04 15:47:00,197 11th St, San Francisco, CA 94016
210187,Lightning Charging Cable,2,14.95,2019-06-28 15:36:00,444 Lincoln St, Boston, MA 02215
210188,AAA Batteries (4-pack),1,2.99,2019-06-11 14:31:00,462 Meadow St, Boston, MA 02215
210189,iPhone,1,700.0,2019-06-03 17:22:00,430 Wilson St, New York City, NY 10001
210190,34in Ultrawide Monitor,1,379.99,2019-06-14 11:28:00,475 Sunset St, Los Angeles, CA 90001
210191,Flatscreen TV,1,300.0,2019-06-27 18:47:00,90 Hickory St, Atlanta, GA 30301
210192,Apple Airpods Headphones,1,150.0,2019-06-28 20:20:00,114 Lincoln St, Dallas, TX 75001
210193,34in Ultrawide Monitor,1,379.99,2019-06-05 12:36:00,902 Maple St, New York City, NY 10001
210194,USB-C Charging Cable,1,11.95,2019-06-30 15:43:00,518 Chestnut St, Los Angeles, CA 90001
210195,Apple Airpods Headphones,1,150.0,2019-06-26 22:50:00,343 Adams St, Dallas, TX 75001
210196,AAA Batteries (4-pack),1,2.99,2019-06-28 19:54:00,505 Cherry St, Seattle, WA 98101
210197,LG Dryer,1,600.0,2019-06-11 18:50:00,187 8th St, San Francisco, CA 94016
210198,27in 4K Gaming Monitor,1,389.99,2019-06-20 20:33:00,437 Lakeview St, Seattle, WA 98101
210199,Google Phone,1,600.0,2019-06-10 11:14:00,682 Madison St, San Francisco, CA 94016
210200,34in Ultrawide Monitor,1,379.99,2019-06-14 20:33:00,688 Lincoln St, Dallas, TX 75001
210201,Bose SoundSport Headphones,2,99.99,2019-06-18 07:20:00,135 14th St, Austin, TX 73301
210202,Bose SoundSport Headphones,1,99.99,2019-06-28 13:26:00,734 Highland St, Los Angeles, CA 90001
210203,Bose SoundSport Headphones,1,99.99,2019-06-24 17:10:00,172 Highland St, Atlanta, GA 30301
210204,Apple Airpods Headphones,1,150.0,2019-06-29 12:20:00,72 Lake St, New York City, NY 10001
210205,Flatscreen TV,1,300.0,2019-06-08 16:00:00,28 13th St, San Francisco, CA 94016
210206,Wired Headphones,1,11.99,2019-06-07 17:59:00,994 Walnut St, Atlanta, GA 30301
210207,Google Phone,1,600.0,2019-06-16 09:47:00,40 11th St, Portland, OR 97035
210207,USB-C Charging Cable,1,11.95,2019-06-16 09:47:00,40 11th St, Portland, OR 97035
210208,USB-C Charging Cable,2,11.95,2019-06-02 19:37:00,591 8th St, Dallas, TX 75001
210209,ThinkPad Laptop,1,999.99,2019-06-09 18:18:00,322 11th St, San Francisco, CA 94016
210210,LG Washing Machine,1,600.0,2019-06-26 19:07:00,948 Maple St, Boston, MA 02215
210211,AA Batteries (4-pack),1,3.84,2019-06-20 12:33:00,358 Park St, Austin, TX 73301
210212,AA Batteries (4-pack),1,3.84,2019-06-29 11:22:00,715 11th St, Los Angeles, CA 90001
210213,Bose SoundSport Headphones,1,99.99,2019-06-05 11:53:00,936 Maple St, Los Angeles, CA 90001
210214,27in FHD Monitor,1,149.99,2019-06-18 20:00:00,847 9th St, Los Angeles, CA 90001
210215,AAA Batteries (4-pack),1,2.99,2019-06-28 20:01:00,106 North St, Atlanta, GA 30301
210216,AAA Batteries (4-pack),1,2.99,2019-06-14 18:52:00,445 Highland St, Atlanta, GA 30301
210217,20in Monitor,1,109.99,2019-06-16 16:58:00,735 Church St, Atlanta, GA 30301
210218,Lightning Charging Cable,1,14.95,2019-06-01 12:12:00,52 9th St, New York City, NY 10001
210219,USB-C Charging Cable,1,11.95,2019-06-12 13:55:00,896 Lakeview St, Los Angeles, CA 90001
210220,AAA Batteries (4-pack),1,2.99,2019-06-24 14:05:00,601 Center St, Portland, OR 97035
210221,20in Monitor,1,109.99,2019-06-11 11:27:00,285 1st St, Boston, MA 02215
210222,34in Ultrawide Monitor,1,379.99,2019-06-16 10:57:00,83 Lincoln St, Los Angeles, CA 90001
210223,AAA Batteries (4-pack),1,2.99,2019-06-24 09:30:00,566 South St, New York City, NY 10001
210224,Apple Airpods Headphones,1,150.0,2019-06-09 20:57:00,283 Lakeview St, Atlanta, GA 30301
210225,USB-C Charging Cable,1,11.95,2019-06-01 16:58:00,993 Hickory St, Seattle, WA 98101
210226,Flatscreen TV,1,300.0,2019-06-05 08:34:00,295 Sunset St, San Francisco, CA 94016
210227,USB-C Charging Cable,1,11.95,2019-06-27 09:50:00,479 4th St, Dallas, TX 75001
210228,AA Batteries (4-pack),1,3.84,2019-06-11 06:23:00,178 Dogwood St, Portland, OR 97035
210229,Lightning Charging Cable,1,14.95,2019-06-07 08:00:00,252 Johnson St, San Francisco, CA 94016
210230,USB-C Charging Cable,1,11.95,2019-06-03 21:52:00,502 Hill St, Los Angeles, CA 90001
210231,Wired Headphones,1,11.99,2019-06-04 11:08:00,650 Johnson St, Boston, MA 02215
210232,Wired Headphones,1,11.99,2019-06-06 16:43:00,969 Forest St, Dallas, TX 75001
210233,AA Batteries (4-pack),1,3.84,2019-06-12 11:52:00,240 Lincoln St, Seattle, WA 98101
210234,Lightning Charging Cable,1,14.95,2019-06-17 19:23:00,202 4th St, Atlanta, GA 30301
210235,34in Ultrawide Monitor,1,379.99,2019-06-18 15:14:00,922 Ridge St, Boston, MA 02215
210236,Wired Headphones,1,11.99,2019-06-09 11:17:00,246 Lake St, San Francisco, CA 94016
210237,Wired Headphones,1,11.99,2019-06-04 08:22:00,704 8th St, Atlanta, GA 30301
210238,AAA Batteries (4-pack),1,2.99,2019-06-05 13:35:00,517 Adams St, Seattle, WA 98101
210239,27in 4K Gaming Monitor,1,389.99,2019-06-19 18:03:00,139 Pine St, San Francisco, CA 94016
210240,AAA Batteries (4-pack),1,2.99,2019-06-04 13:36:00,828 Pine St, San Francisco, CA 94016
210241,Apple Airpods Headphones,1,150.0,2019-06-04 13:49:00,737 Jackson St, San Francisco, CA 94016
210242,USB-C Charging Cable,2,11.95,2019-06-03 19:17:00,83 Sunset St, Austin, TX 73301
210243,AA Batteries (4-pack),1,3.84,2019-06-07 13:50:00,970 Lincoln St, San Francisco, CA 94016
210244,Lightning Charging Cable,1,14.95,2019-06-20 22:51:00,229 Sunset St, Austin, TX 73301
210245,AAA Batteries (4-pack),1,2.99,2019-06-14 12:31:00,711 1st St, Los Angeles, CA 90001
210246,Lightning Charging Cable,1,14.95,2019-06-02 23:35:00,809 Washington St, Portland, OR 97035
210247,Lightning Charging Cable,1,14.95,2019-06-21 16:30:00,370 1st St, Los Angeles, CA 90001
210248,AA Batteries (4-pack),2,3.84,2019-06-16 22:58:00,165 Highland St, Austin, TX 73301
210249,Google Phone,1,600.0,2019-06-10 05:05:00,869 Johnson St, San Francisco, CA 94016
210250,Wired Headphones,1,11.99,2019-06-26 22:26:00,977 Ridge St, Los Angeles, CA 90001
162009,iPhone,1,700.0,2019-03-28 20:59:00,942 Church St, Austin, TX 73301
162009,Lightning Charging Cable,1,14.95,2019-03-28 20:59:00,942 Church St, Austin, TX 73301
162009,Wired Headphones,2,11.99,2019-03-28 20:59:00,942 Church St, Austin, TX 73301
162010,Bose SoundSport Headphones,1,99.99,2019-03-17 05:39:00,261 10th St, San Francisco, CA 94016
162011,34in Ultrawide Monitor,1,379.99,2019-03-10 00:01:00,764 13th St, San Francisco, CA 94016
162012,AA Batteries (4-pack),1,3.84,2019-03-20 21:33:00,187 Ridge St, San Francisco, CA 94016
162013,34in Ultrawide Monitor,1,379.99,2019-03-15 23:05:00,904 Main St, Austin, TX 73301
162014,USB-C Charging Cable,1,11.95,2019-03-01 21:33:00,10 13th St, San Francisco, CA 94016
162015,AA Batteries (4-pack),1,3.84,2019-03-02 08:52:00,949 Jefferson St, Boston, MA 02215
162016,AAA Batteries (4-pack),5,2.99,2019-03-19 21:10:00,469 Highland St, Atlanta, GA 30301
162017,Lightning Charging Cable,1,14.95,2019-03-02 13:55:00,449 River St, San Francisco, CA 94016
162018,USB-C Charging Cable,2,11.95,2019-03-18 11:07:00,925 Maple St, Portland, OR 97035
162019,AAA Batteries (4-pack),1,2.99,2019-03-05 12:20:00,639 4th St, Atlanta, GA 30301
162020,LG Washing Machine,1,600.0,2019-03-26 18:17:00,616 Jackson St, Dallas, TX 75001
162021,Wired Headphones,1,11.99,2019-03-30 12:02:00,645 Wilson St, Los Angeles, CA 90001
162022,AA Batteries (4-pack),1,3.84,2019-03-17 22:18:00,473 Hill St, New York City, NY 10001
162023,Apple Airpods Headphones,1,150.0,2019-03-11 20:00:00,404 Park St, San Francisco, CA 94016
162024,27in 4K Gaming Monitor,1,389.99,2019-03-17 09:22:00,952 Willow St, Atlanta, GA 30301
162025,AAA Batteries (4-pack),1,2.99,2019-03-07 20:50:00,110 7th St, Boston, MA 02215
162026,iPhone,1,700.0,2019-03-22 22:31:00,71 Pine St, Austin, TX 73301
162027,AAA Batteries (4-pack),1,2.99,2019-03-16 20:52:00,421 Main St, Los Angeles, CA 90001
162028,AAA Batteries (4-pack),3,2.99,2019-03-20 15:23:00,739 1st St, San Francisco, CA 94016
162029,AAA Batteries (4-pack),1,2.99,2019-03-26 12:17:00,141 North St, Atlanta, GA 30301
162030,Google Phone,1,600.0,2019-03-09 16:50:00,463 4th St, San Francisco, CA 94016
162031,Lightning Charging Cable,1,14.95,2019-03-28 17:03:00,131 Johnson St, Boston, MA 02215
162032,Lightning Charging Cable,1,14.95,2019-03-31 10:39:00,498 4th St, Los Angeles, CA 90001
162033,iPhone,1,700.0,2019-03-19 11:06:00,267 Johnson St, Dallas, TX 75001
162034,USB-C Charging Cable,1,11.95,2019-03-26 20:34:00,104 Center St, Seattle, WA 98101
162035,Macbook Pro Laptop,1,1700.0,2019-03-08 13:07:00,44 4th St, Los Angeles, CA 90001
162036,Lightning Charging Cable,1,14.95,2019-03-09 19:39:00,905 Spruce St, San Francisco, CA 94016
162037,iPhone,1,700.0,2019-03-23 02:11:00,277 Elm St, Los Angeles, CA 90001
162037,Lightning Charging Cable,1,14.95,2019-03-23 02:11:00,277 Elm St, Los Angeles, CA 90001
162038,AAA Batteries (4-pack),2,2.99,2019-03-18 20:31:00,53 10th St, Atlanta, GA 30301
162039,AA Batteries (4-pack),1,3.84,2019-03-29 12:01:00,175 West St, San Francisco, CA 94016
162040,USB-C Charging Cable,1,11.95,2019-03-25 09:11:00,973 North St, Austin, TX 73301
162041,Apple Airpods Headphones,1,150.0,2019-03-14 01:01:00,633 13th St, Austin, TX 73301
162042,USB-C Charging Cable,1,11.95,2019-03-09 22:39:00,661 7th St, San Francisco, CA 94016
162043,AA Batteries (4-pack),1,3.84,2019-03-29 10:59:00,883 Walnut St, Atlanta, GA 30301
162044,27in FHD Monitor,1,149.99,2019-03-22 10:11:00,469 9th St, Dallas, TX 75001
162045,Apple Airpods Headphones,1,150.0,2019-03-26 13:31:00,906 Park St, New York City, NY 10001
162046,AAA Batteries (4-pack),2,2.99,2019-03-20 20:33:00,661 1st St, San Francisco, CA 94016
162047,Bose SoundSport Headphones,1,99.99,2019-03-08 18:41:00,819 9th St, Austin, TX 73301
162048,AA Batteries (4-pack),1,3.84,2019-03-31 19:24:00,819 Main St, New York City, NY 10001
162049,Lightning Charging Cable,1,14.95,2019-03-25 13:35:00,307 Chestnut St, Austin, TX 73301
162050,AAA Batteries (4-pack),1,2.99,2019-03-26 17:09:00,870 Spruce St, Boston, MA 02215
162051,AAA Batteries (4-pack),1,2.99,2019-03-12 09:12:00,565 South St, Boston, MA 02215
162052,Wired Headphones,1,11.99,2019-03-11 09:44:00,971 Washington St, Los Angeles, CA 90001
162053,iPhone,1,700.0,2019-03-10 18:29:00,660 7th St, Seattle, WA 98101
162054,Wired Headphones,1,11.99,2019-03-20 00:42:00,358 5th St, San Francisco, CA 94016
162055,AA Batteries (4-pack),1,3.84,2019-03-29 09:21:00,675 8th St, Los Angeles, CA 90001
162056,Wired Headphones,1,11.99,2019-03-17 10:24:00,55 Adams St, San Francisco, CA 94016
162057,Wired Headphones,1,11.99,2019-03-30 18:44:00,485 Maple St, Los Angeles, CA 90001
162058,27in FHD Monitor,1,149.99,2019-03-30 02:30:00,510 Church St, New York City, NY 10001
162059,USB-C Charging Cable,1,11.95,2019-03-03 05:47:00,602 Willow St, Seattle, WA 98101
162060,AAA Batteries (4-pack),3,2.99,2019-03-10 16:04:00,703 Lake St, Seattle, WA 98101
162061,Wired Headphones,1,11.99,2019-03-01 22:07:00,967 10th St, New York City, NY 10001
162062,AAA Batteries (4-pack),1,2.99,2019-03-24 03:37:00,235 Park St, Portland, OR 97035
162063,AAA Batteries (4-pack),2,2.99,2019-03-02 11:58:00,693 12th St, Austin, TX 73301
162064,Macbook Pro Laptop,1,1700.0,2019-03-05 09:00:00,414 Willow St, San Francisco, CA 94016
162065,Google Phone,1,600.0,2019-03-02 13:18:00,862 Spruce St, San Francisco, CA 94016
162066,AA Batteries (4-pack),1,3.84,2019-03-13 13:57:00,602 Pine St, New York City, NY 10001
162066,USB-C Charging Cable,2,11.95,2019-03-13 13:57:00,602 Pine St, New York City, NY 10001
162067,ThinkPad Laptop,1,999.99,2019-03-07 23:40:00,4 Cedar St, San Francisco, CA 94016
162068,Wired Headphones,1,11.99,2019-03-24 12:25:00,117 1st St, Austin, TX 73301
162069,AA Batteries (4-pack),1,3.84,2019-03-15 16:53:00,853 Park St, Boston, MA 02215
162070,27in FHD Monitor,1,149.99,2019-03-15 18:19:00,859 South St, Los Angeles, CA 90001
162071,Vareebadd Phone,1,400.0,2019-03-30 20:23:00,334 Jackson St, Atlanta, GA 30301
162071,USB-C Charging Cable,1,11.95,2019-03-30 20:23:00,334 Jackson St, Atlanta, GA 30301
162072,AA Batteries (4-pack),1,3.84,2019-03-02 12:04:00,945 Adams St, New York City, NY 10001
162073,Bose SoundSport Headphones,1,99.99,2019-03-23 20:52:00,573 Lakeview St, San Francisco, CA 94016
162074,Apple Airpods Headphones,1,150.0,2019-03-05 12:45:00,928 Dogwood St, San Francisco, CA 94016
162075,Apple Airpods Headphones,1,150.0,2019-03-11 09:19:00,456 7th St, New York City, NY 10001
162076,Wired Headphones,1,11.99,2019-03-04 09:12:00,424 Wilson St, Dallas, TX 75001
162077,AAA Batteries (4-pack),1,2.99,2019-03-22 11:54:00,783 Johnson St, New York City, NY 10001
162078,Lightning Charging Cable,1,14.95,2019-03-02 16:48:00,167 North St, San Francisco, CA 94016
162079,Google Phone,1,600.0,2019-03-24 21:36:00,144 West St, Los Angeles, CA 90001
162080,Apple Airpods Headphones,1,150.0,2019-03-24 09:37:00,245 Chestnut St, Boston, MA 02215
162081,Lightning Charging Cable,1,14.95,2019-03-26 20:58:00,183 Dogwood St, Los Angeles, CA 90001
162082,Vareebadd Phone,1,400.0,2019-03-09 14:15:00,401 Wilson St, New York City, NY 10001
162082,Wired Headphones,1,11.99,2019-03-09 14:15:00,401 Wilson St, New York City, NY 10001
162083,Wired Headphones,1,11.99,2019-03-27 19:04:00,162 Lakeview St, Atlanta, GA 30301
162084,iPhone,1,700.0,2019-03-27 12:53:00,585 14th St, Los Angeles, CA 90001
162085,Lightning Charging Cable,1,14.95,2019-03-24 19:52:00,705 Highland St, San Francisco, CA 94016
162086,Google Phone,1,600.0,2019-03-18 09:12:00,410 Chestnut St, New York City, NY 10001
162087,Google Phone,1,600.0,2019-03-18 13:58:00,303 Chestnut St, Boston, MA 02215
162087,USB-C Charging Cable,1,11.95,2019-03-18 13:58:00,303 Chestnut St, Boston, MA 02215
162088,Google Phone,1,600.0,2019-03-02 15:50:00,231 Jackson St, Los Angeles, CA 90001
162089,Wired Headphones,1,11.99,2019-03-07 12:25:00,692 13th St, New York City, NY 10001
162090,Bose SoundSport Headphones,1,99.99,2019-03-12 13:03:00,747 Wilson St, Austin, TX 73301
162091,Bose SoundSport Headphones,1,99.99,2019-03-18 08:13:00,926 Main St, Boston, MA 02215
162092,Flatscreen TV,1,300.0,2019-03-18 11:29:00,477 11th St, Seattle, WA 98101
162092,AAA Batteries (4-pack),1,2.99,2019-03-18 11:29:00,477 11th St, Seattle, WA 98101
162093,Vareebadd Phone,1,400.0,2019-03-19 11:32:00,855 Lakeview St, Boston, MA 02215
162094,ThinkPad Laptop,1,999.99,2019-03-21 03:42:00,959 River St, Atlanta, GA 30301
162095,Wired Headphones,1,11.99,2019-03-29 13:18:00,628 Lakeview St, Seattle, WA 98101
162096,Bose SoundSport Headphones,1,99.99,2019-03-04 00:20:00,323 Hill St, New York City, NY 10001
162097,Flatscreen TV,1,300.0,2019-03-28 13:43:00,929 Elm St, New York City, NY 10001
162098,Flatscreen TV,1,300.0,2019-03-07 15:44:00,84 Center St, New York City, NY 10001
162099,USB-C Charging Cable,1,11.95,2019-03-03 00:18:00,598 Washington St, Los Angeles, CA 90001
162100,Wired Headphones,1,11.99,2019-03-04 00:17:00,635 Spruce St, Boston, MA 02215
162101,Macbook Pro Laptop,1,1700.0,2019-03-30 10:47:00,253 11th St, Seattle, WA 98101
162102,Wired Headphones,1,11.99,2019-03-31 19:51:00,69 Center St, New York City, NY 10001
162103,AAA Batteries (4-pack),1,2.99,2019-03-18 20:50:00,860 Main St, Portland, OR 97035
162104,Lightning Charging Cable,1,14.95,2019-03-05 15:25:00,572 Walnut St, New York City, NY 10001
162105,USB-C Charging Cable,1,11.95,2019-03-09 08:45:00,911 South St, Seattle, WA 98101
162106,AA Batteries (4-pack),1,3.84,2019-03-02 15:25:00,484 Cedar St, Los Angeles, CA 90001
162107,Wired Headphones,1,11.99,2019-03-29 15:15:00,260 14th St, Austin, TX 73301
162108,USB-C Charging Cable,2,11.95,2019-03-26 11:38:00,113 7th St, Los Angeles, CA 90001
162109,Lightning Charging Cable,1,14.95,2019-03-25 11:12:00,686 5th St, New York City, NY 10001
162110,20in Monitor,1,109.99,2019-03-15 09:05:00,705 South St, Los Angeles, CA 90001
162111,AA Batteries (4-pack),3,3.84,2019-03-08 16:59:00,561 West St, San Francisco, CA 94016
162112,34in Ultrawide Monitor,1,379.99,2019-03-15 21:52:00,953 Spruce St, Boston, MA 02215
162113,Bose SoundSport Headphones,1,99.99,2019-03-27 13:09:00,365 Cherry St, San Francisco, CA 94016
162114,Lightning Charging Cable,1,14.95,2019-03-21 14:29:00,577 South St, Atlanta, GA 30301
162115,Flatscreen TV,1,300.0,2019-03-26 08:06:00,93 Sunset St, San Francisco, CA 94016
162116,USB-C Charging Cable,1,11.95,2019-03-09 11:48:00,446 Adams St, Dallas, TX 75001
162117,Wired Headphones,1,11.99,2019-03-11 14:12:00,82 Lake St, New York City, NY 10001
162118,iPhone,1,700.0,2019-03-10 22:32:00,888 13th St, San Francisco, CA 94016
162119,27in FHD Monitor,1,149.99,2019-03-06 13:46:00,980 2nd St, Austin, TX 73301
162120,Macbook Pro Laptop,1,1700.0,2019-03-15 18:43:00,969 Washington St, Dallas, TX 75001
162121,USB-C Charging Cable,1,11.95,2019-03-20 13:05:00,355 Main St, Portland, OR 97035
162122,AAA Batteries (4-pack),1,2.99,2019-03-06 10:22:00,354 9th St, Seattle, WA 98101
162123,Bose SoundSport Headphones,1,99.99,2019-03-13 18:02:00,295 South St, San Francisco, CA 94016
162124,Macbook Pro Laptop,1,1700.0,2019-03-27 09:52:00,8 West St, San Francisco, CA 94016
162125,27in 4K Gaming Monitor,1,389.99,2019-03-29 12:16:00,987 Chestnut St, San Francisco, CA 94016
162126,Apple Airpods Headphones,1,150.0,2019-03-17 19:41:00,895 Jefferson St, Los Angeles, CA 90001
162127,Macbook Pro Laptop,1,1700.0,2019-03-25 13:08:00,603 12th St, San Francisco, CA 94016
162128,USB-C Charging Cable,1,11.95,2019-03-23 22:59:00,490 Jackson St, Seattle, WA 98101
162129,AAA Batteries (4-pack),1,2.99,2019-03-11 16:14:00,962 Church St, San Francisco, CA 94016
162130,USB-C Charging Cable,1,11.95,2019-03-08 12:17:00,211 Pine St, Dallas, TX 75001
162131,USB-C Charging Cable,1,11.95,2019-03-10 23:29:00,334 Madison St, Boston, MA 02215
162132,AA Batteries (4-pack),1,3.84,2019-03-15 06:52:00,488 7th St, Boston, MA 02215
162133,AA Batteries (4-pack),1,3.84,2019-03-10 09:28:00,986 6th St, Seattle, WA 98101
162134,Vareebadd Phone,1,400.0,2019-03-17 20:36:00,186 North St, Atlanta, GA 30301
162135,USB-C Charging Cable,1,11.95,2019-03-23 22:58:00,112 Madison St, New York City, NY 10001
162136,AA Batteries (4-pack),1,3.84,2019-03-28 11:13:00,708 4th St, San Francisco, CA 94016
162137,Bose SoundSport Headphones,1,99.99,2019-03-14 16:05:00,275 Elm St, New York City, NY 10001
162138,20in Monitor,1,109.99,2019-03-19 10:10:00,628 Forest St, Seattle, WA 98101
162139,34in Ultrawide Monitor,1,379.99,2019-03-21 12:21:00,869 9th St, New York City, NY 10001
162140,ThinkPad Laptop,1,999.99,2019-03-06 23:34:00,622 Meadow St, Seattle, WA 98101
162141,Lightning Charging Cable,1,14.95,2019-03-08 19:03:00,289 Chestnut St, New York City, NY 10001
162142,Vareebadd Phone,1,400.0,2019-03-01 12:57:00,479 Maple St, Atlanta, GA 30301
162142,AA Batteries (4-pack),1,3.84,2019-03-01 12:57:00,479 Maple St, Atlanta, GA 30301
162143,USB-C Charging Cable,1,11.95,2019-03-09 13:26:00,886 12th St, San Francisco, CA 94016
162144,Macbook Pro Laptop,1,1700.0,2019-03-24 13:04:00,342 Dogwood St, San Francisco, CA 94016
162145,Bose SoundSport Headphones,1,99.99,2019-03-11 16:56:00,680 10th St, New York City, NY 10001
162146,Apple Airpods Headphones,1,150.0,2019-03-11 22:20:00,326 Wilson St, Seattle, WA 98101
162147,Wired Headphones,1,11.99,2019-03-05 10:53:00,310 Forest St, Austin, TX 73301
162148,USB-C Charging Cable,1,11.95,2019-03-17 23:55:00,434 4th St, Los Angeles, CA 90001
162149,Apple Airpods Headphones,1,150.0,2019-03-05 00:36:00,371 Forest St, Austin, TX 73301
162150,AA Batteries (4-pack),1,3.84,2019-03-28 22:21:00,963 4th St, Boston, MA 02215
162151,Bose SoundSport Headphones,1,99.99,2019-03-25 20:11:00,53 Washington St, Dallas, TX 75001
162152,Lightning Charging Cable,1,14.95,2019-03-24 09:42:00,727 Lake St, Atlanta, GA 30301
162153,27in FHD Monitor,1,149.99,2019-03-08 08:31:00,647 Madison St, New York City, NY 10001
162154,ThinkPad Laptop,1,999.99,2019-03-30 10:18:00,932 Forest St, Los Angeles, CA 90001
162155,AA Batteries (4-pack),1,3.84,2019-03-28 16:35:00,706 11th St, Los Angeles, CA 90001
162156,Wired Headphones,1,11.99,2019-03-01 22:47:00,352 6th St, Portland, OR 97035
162157,Flatscreen TV,1,300.0,2019-03-27 18:56:00,620 13th St, Boston, MA 02215
162158,USB-C Charging Cable,1,11.95,2019-03-20 17:50:00,865 Hill St, San Francisco, CA 94016
162159,Wired Headphones,1,11.99,2019-03-30 13:29:00,776 9th St, Los Angeles, CA 90001
162160,Apple Airpods Headphones,1,150.0,2019-03-12 19:50:00,414 11th St, San Francisco, CA 94016
162161,Wired Headphones,1,11.99,2019-03-30 19:20:00,853 14th St, Seattle, WA 98101
162161,AAA Batteries (4-pack),2,2.99,2019-03-30 19:20:00,853 14th St, Seattle, WA 98101
162162,Lightning Charging Cable,1,14.95,2019-03-05 08:32:00,435 Hill St, New York City, NY 10001
162163,Flatscreen TV,1,300.0,2019-03-25 07:48:00,61 Sunset St, Los Angeles, CA 90001
162164,AA Batteries (4-pack),1,3.84,2019-03-01 16:05:00,954 2nd St, San Francisco, CA 94016
162165,Macbook Pro Laptop,1,1700.0,2019-03-12 12:32:00,911 Sunset St, San Francisco, CA 94016
162166,AAA Batteries (4-pack),1,2.99,2019-03-06 21:36:00,989 Ridge St, Los Angeles, CA 90001
162167,AA Batteries (4-pack),1,3.84,2019-03-02 13:36:00,713 13th St, Dallas, TX 75001
162168,34in Ultrawide Monitor,1,379.99,2019-03-20 10:26:00,699 11th St, Boston, MA 02215
162169,27in 4K Gaming Monitor,1,389.99,2019-03-11 13:43:00,500 River St, Dallas, TX 75001
162170,Wired Headphones,2,11.99,2019-03-16 11:14:00,397 10th St, San Francisco, CA 94016
162171,Lightning Charging Cable,1,14.95,2019-03-16 12:10:00,597 11th St, New York City, NY 10001
162172,Wired Headphones,1,11.99,2019-03-03 18:34:00,176 Cherry St, San Francisco, CA 94016
162173,Bose SoundSport Headphones,1,99.99,2019-03-07 14:09:00,973 14th St, Los Angeles, CA 90001
162174,27in 4K Gaming Monitor,1,389.99,2019-03-05 18:44:00,844 Main St, Seattle, WA 98101
162175,Lightning Charging Cable,1,14.95,2019-03-02 11:09:00,510 Forest St, Austin, TX 73301
162176,Apple Airpods Headphones,1,150.0,2019-03-31 19:38:00,917 Chestnut St, Atlanta, GA 30301
162177,ThinkPad Laptop,1,999.99,2019-03-22 19:40:00,323 14th St, Los Angeles, CA 90001
162178,Lightning Charging Cable,1,14.95,2019-03-11 18:11:00,436 Wilson St, Boston, MA 02215
162179,AAA Batteries (4-pack),1,2.99,2019-03-25 12:40:00,712 Maple St, Seattle, WA 98101
162180,Flatscreen TV,1,300.0,2019-03-17 14:55:00,945 Willow St, Los Angeles, CA 90001
162181,Macbook Pro Laptop,1,1700.0,2019-03-03 13:15:00,423 Lake St, Los Angeles, CA 90001
162182,Google Phone,1,600.0,2019-03-19 13:01:00,455 Church St, Los Angeles, CA 90001
162183,AA Batteries (4-pack),1,3.84,2019-03-08 16:22:00,427 Adams St, Los Angeles, CA 90001
162184,AA Batteries (4-pack),1,3.84,2019-03-23 16:51:00,285 Ridge St, San Francisco, CA 94016
162185,USB-C Charging Cable,1,11.95,2019-03-03 07:26:00,297 12th St, Los Angeles, CA 90001
162186,AAA Batteries (4-pack),5,2.99,2019-03-05 14:17:00,180 Wilson St, Los Angeles, CA 90001
162187,Google Phone,1,600.0,2019-03-16 10:34:00,964 9th St, San Francisco, CA 94016
162187,USB-C Charging Cable,1,11.95,2019-03-16 10:34:00,964 9th St, San Francisco, CA 94016
162188,AAA Batteries (4-pack),1,2.99,2019-03-02 20:28:00,971 7th St, New York City, NY 10001
162189,iPhone,1,700.0,2019-03-23 14:06:00,892 11th St, San Francisco, CA 94016
162189,Lightning Charging Cable,1,14.95,2019-03-23 14:06:00,892 11th St, San Francisco, CA 94016
162189,27in 4K Gaming Monitor,1,389.99,2019-03-23 14:06:00,892 11th St, San Francisco, CA 94016
162190,Wired Headphones,1,11.99,2019-03-04 20:47:00,478 Madison St, Boston, MA 02215
162191,Apple Airpods Headphones,1,150.0,2019-03-05 20:49:00,6 5th St, New York City, NY 10001
162192,AAA Batteries (4-pack),3,2.99,2019-03-06 18:27:00,269 Highland St, Dallas, TX 75001
162193,Lightning Charging Cable,1,14.95,2019-03-14 10:27:00,29 Walnut St, San Francisco, CA 94016
162194,27in FHD Monitor,1,149.99,2019-03-21 21:22:00,224 Cedar St, Austin, TX 73301
162195,AAA Batteries (4-pack),3,2.99,2019-03-25 07:23:00,439 Madison St, Boston, MA 02215
162196,AA Batteries (4-pack),1,3.84,2019-03-24 09:22:00,164 Johnson St, Portland, OR 97035
162197,Macbook Pro Laptop,1,1700.0,2019-03-01 15:30:00,85 Chestnut St, San Francisco, CA 94016
162198,Bose SoundSport Headphones,1,99.99,2019-03-16 19:18:00,322 Washington St, San Francisco, CA 94016
162199,Macbook Pro Laptop,1,1700.0,2019-03-03 17:41:00,939 Dogwood St, Seattle, WA 98101
162200,20in Monitor,1,109.99,2019-03-15 14:50:00,596 Meadow St, San Francisco, CA 94016
162201,Apple Airpods Headphones,1,150.0,2019-03-29 13:22:00,608 Lincoln St, New York City, NY 10001
162202,27in FHD Monitor,1,149.99,2019-03-28 23:33:00,975 North St, New York City, NY 10001
162203,USB-C Charging Cable,1,11.95,2019-03-21 10:24:00,50 Hill St, San Francisco, CA 94016
162204,Wired Headphones,1,11.99,2019-03-08 12:24:00,555 8th St, Los Angeles, CA 90001
162205,AAA Batteries (4-pack),3,2.99,2019-03-27 19:28:00,490 Lincoln St, San Francisco, CA 94016
162206,AA Batteries (4-pack),1,3.84,2019-03-02 19:20:00,482 Meadow St, New York City, NY 10001
162207,34in Ultrawide Monitor,1,379.99,2019-03-02 12:54:00,69 Adams St, Atlanta, GA 30301
162208,Lightning Charging Cable,1,14.95,2019-03-11 16:08:00,534 Lakeview St, San Francisco, CA 94016
162209,AAA Batteries (4-pack),1,2.99,2019-03-18 01:48:00,873 Jefferson St, Atlanta, GA 30301
162210,USB-C Charging Cable,1,11.95,2019-03-19 17:42:00,331 Lake St, San Francisco, CA 94016
162211,Wired Headphones,1,11.99,2019-03-15 05:02:00,819 Lake St, Seattle, WA 98101
162212,USB-C Charging Cable,2,11.95,2019-03-31 12:42:00,700 North St, Boston, MA 02215
162213,AA Batteries (4-pack),1,3.84,2019-03-21 09:58:00,72 Highland St, Seattle, WA 98101
162214,AA Batteries (4-pack),1,3.84,2019-03-16 07:09:00,688 Chestnut St, Seattle, WA 98101
162215,AAA Batteries (4-pack),1,2.99,2019-03-11 12:06:00,688 Hickory St, Los Angeles, CA 90001
162215,Macbook Pro Laptop,1,1700.0,2019-03-11 12:06:00,688 Hickory St, Los Angeles, CA 90001
162216,ThinkPad Laptop,1,999.99,2019-03-20 11:03:00,406 Sunset St, Boston, MA 02215
162217,Wired Headphones,1,11.99,2019-03-07 16:30:00,293 8th St, Los Angeles, CA 90001
162218,Apple Airpods Headphones,1,150.0,2019-03-05 19:53:00,115 Madison St, Los Angeles, CA 90001
162219,Apple Airpods Headphones,1,150.0,2019-03-31 21:28:00,63 8th St, Boston, MA 02215
162220,Bose SoundSport Headphones,1,99.99,2019-03-06 17:33:00,505 Hill St, San Francisco, CA 94016
162221,Apple Airpods Headphones,1,150.0,2019-03-09 21:44:00,927 Jackson St, New York City, NY 10001
162222,Bose SoundSport Headphones,1,99.99,2019-03-14 06:36:00,300 Meadow St, Boston, MA 02215
162223,AAA Batteries (4-pack),1,2.99,2019-03-24 10:47:00,248 12th St, San Francisco, CA 94016
162224,27in FHD Monitor,1,149.99,2019-03-23 07:28:00,858 Pine St, Atlanta, GA 30301
162225,AA Batteries (4-pack),2,3.84,2019-03-30 17:01:00,830 Hickory St, Dallas, TX 75001
162226,AA Batteries (4-pack),2,3.84,2019-03-25 21:36:00,858 5th St, Boston, MA 02215
162227,AA Batteries (4-pack),3,3.84,2019-03-30 19:45:00,925 Jackson St, San Francisco, CA 94016
162228,Lightning Charging Cable,1,14.95,2019-03-14 09:46:00,102 Meadow St, San Francisco, CA 94016
162229,27in FHD Monitor,1,149.99,2019-03-27 13:13:00,823 Lake St, San Francisco, CA 94016
162230,Lightning Charging Cable,1,14.95,2019-03-30 16:55:00,819 Park St, Los Angeles, CA 90001
162231,AA Batteries (4-pack),2,3.84,2019-03-04 19:42:00,123 Jefferson St, Dallas, TX 75001
162232,27in 4K Gaming Monitor,1,389.99,2019-03-09 12:45:00,66 Park St, Los Angeles, CA 90001
162233,Macbook Pro Laptop,1,1700.0,2019-03-29 19:32:00,944 Ridge St, Seattle, WA 98101
162234,AA Batteries (4-pack),1,3.84,2019-03-06 13:39:00,250 Johnson St, San Francisco, CA 94016
162235,27in FHD Monitor,1,149.99,2019-03-11 22:05:00,122 7th St, Dallas, TX 75001
162236,Wired Headphones,1,11.99,2019-03-28 18:33:00,298 Elm St, Atlanta, GA 30301
162237,Lightning Charging Cable,2,14.95,2019-03-23 16:22:00,89 Chestnut St, New York City, NY 10001
162238,AA Batteries (4-pack),1,3.84,2019-03-14 17:16:00,102 Willow St, Dallas, TX 75001
162239,ThinkPad Laptop,1,999.99,2019-03-10 19:45:00,543 11th St, Austin, TX 73301
162240,Lightning Charging Cable,1,14.95,2019-03-30 00:13:00,572 Park St, Boston, MA 02215
162241,Macbook Pro Laptop,1,1700.0,2019-03-30 11:58:00,162 5th St, San Francisco, CA 94016
162242,AAA Batteries (4-pack),1,2.99,2019-03-14 20:32:00,712 5th St, Portland, OR 97035
162243,Lightning Charging Cable,1,14.95,2019-03-15 19:18:00,301 Walnut St, San Francisco, CA 94016
162244,Google Phone,1,600.0,2019-03-23 23:33:00,76 Center St, San Francisco, CA 94016
162244,USB-C Charging Cable,1,11.95,2019-03-23 23:33:00,76 Center St, San Francisco, CA 94016
162245,AAA Batteries (4-pack),1,2.99,2019-03-17 18:18:00,238 West St, San Francisco, CA 94016
162246,27in FHD Monitor,1,149.99,2019-03-01 12:12:00,28 Adams St, Atlanta, GA 30301
162247,27in FHD Monitor,1,149.99,2019-03-22 15:47:00,10 Elm St, Austin, TX 73301
162248,Wired Headphones,1,11.99,2019-03-14 16:03:00,685 5th St, San Francisco, CA 94016
162249,Bose SoundSport Headphones,1,99.99,2019-03-27 19:50:00,951 Forest St, New York City, NY 10001
162250,Flatscreen TV,1,300.0,2019-03-16 10:47:00,984 8th St, Los Angeles, CA 90001
162251,27in FHD Monitor,1,149.99,2019-03-29 15:10:00,495 Lake St, San Francisco, CA 94016
162252,Wired Headphones,2,11.99,2019-03-09 05:31:00,5 Maple St, San Francisco, CA 94016
162253,USB-C Charging Cable,1,11.95,2019-03-07 22:15:00,574 Walnut St, Boston, MA 02215
162254,Macbook Pro Laptop,1,1700.0,2019-03-09 10:48:00,786 River St, San Francisco, CA 94016
162255,27in FHD Monitor,1,149.99,2019-03-06 11:21:00,622 Highland St, Dallas, TX 75001
162256,20in Monitor,1,109.99,2019-03-15 11:55:00,217 4th St, New York City, NY 10001
162257,AA Batteries (4-pack),1,3.84,2019-03-30 12:01:00,977 Meadow St, Atlanta, GA 30301
162258,Bose SoundSport Headphones,1,99.99,2019-03-20 19:09:00,874 Cherry St, New York City, NY 10001
162259,27in 4K Gaming Monitor,1,389.99,2019-03-14 10:07:00,415 Wilson St, New York City, NY 10001
162260,Apple Airpods Headphones,1,150.0,2019-03-29 12:08:00,188 North St, Seattle, WA 98101
162261,Bose SoundSport Headphones,1,99.99,2019-03-24 06:54:00,825 Lakeview St, Dallas, TX 75001
162262,Wired Headphones,1,11.99,2019-03-08 22:17:00,625 Main St, Atlanta, GA 30301
162263,Wired Headphones,1,11.99,2019-03-05 22:06:00,230 Elm St, Dallas, TX 75001
162264,Apple Airpods Headphones,1,150.0,2019-03-13 18:06:00,604 6th St, Portland, OR 97035
162265,Wired Headphones,1,11.99,2019-03-12 08:12:00,882 Park St, Los Angeles, CA 90001
162266,AA Batteries (4-pack),1,3.84,2019-03-13 08:34:00,697 Jackson St, New York City, NY 10001
162267,Bose SoundSport Headphones,1,99.99,2019-03-26 14:07:00,61 10th St, Dallas, TX 75001
162268,Lightning Charging Cable,1,14.95,2019-03-30 20:26:00,528 Pine St, Los Angeles, CA 90001
162269,Wired Headphones,1,11.99,2019-03-03 01:30:00,99 Sunset St, San Francisco, CA 94016
162270,Macbook Pro Laptop,1,1700.0,2019-03-07 11:45:00,98 Elm St, Los Angeles, CA 90001
162271,Lightning Charging Cable,1,14.95,2019-03-26 10:37:00,557 Hickory St, San Francisco, CA 94016
162272,Lightning Charging Cable,1,14.95,2019-03-16 09:30:00,322 10th St, Los Angeles, CA 90001
162273,Google Phone,1,600.0,2019-03-20 18:36:00,368 Washington St, New York City, NY 10001
162274,Lightning Charging Cable,1,14.95,2019-03-07 09:06:00,152 2nd St, Atlanta, GA 30301
162275,Wired Headphones,1,11.99,2019-03-12 20:22:00,558 Cherry St, Seattle, WA 98101
162276,Bose SoundSport Headphones,1,99.99,2019-03-11 06:54:00,882 Jefferson St, Los Angeles, CA 90001
162277,27in 4K Gaming Monitor,1,389.99,2019-03-26 22:06:00,392 Maple St, Seattle, WA 98101
162278,Bose SoundSport Headphones,1,99.99,2019-03-23 14:02:00,488 Jackson St, Boston, MA 02215
162279,Google Phone,1,600.0,2019-03-12 19:03:00,231 Highland St, San Francisco, CA 94016
162280,Bose SoundSport Headphones,1,99.99,2019-03-05 11:48:00,525 12th St, New York City, NY 10001
162281,Lightning Charging Cable,2,14.95,2019-03-10 15:31:00,774 4th St, Seattle, WA 98101
162282,USB-C Charging Cable,1,11.95,2019-03-03 02:06:00,6 10th St, Austin, TX 73301
162283,AA Batteries (4-pack),1,3.84,2019-03-05 20:33:00,959 12th St, Boston, MA 02215
162284,Lightning Charging Cable,1,14.95,2019-03-05 22:25:00,544 Elm St, Los Angeles, CA 90001
162285,27in FHD Monitor,1,149.99,2019-03-13 21:40:00,491 Walnut St, San Francisco, CA 94016
162286,iPhone,1,700.0,2019-03-25 12:49:00,805 5th St, New York City, NY 10001
162287,Google Phone,1,600.0,2019-03-30 10:02:00,89 6th St, Atlanta, GA 30301
162288,20in Monitor,1,109.99,2019-03-01 09:19:00,113 7th St, Dallas, TX 75001
162289,USB-C Charging Cable,1,11.95,2019-03-18 04:46:00,528 Pine St, Seattle, WA 98101
162290,27in 4K Gaming Monitor,1,389.99,2019-03-13 20:36:00,809 Ridge St, Dallas, TX 75001
162291,Lightning Charging Cable,1,14.95,2019-03-12 12:08:00,72 Chestnut St, Los Angeles, CA 90001
162292,Lightning Charging Cable,1,14.95,2019-03-08 06:56:00,327 Park St, Atlanta, GA 30301
162293,20in Monitor,1,109.99,2019-03-04 17:57:00,332 2nd St, Dallas, TX 75001
162294,Vareebadd Phone,1,400.0,2019-03-10 11:57:00,769 8th St, Atlanta, GA 30301
162295,AAA Batteries (4-pack),1,2.99,2019-03-18 19:17:00,279 Center St, Seattle, WA 98101
162296,Lightning Charging Cable,1,14.95,2019-03-10 19:12:00,884 River St, Seattle, WA 98101
162297,Apple Airpods Headphones,1,150.0,2019-03-12 17:48:00,466 Dogwood St, Boston, MA 02215
162297,20in Monitor,1,109.99,2019-03-12 17:48:00,466 Dogwood St, Boston, MA 02215
162298,AA Batteries (4-pack),1,3.84,2019-03-15 21:34:00,175 Spruce St, New York City, NY 10001
162299,27in FHD Monitor,1,149.99,2019-03-03 10:40:00,244 Highland St, Los Angeles, CA 90001
162300,Lightning Charging Cable,1,14.95,2019-03-12 14:47:00,222 14th St, Austin, TX 73301
162301,USB-C Charging Cable,1,11.95,2019-03-23 10:49:00,315 2nd St, Austin, TX 73301
162302,USB-C Charging Cable,2,11.95,2019-03-06 18:30:00,456 1st St, San Francisco, CA 94016
162303,Wired Headphones,1,11.99,2019-03-06 20:38:00,291 Lincoln St, Seattle, WA 98101
162304,AA Batteries (4-pack),1,3.84,2019-03-20 22:44:00,215 Washington St, San Francisco, CA 94016
162305,iPhone,1,700.0,2019-03-26 17:08:00,460 Hickory St, Dallas, TX 75001
162306,iPhone,1,700.0,2019-03-10 19:33:00,116 Hill St, Seattle, WA 98101
162307,Wired Headphones,1,11.99,2019-03-29 06:31:00,504 Highland St, San Francisco, CA 94016
162308,ThinkPad Laptop,1,999.99,2019-03-18 19:25:00,814 Church St, Portland, OR 97035
162309,USB-C Charging Cable,1,11.95,2019-03-27 13:00:00,678 North St, Boston, MA 02215
162310,AAA Batteries (4-pack),2,2.99,2019-03-12 11:42:00,782 Adams St, Boston, MA 02215
162311,27in FHD Monitor,2,149.99,2019-03-29 09:06:00,902 Jackson St, Atlanta, GA 30301
162312,USB-C Charging Cable,1,11.95,2019-03-09 14:11:00,935 14th St, San Francisco, CA 94016
162313,ThinkPad Laptop,1,999.99,2019-03-25 10:52:00,956 9th St, San Francisco, CA 94016
162314,Lightning Charging Cable,1,14.95,2019-03-22 08:47:00,178 Dogwood St, Austin, TX 73301
162315,27in FHD Monitor,1,149.99,2019-03-12 21:36:00,184 1st St, New York City, NY 10001
162316,AAA Batteries (4-pack),1,2.99,2019-03-08 13:19:00,739 Lake St, New York City, NY 10001
162317,AA Batteries (4-pack),1,3.84,2019-03-20 15:31:00,95 River St, Los Angeles, CA 90001
162318,Lightning Charging Cable,2,14.95,2019-03-13 05:24:00,540 9th St, San Francisco, CA 94016
162319,USB-C Charging Cable,1,11.95,2019-03-14 16:50:00,636 6th St, Los Angeles, CA 90001
162320,Lightning Charging Cable,1,14.95,2019-03-24 11:28:00,26 West St, Boston, MA 02215
162321,USB-C Charging Cable,1,11.95,2019-03-04 12:35:00,546 Church St, Los Angeles, CA 90001
162322,AA Batteries (4-pack),1,3.84,2019-03-23 20:35:00,752 Sunset St, Portland, OR 97035
162323,27in FHD Monitor,1,149.99,2019-03-05 11:48:00,667 Elm St, New York City, NY 10001
162324,Apple Airpods Headphones,1,150.0,2019-03-10 11:58:00,511 Walnut St, Portland, OR 97035
162325,iPhone,1,700.0,2019-03-26 23:54:00,789 6th St, Los Angeles, CA 90001
162326,Bose SoundSport Headphones,2,99.99,2019-03-30 19:40:00,639 Church St, San Francisco, CA 94016
162327,20in Monitor,1,109.99,2019-03-09 01:51:00,100 North St, New York City, NY 10001
162328,Wired Headphones,1,11.99,2019-03-31 13:06:00,153 10th St, Dallas, TX 75001
162329,Vareebadd Phone,1,400.0,2019-03-26 14:50:00,42 Sunset St, Boston, MA 02215
162329,USB-C Charging Cable,1,11.95,2019-03-26 14:50:00,42 Sunset St, Boston, MA 02215
162330,Macbook Pro Laptop,1,1700.0,2019-03-25 06:04:00,89 Elm St, New York City, NY 10001
162331,Wired Headphones,1,11.99,2019-03-03 15:40:00,295 Wilson St, Portland, OR 97035
162332,Flatscreen TV,1,300.0,2019-03-20 14:23:00,925 10th St, Atlanta, GA 30301
162332,Flatscreen TV,1,300.0,2019-03-20 14:23:00,925 10th St, Atlanta, GA 30301
162333,AA Batteries (4-pack),4,3.84,2019-03-28 18:34:00,269 2nd St, Atlanta, GA 30301
162334,27in 4K Gaming Monitor,1,389.99,2019-03-31 11:16:00,342 Spruce St, San Francisco, CA 94016
162335,AAA Batteries (4-pack),1,2.99,2019-03-22 22:43:00,495 Cedar St, Boston, MA 02215
162336,AAA Batteries (4-pack),3,2.99,2019-03-12 20:10:00,689 Maple St, San Francisco, CA 94016
162337,Bose SoundSport Headphones,1,99.99,2019-03-10 13:10:00,485 Meadow St, Los Angeles, CA 90001
162338,iPhone,1,700.0,2019-03-22 00:42:00,516 Madison St, Los Angeles, CA 90001
162339,Wired Headphones,1,11.99,2019-03-22 16:20:00,95 Hickory St, New York City, NY 10001
162340,AAA Batteries (4-pack),2,2.99,2019-03-13 19:15:00,39 6th St, Portland, OR 97035
162341,Lightning Charging Cable,1,14.95,2019-03-26 19:33:00,164 Spruce St, Boston, MA 02215
162342,USB-C Charging Cable,1,11.95,2019-03-15 21:32:00,568 13th St, San Francisco, CA 94016
162343,AAA Batteries (4-pack),1,2.99,2019-03-02 20:38:00,372 Highland St, New York City, NY 10001
162344,27in 4K Gaming Monitor,1,389.99,2019-03-24 06:41:00,484 Spruce St, San Francisco, CA 94016
162345,USB-C Charging Cable,2,11.95,2019-03-28 21:32:00,970 Maple St, San Francisco, CA 94016
162346,AAA Batteries (4-pack),2,2.99,2019-03-30 10:58:00,179 Jefferson St, New York City, NY 10001
162347,34in Ultrawide Monitor,1,379.99,2019-03-31 19:04:00,805 Jackson St, Austin, TX 73301
162347,Lightning Charging Cable,1,14.95,2019-03-31 19:04:00,805 Jackson St, Austin, TX 73301
162348,USB-C Charging Cable,1,11.95,2019-03-18 13:49:00,616 14th St, New York City, NY 10001
162349,USB-C Charging Cable,1,11.95,2019-03-08 13:33:00,402 5th St, Los Angeles, CA 90001
162350,Apple Airpods Headphones,1,150.0,2019-03-20 17:16:00,509 Highland St, Atlanta, GA 30301
162351,AA Batteries (4-pack),3,3.84,2019-03-22 11:25:00,519 12th St, Austin, TX 73301
162352,AAA Batteries (4-pack),6,2.99,2019-03-24 22:57:00,319 Cedar St, Dallas, TX 75001
162352,Bose SoundSport Headphones,1,99.99,2019-03-24 22:57:00,319 Cedar St, Dallas, TX 75001
162353,Wired Headphones,2,11.99,2019-03-26 14:06:00,858 Lincoln St, New York City, NY 10001
162354,AA Batteries (4-pack),1,3.84,2019-03-06 18:08:00,653 Johnson St, Dallas, TX 75001
162355,Lightning Charging Cable,1,14.95,2019-03-04 18:40:00,749 Park St, Los Angeles, CA 90001
162356,Lightning Charging Cable,1,14.95,2019-03-15 11:55:00,456 11th St, Dallas, TX 75001
162357,Apple Airpods Headphones,1,150.0,2019-03-03 13:51:00,300 Park St, Atlanta, GA 30301
162358,Flatscreen TV,1,300.0,2019-04-01 01:11:00,444 12th St, New York City, NY 10001
162359,Lightning Charging Cable,1,14.95,2019-03-23 18:00:00,260 Cherry St, New York City, NY 10001
162360,AAA Batteries (4-pack),3,2.99,2019-03-10 21:52:00,764 Lake St, Boston, MA 02215
162361,Vareebadd Phone,1,400.0,2019-03-04 22:50:00,594 Spruce St, Atlanta, GA 30301
162361,Wired Headphones,1,11.99,2019-03-04 22:50:00,594 Spruce St, Atlanta, GA 30301
162362,AAA Batteries (4-pack),1,2.99,2019-03-17 12:44:00,930 Forest St, Atlanta, GA 30301
162363,Bose SoundSport Headphones,1,99.99,2019-03-10 15:17:00,196 11th St, Los Angeles, CA 90001
162364,iPhone,1,700.0,2019-03-01 19:42:00,78 South St, Boston, MA 02215
162364,Lightning Charging Cable,1,14.95,2019-03-01 19:42:00,78 South St, Boston, MA 02215
162365,Apple Airpods Headphones,1,150.0,2019-03-22 09:20:00,633 Highland St, San Francisco, CA 94016
162366,USB-C Charging Cable,1,11.95,2019-03-02 18:36:00,848 North St, Portland, OR 97035
162367,Apple Airpods Headphones,1,150.0,2019-03-23 14:58:00,825 Walnut St, Los Angeles, CA 90001
162368,Lightning Charging Cable,1,14.95,2019-03-11 18:04:00,82 Park St, San Francisco, CA 94016
162368,Wired Headphones,1,11.99,2019-03-11 18:04:00,82 Park St, San Francisco, CA 94016
162369,USB-C Charging Cable,3,11.95,2019-03-08 20:00:00,110 Jefferson St, Dallas, TX 75001
162370,20in Monitor,1,109.99,2019-03-11 19:53:00,235 Cedar St, Dallas, TX 75001
162371,AA Batteries (4-pack),1,3.84,2019-03-09 17:57:00,807 Sunset St, Los Angeles, CA 90001
162372,AA Batteries (4-pack),1,3.84,2019-03-07 15:08:00,17 1st St, Dallas, TX 75001
162373,AA Batteries (4-pack),1,3.84,2019-03-18 14:41:00,414 South St, New York City, NY 10001
162374,Flatscreen TV,1,300.0,2019-03-02 20:17:00,400 13th St, Boston, MA 02215
162375,Lightning Charging Cable,1,14.95,2019-03-25 11:31:00,911 Pine St, Atlanta, GA 30301
162376,iPhone,1,700.0,2019-03-02 21:09:00,555 Cedar St, Seattle, WA 98101
162376,Wired Headphones,1,11.99,2019-03-02 21:09:00,555 Cedar St, Seattle, WA 98101
162377,ThinkPad Laptop,1,999.99,2019-03-20 08:55:00,557 5th St, Austin, TX 73301
162378,Lightning Charging Cable,1,14.95,2019-03-24 06:00:00,116 Main St, Atlanta, GA 30301
162379,Lightning Charging Cable,1,14.95,2019-03-31 21:23:00,566 Hill St, Portland, OR 97035
162380,Lightning Charging Cable,1,14.95,2019-03-20 06:54:00,615 Cedar St, Los Angeles, CA 90001
162381,AA Batteries (4-pack),1,3.84,2019-03-31 18:32:00,11 11th St, Boston, MA 02215
162381,iPhone,1,700.0,2019-03-31 18:32:00,11 11th St, Boston, MA 02215
162382,Google Phone,1,600.0,2019-03-13 11:46:00,239 Cedar St, Los Angeles, CA 90001
162383,USB-C Charging Cable,1,11.95,2019-03-23 00:45:00,424 Cedar St, New York City, NY 10001
162384,iPhone,1,700.0,2019-03-17 06:45:00,388 Madison St, San Francisco, CA 94016
162385,Wired Headphones,1,11.99,2019-03-24 17:46:00,378 West St, Los Angeles, CA 90001
162386,Lightning Charging Cable,1,14.95,2019-03-11 18:30:00,907 Cedar St, Seattle, WA 98101
162387,ThinkPad Laptop,1,999.99,2019-03-25 18:39:00,831 River St, New York City, NY 10001
162388,AA Batteries (4-pack),1,3.84,2019-03-30 13:28:00,87 5th St, San Francisco, CA 94016
162389,USB-C Charging Cable,1,11.95,2019-03-07 08:40:00,322 South St, San Francisco, CA 94016
162390,AAA Batteries (4-pack),2,2.99,2019-03-30 09:29:00,454 West St, Boston, MA 02215
162391,iPhone,1,700.0,2019-03-16 13:24:00,444 Highland St, Dallas, TX 75001
162391,Apple Airpods Headphones,1,150.0,2019-03-16 13:24:00,444 Highland St, Dallas, TX 75001
162392,iPhone,1,700.0,2019-03-09 10:55:00,692 6th St, Dallas, TX 75001
162393,Lightning Charging Cable,1,14.95,2019-03-03 21:07:00,279 Main St, Atlanta, GA 30301
162394,Google Phone,1,600.0,2019-03-04 18:51:00,608 9th St, San Francisco, CA 94016
162395,USB-C Charging Cable,1,11.95,2019-03-16 09:52:00,588 5th St, San Francisco, CA 94016
162396,27in FHD Monitor,1,149.99,2019-03-08 21:42:00,345 Main St, Dallas, TX 75001
162397,AA Batteries (4-pack),1,3.84,2019-03-31 19:56:00,13 Lincoln St, San Francisco, CA 94016
162398,AA Batteries (4-pack),3,3.84,2019-03-01 14:36:00,242 Sunset St, Dallas, TX 75001
162399,Google Phone,1,600.0,2019-03-18 14:26:00,91 Forest St, Austin, TX 73301
162400,Lightning Charging Cable,1,14.95,2019-03-06 21:23:00,810 West St, Boston, MA 02215
162401,Bose SoundSport Headphones,1,99.99,2019-03-10 23:25:00,808 Spruce St, Seattle, WA 98101
162402,Bose SoundSport Headphones,1,99.99,2019-03-09 19:15:00,951 Jefferson St, Seattle, WA 98101
162403,AA Batteries (4-pack),1,3.84,2019-03-21 20:35:00,53 5th St, Atlanta, GA 30301
162404,Flatscreen TV,1,300.0,2019-03-30 23:04:00,724 Jefferson St, San Francisco, CA 94016
162405,AAA Batteries (4-pack),1,2.99,2019-03-27 17:27:00,802 Forest St, Boston, MA 02215
162406,Google Phone,1,600.0,2019-03-15 17:12:00,471 1st St, Atlanta, GA 30301
162407,AAA Batteries (4-pack),1,2.99,2019-03-05 17:51:00,921 Chestnut St, Boston, MA 02215
162408,Google Phone,1,600.0,2019-03-24 23:45:00,392 Ridge St, Los Angeles, CA 90001
162408,Wired Headphones,1,11.99,2019-03-24 23:45:00,392 Ridge St, Los Angeles, CA 90001
162409,Apple Airpods Headphones,1,150.0,2019-03-17 19:20:00,811 14th St, San Francisco, CA 94016
162409,Wired Headphones,1,11.99,2019-03-17 19:20:00,811 14th St, San Francisco, CA 94016
162410,Apple Airpods Headphones,1,150.0,2019-03-05 12:18:00,777 South St, Atlanta, GA 30301
162411,AAA Batteries (4-pack),1,2.99,2019-03-20 09:46:00,704 7th St, San Francisco, CA 94016
162412,Apple Airpods Headphones,1,150.0,2019-03-22 19:20:00,564 2nd St, New York City, NY 10001
162413,34in Ultrawide Monitor,1,379.99,2019-03-18 12:52:00,210 Main St, Los Angeles, CA 90001
162414,iPhone,1,700.0,2019-03-17 10:48:00,262 9th St, Boston, MA 02215
162415,Wired Headphones,1,11.99,2019-03-20 19:40:00,416 1st St, Austin, TX 73301
162416,Wired Headphones,1,11.99,2019-03-30 08:19:00,542 Dogwood St, New York City, NY 10001
162417,USB-C Charging Cable,1,11.95,2019-03-01 18:46:00,113 Wilson St, Los Angeles, CA 90001
162418,Wired Headphones,1,11.99,2019-03-04 11:57:00,911 West St, Los Angeles, CA 90001
162419,USB-C Charging Cable,2,11.95,2019-03-21 18:20:00,715 Jackson St, Los Angeles, CA 90001
162420,Lightning Charging Cable,1,14.95,2019-03-19 22:47:00,396 South St, Dallas, TX 75001
162421,AA Batteries (4-pack),2,3.84,2019-03-31 14:12:00,802 Lincoln St, New York City, NY 10001
162422,Lightning Charging Cable,1,14.95,2019-03-26 00:10:00,477 12th St, New York City, NY 10001
162423,Macbook Pro Laptop,1,1700.0,2019-03-03 15:13:00,552 Adams St, Portland, OR 97035
162424,AA Batteries (4-pack),1,3.84,2019-03-04 19:35:00,747 Chestnut St, Austin, TX 73301
162425,AAA Batteries (4-pack),2,2.99,2019-03-27 11:41:00,930 9th St, Los Angeles, CA 90001
162426,USB-C Charging Cable,1,11.95,2019-03-17 19:54:00,569 Hickory St, San Francisco, CA 94016
162427,27in FHD Monitor,1,149.99,2019-03-27 20:52:00,7 2nd St, San Francisco, CA 94016
162428,Wired Headphones,1,11.99,2019-03-15 17:39:00,170 Madison St, Seattle, WA 98101
162429,USB-C Charging Cable,1,11.95,2019-03-29 22:54:00,356 7th St, Portland, OR 97035
162430,Apple Airpods Headphones,1,150.0,2019-03-25 22:01:00,730 2nd St, San Francisco, CA 94016
162431,Apple Airpods Headphones,1,150.0,2019-03-16 15:18:00,454 5th St, Portland, OR 97035
162432,AAA Batteries (4-pack),1,2.99,2019-03-06 12:16:00,648 13th St, Atlanta, GA 30301
162433,iPhone,1,700.0,2019-03-29 19:14:00,857 11th St, Los Angeles, CA 90001
162434,AA Batteries (4-pack),1,3.84,2019-03-15 10:46:00,554 Jefferson St, Boston, MA 02215
162435,USB-C Charging Cable,1,11.95,2019-03-14 20:16:00,445 Ridge St, Boston, MA 02215
162436,Apple Airpods Headphones,1,150.0,2019-03-31 10:49:00,406 Johnson St, Austin, TX 73301
162437,Lightning Charging Cable,1,14.95,2019-03-13 14:14:00,916 13th St, Los Angeles, CA 90001
162438,Lightning Charging Cable,1,14.95,2019-03-11 22:03:00,187 South St, San Francisco, CA 94016
162439,USB-C Charging Cable,1,11.95,2019-03-13 18:47:00,96 Main St, San Francisco, CA 94016
162440,Wired Headphones,1,11.99,2019-03-04 23:49:00,347 Cedar St, Los Angeles, CA 90001
162441,AAA Batteries (4-pack),2,2.99,2019-03-27 10:36:00,939 Pine St, Los Angeles, CA 90001
162442,Macbook Pro Laptop,1,1700.0,2019-03-06 19:19:00,512 Willow St, Los Angeles, CA 90001
162443,Lightning Charging Cable,1,14.95,2019-03-24 07:33:00,600 North St, Seattle, WA 98101
162444,AA Batteries (4-pack),1,3.84,2019-03-10 22:45:00,174 Adams St, San Francisco, CA 94016
162445,Apple Airpods Headphones,1,150.0,2019-03-24 15:42:00,358 West St, New York City, NY 10001
162446,27in FHD Monitor,1,149.99,2019-03-28 10:27:00,384 South St, New York City, NY 10001
162447,34in Ultrawide Monitor,1,379.99,2019-03-17 16:37:00,133 South St, Los Angeles, CA 90001
162448,Bose SoundSport Headphones,1,99.99,2019-03-04 13:04:00,777 Main St, Dallas, TX 75001
162449,AA Batteries (4-pack),1,3.84,2019-03-11 19:54:00,995 1st St, San Francisco, CA 94016
162450,USB-C Charging Cable,1,11.95,2019-03-12 10:53:00,269 1st St, Dallas, TX 75001
162451,AA Batteries (4-pack),3,3.84,2019-03-22 08:59:00,25 Adams St, Seattle, WA 98101
162452,27in FHD Monitor,1,149.99,2019-03-02 07:28:00,632 7th St, Portland, ME 04101
162453,AAA Batteries (4-pack),1,2.99,2019-03-29 04:37:00,934 Ridge St, Atlanta, GA 30301
162454,AAA Batteries (4-pack),1,2.99,2019-03-02 14:10:00,309 Sunset St, Atlanta, GA 30301
162455,34in Ultrawide Monitor,1,379.99,2019-03-14 10:52:00,425 Lake St, Seattle, WA 98101
162456,Wired Headphones,1,11.99,2019-03-19 09:13:00,59 Dogwood St, Atlanta, GA 30301
162457,ThinkPad Laptop,1,999.99,2019-03-04 17:32:00,77 Willow St, Boston, MA 02215
162458,Apple Airpods Headphones,1,150.0,2019-03-11 16:15:00,149 Spruce St, Portland, ME 04101
162459,AAA Batteries (4-pack),1,2.99,2019-03-09 08:17:00,609 Washington St, Austin, TX 73301
162460,Bose SoundSport Headphones,1,99.99,2019-03-27 08:05:00,904 Hickory St, San Francisco, CA 94016
162461,Wired Headphones,1,11.99,2019-03-12 20:19:00,34 North St, Los Angeles, CA 90001
162462,USB-C Charging Cable,1,11.95,2019-03-18 11:58:00,834 14th St, Portland, OR 97035
162463,iPhone,1,700.0,2019-03-26 20:40:00,883 7th St, Boston, MA 02215
162463,Lightning Charging Cable,1,14.95,2019-03-26 20:40:00,883 7th St, Boston, MA 02215
162464,iPhone,1,700.0,2019-03-23 17:03:00,45 West St, San Francisco, CA 94016
162465,Apple Airpods Headphones,1,150.0,2019-03-08 21:43:00,603 Willow St, New York City, NY 10001
162466,iPhone,1,700.0,2019-03-30 11:46:00,309 Adams St, Los Angeles, CA 90001
162467,Wired Headphones,1,11.99,2019-03-30 11:02:00,122 Johnson St, Seattle, WA 98101
162468,AA Batteries (4-pack),1,3.84,2019-03-18 11:24:00,654 4th St, Los Angeles, CA 90001
162469,27in FHD Monitor,1,149.99,2019-03-30 23:28:00,531 Spruce St, Los Angeles, CA 90001
162470,USB-C Charging Cable,1,11.95,2019-03-12 16:58:00,93 Lake St, Los Angeles, CA 90001
162471,ThinkPad Laptop,1,999.99,2019-03-04 08:59:00,69 Spruce St, Boston, MA 02215
162472,Vareebadd Phone,1,400.0,2019-03-05 23:55:00,505 Hickory St, Seattle, WA 98101
162473,Wired Headphones,1,11.99,2019-03-23 12:37:00,270 South St, Portland, OR 97035
162474,AAA Batteries (4-pack),1,2.99,2019-03-21 08:26:00,254 Pine St, San Francisco, CA 94016
162475,Lightning Charging Cable,1,14.95,2019-03-29 15:39:00,310 North St, Los Angeles, CA 90001
162476,Flatscreen TV,1,300.0,2019-03-27 19:09:00,962 Highland St, Atlanta, GA 30301
162477,USB-C Charging Cable,1,11.95,2019-03-17 15:38:00,827 Cherry St, Atlanta, GA 30301
162478,USB-C Charging Cable,1,11.95,2019-03-28 11:53:00,506 Spruce St, New York City, NY 10001
162479,27in 4K Gaming Monitor,1,389.99,2019-03-15 19:09:00,92 Walnut St, Los Angeles, CA 90001
162480,USB-C Charging Cable,1,11.95,2019-03-23 13:01:00,597 12th St, San Francisco, CA 94016
162481,AAA Batteries (4-pack),3,2.99,2019-03-24 22:00:00,556 5th St, Los Angeles, CA 90001
162482,34in Ultrawide Monitor,1,379.99,2019-03-23 20:42:00,722 Church St, Los Angeles, CA 90001
162483,34in Ultrawide Monitor,1,379.99,2019-03-12 14:26:00,893 Dogwood St, San Francisco, CA 94016
162484,Bose SoundSport Headphones,1,99.99,2019-03-05 08:12:00,195 4th St, Portland, ME 04101
162485,USB-C Charging Cable,1,11.95,2019-03-25 09:20:00,682 Cedar St, San Francisco, CA 94016
162486,iPhone,1,700.0,2019-03-04 11:46:00,594 1st St, San Francisco, CA 94016
162486,Lightning Charging Cable,1,14.95,2019-03-04 11:46:00,594 1st St, San Francisco, CA 94016
162487,USB-C Charging Cable,3,11.95,2019-03-09 14:42:00,631 Church St, Portland, OR 97035
162488,AA Batteries (4-pack),1,3.84,2019-03-30 09:14:00,554 West St, San Francisco, CA 94016
162489,27in 4K Gaming Monitor,1,389.99,2019-03-30 01:01:00,397 Highland St, Seattle, WA 98101
162490,Google Phone,1,600.0,2019-03-12 00:56:00,27 West St, Atlanta, GA 30301
162490,USB-C Charging Cable,1,11.95,2019-03-12 00:56:00,27 West St, Atlanta, GA 30301
162491,Bose SoundSport Headphones,1,99.99,2019-03-05 20:00:00,881 1st St, San Francisco, CA 94016
162492,iPhone,1,700.0,2019-03-20 10:00:00,534 10th St, Seattle, WA 98101
162493,AAA Batteries (4-pack),1,2.99,2019-03-23 21:16:00,392 Wilson St, San Francisco, CA 94016
162494,27in FHD Monitor,1,149.99,2019-03-31 19:57:00,896 Spruce St, Los Angeles, CA 90001
162495,Macbook Pro Laptop,1,1700.0,2019-03-02 11:38:00,292 Cherry St, Los Angeles, CA 90001
162496,AA Batteries (4-pack),1,3.84,2019-03-27 11:55:00,68 West St, Atlanta, GA 30301
162497,AA Batteries (4-pack),2,3.84,2019-03-22 23:42:00,919 Jefferson St, San Francisco, CA 94016
162498,Wired Headphones,1,11.99,2019-03-13 10:28:00,743 5th St, Austin, TX 73301
162499,AA Batteries (4-pack),3,3.84,2019-03-28 12:20:00,623 Chestnut St, New York City, NY 10001
162500,Wired Headphones,1,11.99,2019-03-27 21:17:00,33 Elm St, San Francisco, CA 94016
162501,Bose SoundSport Headphones,1,99.99,2019-03-31 16:00:00,170 6th St, Boston, MA 02215
162502,Flatscreen TV,1,300.0,2019-03-15 16:20:00,700 South St, Boston, MA 02215
162503,AAA Batteries (4-pack),2,2.99,2019-03-03 20:31:00,615 Cherry St, Dallas, TX 75001
162504,34in Ultrawide Monitor,1,379.99,2019-03-04 17:42:00,146 Willow St, Atlanta, GA 30301
162505,27in FHD Monitor,1,149.99,2019-03-13 08:31:00,827 Hickory St, Boston, MA 02215
162506,USB-C Charging Cable,1,11.95,2019-03-08 15:50:00,718 Adams St, San Francisco, CA 94016
162507,20in Monitor,1,109.99,2019-03-18 09:00:00,358 Hickory St, San Francisco, CA 94016
162508,iPhone,1,700.0,2019-03-25 11:21:00,894 Johnson St, Seattle, WA 98101
162508,Lightning Charging Cable,1,14.95,2019-03-25 11:21:00,894 Johnson St, Seattle, WA 98101
162509,AAA Batteries (4-pack),1,2.99,2019-03-09 19:21:00,629 Meadow St, Boston, MA 02215
162510,Macbook Pro Laptop,1,1700.0,2019-03-13 13:03:00,417 10th St, Portland, OR 97035
162511,Wired Headphones,1,11.99,2019-03-17 23:08:00,615 Pine St, Seattle, WA 98101
162512,USB-C Charging Cable,1,11.95,2019-03-06 20:30:00,433 Johnson St, San Francisco, CA 94016
162513,Bose SoundSport Headphones,1,99.99,2019-03-11 09:20:00,849 Ridge St, New York City, NY 10001
162514,Bose SoundSport Headphones,1,99.99,2019-03-11 12:15:00,763 Main St, Seattle, WA 98101
162515,AA Batteries (4-pack),3,3.84,2019-03-06 18:30:00,976 Lake St, New York City, NY 10001
162516,AA Batteries (4-pack),4,3.84,2019-03-10 11:31:00,896 Elm St, Dallas, TX 75001
162517,Wired Headphones,1,11.99,2019-03-16 15:47:00,780 9th St, Los Angeles, CA 90001
162518,USB-C Charging Cable,1,11.95,2019-03-08 11:24:00,281 River St, San Francisco, CA 94016
162519,Vareebadd Phone,1,400.0,2019-03-04 06:57:00,516 Cherry St, New York City, NY 10001
162520,AA Batteries (4-pack),1,3.84,2019-03-24 11:16:00,308 Johnson St, New York City, NY 10001
162521,Flatscreen TV,1,300.0,2019-03-30 08:12:00,304 Hickory St, Seattle, WA 98101
162522,Lightning Charging Cable,1,14.95,2019-03-03 21:18:00,618 Dogwood St, Seattle, WA 98101
162523,Wired Headphones,1,11.99,2019-03-26 15:23:00,156 Hickory St, San Francisco, CA 94016
162524,AA Batteries (4-pack),1,3.84,2019-03-21 13:14:00,372 Elm St, San Francisco, CA 94016
162525,34in Ultrawide Monitor,1,379.99,2019-03-10 19:00:00,415 Forest St, San Francisco, CA 94016
162526,Wired Headphones,2,11.99,2019-03-30 15:12:00,744 Wilson St, Atlanta, GA 30301
162527,ThinkPad Laptop,1,999.99,2019-03-03 14:42:00,775 12th St, Dallas, TX 75001
162528,27in FHD Monitor,1,149.99,2019-03-11 08:15:00,776 11th St, San Francisco, CA 94016
162529,iPhone,1,700.0,2019-03-15 20:25:00,3 Dogwood St, Seattle, WA 98101
162530,AAA Batteries (4-pack),1,2.99,2019-03-24 12:09:00,552 Main St, Boston, MA 02215
162531,27in 4K Gaming Monitor,1,389.99,2019-03-27 08:12:00,383 Pine St, Atlanta, GA 30301
162532,27in 4K Gaming Monitor,1,389.99,2019-03-25 19:40:00,802 Hickory St, Boston, MA 02215
162533,iPhone,1,700.0,2019-03-12 19:48:00,361 Ridge St, San Francisco, CA 94016
162534,Bose SoundSport Headphones,1,99.99,2019-03-29 21:06:00,392 13th St, Portland, OR 97035
162535,AAA Batteries (4-pack),1,2.99,2019-03-03 18:44:00,749 Madison St, Atlanta, GA 30301
162536,Wired Headphones,1,11.99,2019-03-27 00:42:00,899 13th St, San Francisco, CA 94016
162537,AA Batteries (4-pack),2,3.84,2019-03-16 20:00:00,382 Park St, New York City, NY 10001
162538,34in Ultrawide Monitor,1,379.99,2019-03-22 19:06:00,434 Elm St, Seattle, WA 98101
162539,AA Batteries (4-pack),1,3.84,2019-03-31 21:31:00,279 14th St, San Francisco, CA 94016
162540,Bose SoundSport Headphones,1,99.99,2019-03-20 23:01:00,376 7th St, San Francisco, CA 94016
162541,AAA Batteries (4-pack),2,2.99,2019-04-01 01:15:00,672 2nd St, Atlanta, GA 30301
162542,USB-C Charging Cable,1,11.95,2019-03-08 17:50:00,602 6th St, Seattle, WA 98101
162543,AA Batteries (4-pack),2,3.84,2019-03-06 13:03:00,99 13th St, Atlanta, GA 30301
162544,Apple Airpods Headphones,2,150.0,2019-03-10 12:40:00,190 Maple St, New York City, NY 10001
162545,Google Phone,1,600.0,2019-03-23 17:22:00,466 Church St, San Francisco, CA 94016
162546,Macbook Pro Laptop,1,1700.0,2019-03-05 00:39:00,114 1st St, New York City, NY 10001
162547,27in 4K Gaming Monitor,1,389.99,2019-03-18 21:55:00,156 Forest St, Los Angeles, CA 90001
162548,ThinkPad Laptop,1,999.99,2019-03-11 11:30:00,872 Church St, Austin, TX 73301
162549,Macbook Pro Laptop,1,1700.0,2019-03-26 08:09:00,303 6th St, Portland, OR 97035
162550,Wired Headphones,1,11.99,2019-03-03 20:11:00,464 Meadow St, Portland, OR 97035
162551,iPhone,1,700.0,2019-03-27 10:48:00,510 Madison St, Boston, MA 02215
162552,USB-C Charging Cable,1,11.95,2019-03-10 17:05:00,775 1st St, New York City, NY 10001
162553,Bose SoundSport Headphones,1,99.99,2019-03-08 12:01:00,949 River St, Seattle, WA 98101
162554,iPhone,1,700.0,2019-03-29 15:30:00,567 7th St, Seattle, WA 98101
162554,Wired Headphones,1,11.99,2019-03-29 15:30:00,567 7th St, Seattle, WA 98101
162555,Lightning Charging Cable,1,14.95,2019-03-30 11:59:00,212 Dogwood St, Seattle, WA 98101
162556,Flatscreen TV,1,300.0,2019-03-31 19:47:00,72 2nd St, San Francisco, CA 94016
162557,iPhone,1,700.0,2019-03-22 12:50:00,813 1st St, Atlanta, GA 30301
162557,Lightning Charging Cable,2,14.95,2019-03-22 12:50:00,813 1st St, Atlanta, GA 30301
162558,Lightning Charging Cable,1,14.95,2019-03-03 18:36:00,171 Washington St, Los Angeles, CA 90001
162559,Wired Headphones,1,11.99,2019-03-21 09:24:00,929 Park St, Boston, MA 02215
162560,AA Batteries (4-pack),1,3.84,2019-03-10 23:56:00,618 Washington St, San Francisco, CA 94016
162561,Wired Headphones,1,11.99,2019-03-12 07:58:00,499 4th St, Austin, TX 73301
162562,AA Batteries (4-pack),1,3.84,2019-03-29 21:16:00,96 Park St, Austin, TX 73301
162563,27in FHD Monitor,1,149.99,2019-03-12 15:51:00,769 1st St, Seattle, WA 98101
162564,Apple Airpods Headphones,1,150.0,2019-03-19 14:55:00,1 12th St, Los Angeles, CA 90001
162565,USB-C Charging Cable,1,11.95,2019-03-29 00:25:00,961 10th St, Dallas, TX 75001
162566,Macbook Pro Laptop,1,1700.0,2019-03-08 22:13:00,681 Ridge St, Boston, MA 02215
162567,AA Batteries (4-pack),1,3.84,2019-03-08 11:41:00,196 10th St, San Francisco, CA 94016
162568,USB-C Charging Cable,2,11.95,2019-03-02 20:41:00,628 Walnut St, San Francisco, CA 94016
162569,34in Ultrawide Monitor,1,379.99,2019-03-27 12:16:00,196 Church St, New York City, NY 10001
162570,Lightning Charging Cable,2,14.95,2019-03-17 23:22:00,55 Adams St, Austin, TX 73301
162571,AA Batteries (4-pack),1,3.84,2019-03-29 21:01:00,422 Maple St, Los Angeles, CA 90001
162572,Lightning Charging Cable,1,14.95,2019-03-10 14:41:00,732 Highland St, Boston, MA 02215
162573,Google Phone,1,600.0,2019-03-02 11:34:00,673 2nd St, Portland, OR 97035
162574,AAA Batteries (4-pack),3,2.99,2019-03-08 12:14:00,194 Jackson St, San Francisco, CA 94016
162575,iPhone,1,700.0,2019-03-25 12:56:00,590 Park St, Los Angeles, CA 90001
162576,Bose SoundSport Headphones,2,99.99,2019-03-21 23:07:00,634 Cedar St, Boston, MA 02215
162577,AAA Batteries (4-pack),1,2.99,2019-03-19 19:54:00,547 Ridge St, Atlanta, GA 30301
162578,Bose SoundSport Headphones,1,99.99,2019-03-20 13:58:00,56 Adams St, Atlanta, GA 30301
162579,AA Batteries (4-pack),2,3.84,2019-03-13 12:20:00,40 13th St, San Francisco, CA 94016
162580,AAA Batteries (4-pack),1,2.99,2019-03-11 18:00:00,680 Jefferson St, Portland, OR 97035
162581,Flatscreen TV,1,300.0,2019-03-05 15:07:00,903 8th St, Dallas, TX 75001
162582,Flatscreen TV,1,300.0,2019-03-16 11:45:00,97 9th St, New York City, NY 10001
162583,Apple Airpods Headphones,1,150.0,2019-03-20 21:52:00,36 Main St, Seattle, WA 98101
162584,34in Ultrawide Monitor,1,379.99,2019-03-25 23:04:00,459 Hill St, New York City, NY 10001
162585,27in 4K Gaming Monitor,1,389.99,2019-03-03 08:39:00,182 Chestnut St, San Francisco, CA 94016
162586,USB-C Charging Cable,1,11.95,2019-03-20 08:50:00,499 Cherry St, Austin, TX 73301
162587,LG Washing Machine,1,600.0,2019-03-20 12:58:00,66 Lakeview St, San Francisco, CA 94016
162588,AAA Batteries (4-pack),1,2.99,2019-03-29 09:03:00,568 Meadow St, Austin, TX 73301
162589,AA Batteries (4-pack),2,3.84,2019-03-23 00:37:00,13 5th St, Boston, MA 02215
162590,27in FHD Monitor,1,149.99,2019-03-15 16:50:00,611 Washington St, Boston, MA 02215
162591,USB-C Charging Cable,1,11.95,2019-03-30 19:10:00,884 Pine St, Portland, ME 04101
162592,Bose SoundSport Headphones,1,99.99,2019-03-05 15:10:00,595 Jefferson St, San Francisco, CA 94016
162593,Bose SoundSport Headphones,1,99.99,2019-03-24 15:06:00,247 Jefferson St, San Francisco, CA 94016
162594,Lightning Charging Cable,2,14.95,2019-03-03 10:49:00,504 13th St, Seattle, WA 98101
162595,AAA Batteries (4-pack),1,2.99,2019-03-10 10:07:00,916 13th St, New York City, NY 10001
162596,Wired Headphones,1,11.99,2019-03-27 12:30:00,698 Johnson St, Atlanta, GA 30301
162597,34in Ultrawide Monitor,1,379.99,2019-03-14 09:15:00,901 Ridge St, Portland, OR 97035
162598,USB-C Charging Cable,1,11.95,2019-03-31 18:07:00,353 11th St, Atlanta, GA 30301
162599,Apple Airpods Headphones,1,150.0,2019-03-09 19:22:00,380 Maple St, San Francisco, CA 94016
162600,34in Ultrawide Monitor,1,379.99,2019-03-18 10:48:00,198 Jefferson St, Dallas, TX 75001
162601,Bose SoundSport Headphones,1,99.99,2019-03-13 19:00:00,465 Highland St, Boston, MA 02215
162602,Lightning Charging Cable,1,14.95,2019-03-19 13:29:00,359 Lincoln St, Seattle, WA 98101
162603,20in Monitor,1,109.99,2019-03-30 13:34:00,794 North St, Austin, TX 73301
162604,Wired Headphones,1,11.99,2019-03-03 13:56:00,933 Willow St, New York City, NY 10001
162605,Vareebadd Phone,1,400.0,2019-03-16 16:43:00,807 Wilson St, San Francisco, CA 94016
162606,AA Batteries (4-pack),2,3.84,2019-03-21 18:06:00,446 Adams St, New York City, NY 10001
162607,Apple Airpods Headphones,1,150.0,2019-03-31 10:18:00,485 Center St, Los Angeles, CA 90001
162608,Google Phone,1,600.0,2019-03-13 09:05:00,925 Lake St, Boston, MA 02215
162609,Bose SoundSport Headphones,1,99.99,2019-03-17 12:32:00,823 Wilson St, Atlanta, GA 30301
162610,USB-C Charging Cable,1,11.95,2019-03-02 15:59:00,90 Hill St, San Francisco, CA 94016
162611,AA Batteries (4-pack),1,3.84,2019-03-05 10:21:00,97 Meadow St, Los Angeles, CA 90001
162612,Wired Headphones,1,11.99,2019-03-11 11:18:00,357 Hickory St, Austin, TX 73301
162612,USB-C Charging Cable,1,11.95,2019-03-11 11:18:00,357 Hickory St, Austin, TX 73301
162613,Bose SoundSport Headphones,1,99.99,2019-03-12 15:21:00,53 6th St, Los Angeles, CA 90001
162614,Lightning Charging Cable,1,14.95,2019-03-17 13:22:00,804 6th St, Los Angeles, CA 90001
162615,AA Batteries (4-pack),1,3.84,2019-03-22 12:43:00,322 11th St, Seattle, WA 98101
162616,Vareebadd Phone,1,400.0,2019-03-31 13:00:00,287 Adams St, Dallas, TX 75001
162617,AAA Batteries (4-pack),2,2.99,2019-03-19 08:12:00,809 Forest St, San Francisco, CA 94016
162618,Lightning Charging Cable,1,14.95,2019-03-09 12:08:00,266 Church St, San Francisco, CA 94016
162619,27in FHD Monitor,1,149.99,2019-03-30 18:41:00,349 Wilson St, Los Angeles, CA 90001
162620,27in FHD Monitor,1,149.99,2019-03-02 02:11:00,60 Maple St, Boston, MA 02215
162621,USB-C Charging Cable,1,11.95,2019-03-07 09:44:00,282 13th St, Austin, TX 73301
162622,Lightning Charging Cable,1,14.95,2019-03-17 14:31:00,815 Cherry St, Boston, MA 02215
162623,AAA Batteries (4-pack),1,2.99,2019-03-25 17:34:00,821 Dogwood St, San Francisco, CA 94016
162623,AA Batteries (4-pack),1,3.84,2019-03-25 17:34:00,821 Dogwood St, San Francisco, CA 94016
162624,USB-C Charging Cable,1,11.95,2019-03-01 11:42:00,878 Highland St, San Francisco, CA 94016
162625,Lightning Charging Cable,1,14.95,2019-03-09 20:49:00,524 Ridge St, New York City, NY 10001
162626,27in FHD Monitor,1,149.99,2019-03-09 23:47:00,113 Cherry St, San Francisco, CA 94016
162627,Apple Airpods Headphones,1,150.0,2019-03-24 11:42:00,461 11th St, Los Angeles, CA 90001
162628,USB-C Charging Cable,1,11.95,2019-03-26 14:56:00,867 Lake St, Seattle, WA 98101
162629,27in 4K Gaming Monitor,1,389.99,2019-03-27 09:58:00,427 Elm St, San Francisco, CA 94016
162630,34in Ultrawide Monitor,1,379.99,2019-03-09 00:36:00,418 7th St, Boston, MA 02215
162631,Bose SoundSport Headphones,1,99.99,2019-03-19 22:27:00,395 Willow St, San Francisco, CA 94016
162632,AAA Batteries (4-pack),1,2.99,2019-03-18 12:10:00,992 Highland St, New York City, NY 10001
162633,27in FHD Monitor,1,149.99,2019-03-29 14:42:00,498 Jefferson St, Austin, TX 73301
162634,Apple Airpods Headphones,1,150.0,2019-03-13 16:42:00,477 14th St, Portland, OR 97035
162635,27in FHD Monitor,1,149.99,2019-03-08 13:24:00,99 14th St, Austin, TX 73301
162636,USB-C Charging Cable,1,11.95,2019-03-05 22:49:00,510 Chestnut St, Dallas, TX 75001
162637,Apple Airpods Headphones,1,150.0,2019-03-10 07:17:00,969 11th St, Los Angeles, CA 90001
162638,Apple Airpods Headphones,1,150.0,2019-03-19 14:06:00,556 7th St, Seattle, WA 98101
162639,27in 4K Gaming Monitor,1,389.99,2019-03-07 23:44:00,925 Willow St, Dallas, TX 75001
162640,27in FHD Monitor,1,149.99,2019-03-20 21:29:00,383 Adams St, Los Angeles, CA 90001
162641,Apple Airpods Headphones,1,150.0,2019-03-10 11:50:00,155 Wilson St, Los Angeles, CA 90001
162642,AAA Batteries (4-pack),4,2.99,2019-03-17 18:44:00,962 Maple St, San Francisco, CA 94016
162643,AAA Batteries (4-pack),1,2.99,2019-03-09 14:56:00,467 Center St, Atlanta, GA 30301
162644,AAA Batteries (4-pack),1,2.99,2019-03-20 02:15:00,564 Johnson St, Los Angeles, CA 90001
162645,iPhone,1,700.0,2019-03-25 21:26:00,362 Park St, San Francisco, CA 94016
162646,Apple Airpods Headphones,1,150.0,2019-03-08 18:11:00,174 Madison St, Dallas, TX 75001
162647,AAA Batteries (4-pack),1,2.99,2019-03-24 13:47:00,206 Adams St, Atlanta, GA 30301
162648,AAA Batteries (4-pack),2,2.99,2019-03-26 09:29:00,576 Meadow St, San Francisco, CA 94016
162649,AAA Batteries (4-pack),1,2.99,2019-03-08 19:04:00,158 Lake St, Seattle, WA 98101
162650,USB-C Charging Cable,1,11.95,2019-03-11 20:05:00,187 Madison St, New York City, NY 10001
162651,USB-C Charging Cable,1,11.95,2019-03-04 19:06:00,251 Ridge St, Seattle, WA 98101
162652,Macbook Pro Laptop,1,1700.0,2019-03-21 20:49:00,165 Church St, Boston, MA 02215
162653,AAA Batteries (4-pack),2,2.99,2019-03-13 14:51:00,907 Cedar St, San Francisco, CA 94016
162654,Lightning Charging Cable,1,14.95,2019-03-02 13:40:00,724 Spruce St, San Francisco, CA 94016
162655,Wired Headphones,1,11.99,2019-03-05 15:54:00,364 1st St, Boston, MA 02215
162656,Apple Airpods Headphones,2,150.0,2019-03-12 12:30:00,426 Maple St, Los Angeles, CA 90001
162657,34in Ultrawide Monitor,1,379.99,2019-03-13 07:40:00,326 9th St, San Francisco, CA 94016
162658,AA Batteries (4-pack),1,3.84,2019-03-06 17:53:00,743 Lake St, Atlanta, GA 30301
162659,Flatscreen TV,1,300.0,2019-03-02 23:26:00,945 13th St, San Francisco, CA 94016
162660,AAA Batteries (4-pack),1,2.99,2019-03-14 14:26:00,591 Pine St, New York City, NY 10001
162661,Lightning Charging Cable,1,14.95,2019-03-04 20:53:00,556 Park St, Austin, TX 73301
162661,Apple Airpods Headphones,1,150.0,2019-03-04 20:53:00,556 Park St, Austin, TX 73301
162662,AA Batteries (4-pack),1,3.84,2019-03-06 18:06:00,621 10th St, San Francisco, CA 94016
162663,Lightning Charging Cable,1,14.95,2019-03-28 15:04:00,253 River St, Austin, TX 73301
162664,Lightning Charging Cable,1,14.95,2019-03-02 15:59:00,48 13th St, San Francisco, CA 94016
162665,AAA Batteries (4-pack),3,2.99,2019-03-12 21:22:00,515 Madison St, Los Angeles, CA 90001
162666,USB-C Charging Cable,1,11.95,2019-03-10 15:19:00,184 Adams St, Dallas, TX 75001
162667,USB-C Charging Cable,1,11.95,2019-03-21 13:23:00,281 Meadow St, Dallas, TX 75001
162668,iPhone,1,700.0,2019-03-06 20:17:00,16 Hill St, Los Angeles, CA 90001
162669,Lightning Charging Cable,1,14.95,2019-03-28 15:29:00,504 Jefferson St, Boston, MA 02215
162670,AAA Batteries (4-pack),1,2.99,2019-03-09 00:50:00,908 5th St, New York City, NY 10001
162671,USB-C Charging Cable,1,11.95,2019-03-02 18:34:00,463 13th St, Boston, MA 02215
162672,20in Monitor,1,109.99,2019-03-05 11:42:00,762 Pine St, Atlanta, GA 30301
162673,Apple Airpods Headphones,1,150.0,2019-03-03 12:24:00,543 Sunset St, New York City, NY 10001
162674,Bose SoundSport Headphones,1,99.99,2019-03-16 18:31:00,593 9th St, San Francisco, CA 94016
162675,27in FHD Monitor,1,149.99,2019-03-28 12:41:00,956 Lake St, Portland, OR 97035
162676,Apple Airpods Headphones,1,150.0,2019-03-06 20:04:00,854 Park St, Boston, MA 02215
162677,iPhone,1,700.0,2019-03-31 21:16:00,50 Park St, New York City, NY 10001
162678,Bose SoundSport Headphones,1,99.99,2019-03-02 17:01:00,256 13th St, Dallas, TX 75001
162679,Apple Airpods Headphones,1,150.0,2019-03-14 11:53:00,754 Chestnut St, San Francisco, CA 94016
162680,USB-C Charging Cable,1,11.95,2019-03-29 10:59:00,413 Jefferson St, Los Angeles, CA 90001
162681,ThinkPad Laptop,1,999.99,2019-03-25 11:26:00,79 Park St, Austin, TX 73301
162682,Vareebadd Phone,1,400.0,2019-03-12 17:04:00,846 Cherry St, San Francisco, CA 94016
162683,Google Phone,1,600.0,2019-03-23 19:01:00,587 North St, Los Angeles, CA 90001
162684,Flatscreen TV,1,300.0,2019-03-09 17:42:00,81 5th St, Los Angeles, CA 90001
162685,iPhone,1,700.0,2019-03-31 16:23:00,201 Highland St, San Francisco, CA 94016
162686,AA Batteries (4-pack),1,3.84,2019-03-28 11:21:00,169 Meadow St, Los Angeles, CA 90001
162687,AAA Batteries (4-pack),1,2.99,2019-03-19 21:59:00,207 Meadow St, Dallas, TX 75001
162688,Wired Headphones,1,11.99,2019-03-12 10:57:00,849 Adams St, New York City, NY 10001
162689,USB-C Charging Cable,1,11.95,2019-03-13 12:43:00,279 Walnut St, Boston, MA 02215
162690,27in FHD Monitor,1,149.99,2019-03-19 08:40:00,121 7th St, San Francisco, CA 94016
162691,Bose SoundSport Headphones,1,99.99,2019-03-08 14:05:00,108 Park St, Dallas, TX 75001
162692,Lightning Charging Cable,1,14.95,2019-03-28 14:54:00,824 River St, Dallas, TX 75001
162693,AAA Batteries (4-pack),2,2.99,2019-03-05 18:59:00,211 12th St, Boston, MA 02215
162694,AA Batteries (4-pack),1,3.84,2019-03-15 16:35:00,239 Willow St, New York City, NY 10001
162695,Apple Airpods Headphones,1,150.0,2019-03-12 19:13:00,162 Walnut St, Los Angeles, CA 90001
162696,Macbook Pro Laptop,1,1700.0,2019-03-06 21:47:00,846 Elm St, Portland, OR 97035
162697,Macbook Pro Laptop,1,1700.0,2019-03-09 18:27:00,186 4th St, Austin, TX 73301
162698,Bose SoundSport Headphones,1,99.99,2019-03-13 10:07:00,812 8th St, New York City, NY 10001
162699,Wired Headphones,1,11.99,2019-03-31 20:22:00,196 Church St, Boston, MA 02215
162700,Lightning Charging Cable,2,14.95,2019-03-12 14:52:00,571 Sunset St, Boston, MA 02215
162701,AA Batteries (4-pack),1,3.84,2019-03-27 18:10:00,752 8th St, Atlanta, GA 30301
162702,Google Phone,1,600.0,2019-03-17 15:38:00,904 River St, Atlanta, GA 30301
162703,Bose SoundSport Headphones,1,99.99,2019-03-31 11:21:00,980 South St, Seattle, WA 98101
162704,Macbook Pro Laptop,1,1700.0,2019-03-11 20:06:00,587 Jackson St, Los Angeles, CA 90001
162705,AAA Batteries (4-pack),3,2.99,2019-03-08 22:09:00,306 Lakeview St, New York City, NY 10001
162706,Wired Headphones,2,11.99,2019-03-02 06:33:00,935 6th St, Boston, MA 02215
162707,27in 4K Gaming Monitor,1,389.99,2019-03-16 13:01:00,669 Hill St, Boston, MA 02215
162708,Lightning Charging Cable,1,14.95,2019-03-22 20:28:00,883 West St, Boston, MA 02215
162709,AAA Batteries (4-pack),1,2.99,2019-03-26 13:16:00,456 10th St, San Francisco, CA 94016
162710,USB-C Charging Cable,1,11.95,2019-03-22 13:05:00,580 Pine St, Los Angeles, CA 90001
162711,Wired Headphones,1,11.99,2019-03-12 13:10:00,76 12th St, San Francisco, CA 94016
162712,34in Ultrawide Monitor,1,379.99,2019-03-07 20:33:00,608 Center St, Seattle, WA 98101
162713,AAA Batteries (4-pack),2,2.99,2019-03-06 06:20:00,116 Wilson St, San Francisco, CA 94016
162714,20in Monitor,1,109.99,2019-03-02 20:04:00,401 11th St, Portland, OR 97035
162715,ThinkPad Laptop,1,999.99,2019-03-24 10:14:00,956 Lakeview St, Seattle, WA 98101
162716,20in Monitor,1,109.99,2019-03-11 19:52:00,941 Forest St, Seattle, WA 98101
162717,AAA Batteries (4-pack),1,2.99,2019-03-28 09:13:00,498 Cedar St, Austin, TX 73301
162718,Bose SoundSport Headphones,1,99.99,2019-03-04 19:33:00,744 7th St, Los Angeles, CA 90001
162719,34in Ultrawide Monitor,1,379.99,2019-03-18 12:25:00,270 Church St, San Francisco, CA 94016
162720,Bose SoundSport Headphones,1,99.99,2019-03-04 15:50:00,435 West St, Austin, TX 73301
162721,AAA Batteries (4-pack),1,2.99,2019-03-13 02:27:00,682 Wilson St, Los Angeles, CA 90001
162722,AA Batteries (4-pack),2,3.84,2019-03-14 11:27:00,851 Willow St, San Francisco, CA 94016
162723,Wired Headphones,1,11.99,2019-03-08 00:34:00,568 11th St, Portland, ME 04101
162724,Lightning Charging Cable,2,14.95,2019-03-01 18:07:00,274 Cedar St, San Francisco, CA 94016
162725,Bose SoundSport Headphones,1,99.99,2019-03-02 18:53:00,199 Spruce St, San Francisco, CA 94016
162726,Macbook Pro Laptop,1,1700.0,2019-03-15 08:45:00,180 12th St, Atlanta, GA 30301
162727,27in FHD Monitor,1,149.99,2019-03-12 18:33:00,138 Chestnut St, Los Angeles, CA 90001
162728,Google Phone,1,600.0,2019-03-01 23:38:00,836 Hill St, Boston, MA 02215
162729,34in Ultrawide Monitor,1,379.99,2019-03-16 19:21:00,744 Washington St, New York City, NY 10001
162730,Wired Headphones,1,11.99,2019-03-01 10:17:00,673 4th St, Los Angeles, CA 90001
162731,Wired Headphones,1,11.99,2019-03-25 11:24:00,610 Sunset St, Portland, OR 97035
162732,Bose SoundSport Headphones,1,99.99,2019-03-01 22:01:00,307 2nd St, Boston, MA 02215
162733,AAA Batteries (4-pack),2,2.99,2019-03-02 21:46:00,517 Forest St, New York City, NY 10001
162734,Lightning Charging Cable,1,14.95,2019-03-07 22:34:00,753 Dogwood St, Dallas, TX 75001
162735,Lightning Charging Cable,1,14.95,2019-03-11 11:26:00,991 Lakeview St, Los Angeles, CA 90001
162736,Apple Airpods Headphones,1,150.0,2019-03-26 16:27:00,993 River St, San Francisco, CA 94016
162737,27in FHD Monitor,1,149.99,2019-03-11 16:21:00,207 Wilson St, Austin, TX 73301
162738,Apple Airpods Headphones,1,150.0,2019-03-16 14:15:00,657 14th St, Dallas, TX 75001
162739,Google Phone,1,600.0,2019-03-18 11:41:00,305 Madison St, Los Angeles, CA 90001
162739,USB-C Charging Cable,1,11.95,2019-03-18 11:41:00,305 Madison St, Los Angeles, CA 90001
162740,Google Phone,1,600.0,2019-03-13 20:18:00,923 Lakeview St, Boston, MA 02215
162741,Vareebadd Phone,1,400.0,2019-03-01 11:32:00,698 Willow St, Los Angeles, CA 90001
162741,USB-C Charging Cable,1,11.95,2019-03-01 11:32:00,698 Willow St, Los Angeles, CA 90001
162742,Apple Airpods Headphones,1,150.0,2019-03-17 10:17:00,393 Pine St, San Francisco, CA 94016
162743,LG Dryer,1,600.0,2019-03-04 20:11:00,162 13th St, Austin, TX 73301
162744,Lightning Charging Cable,1,14.95,2019-03-19 17:22:00,733 Ridge St, San Francisco, CA 94016
162745,Bose SoundSport Headphones,1,99.99,2019-03-12 10:52:00,177 Hickory St, New York City, NY 10001
162746,AAA Batteries (4-pack),5,2.99,2019-03-25 13:22:00,767 Washington St, San Francisco, CA 94016
162747,Macbook Pro Laptop,1,1700.0,2019-03-28 12:00:00,125 13th St, Portland, OR 97035
162748,AAA Batteries (4-pack),1,2.99,2019-03-11 23:13:00,646 11th St, Austin, TX 73301
162749,Wired Headphones,1,11.99,2019-03-03 21:27:00,155 14th St, New York City, NY 10001
162750,AAA Batteries (4-pack),2,2.99,2019-03-18 20:24:00,838 Madison St, Boston, MA 02215
162751,AAA Batteries (4-pack),1,2.99,2019-03-24 23:50:00,430 12th St, Portland, OR 97035
162752,Bose SoundSport Headphones,1,99.99,2019-03-20 02:06:00,645 Highland St, Los Angeles, CA 90001
162753,AA Batteries (4-pack),1,3.84,2019-03-30 08:50:00,141 Sunset St, Seattle, WA 98101
162754,Wired Headphones,1,11.99,2019-03-17 10:29:00,880 Wilson St, Los Angeles, CA 90001
162755,27in FHD Monitor,1,149.99,2019-03-03 17:55:00,10 Forest St, New York City, NY 10001
162756,ThinkPad Laptop,1,999.99,2019-03-21 10:07:00,437 14th St, San Francisco, CA 94016
162757,Google Phone,1,600.0,2019-03-11 20:25:00,843 Cherry St, Boston, MA 02215
162758,USB-C Charging Cable,1,11.95,2019-03-23 21:39:00,90 5th St, San Francisco, CA 94016
162759,Vareebadd Phone,1,400.0,2019-03-31 19:30:00,985 Madison St, Atlanta, GA 30301
162759,Wired Headphones,1,11.99,2019-03-31 19:30:00,985 Madison St, Atlanta, GA 30301
162760,Apple Airpods Headphones,1,150.0,2019-03-14 11:03:00,346 Hickory St, Boston, MA 02215
162761,AAA Batteries (4-pack),1,2.99,2019-03-18 09:49:00,712 Lincoln St, Boston, MA 02215
162762,Wired Headphones,1,11.99,2019-03-17 06:50:00,775 14th St, New York City, NY 10001
162763,AA Batteries (4-pack),1,3.84,2019-03-24 15:38:00,825 Main St, Los Angeles, CA 90001
162764,AAA Batteries (4-pack),2,2.99,2019-03-07 18:37:00,271 Ridge St, Boston, MA 02215
162765,AAA Batteries (4-pack),1,2.99,2019-03-01 20:54:00,991 8th St, Los Angeles, CA 90001
162766,AAA Batteries (4-pack),2,2.99,2019-03-28 18:23:00,518 10th St, New York City, NY 10001
162767,AAA Batteries (4-pack),1,2.99,2019-03-31 17:49:00,667 Washington St, Atlanta, GA 30301
162768,AAA Batteries (4-pack),1,2.99,2019-03-31 10:35:00,312 1st St, Portland, OR 97035
162769,Flatscreen TV,1,300.0,2019-03-07 10:13:00,711 South St, San Francisco, CA 94016
162770,Flatscreen TV,1,300.0,2019-03-30 17:54:00,749 2nd St, San Francisco, CA 94016
162771,Google Phone,1,600.0,2019-03-01 09:08:00,198 Center St, San Francisco, CA 94016
162772,Wired Headphones,1,11.99,2019-03-03 09:53:00,894 14th St, Boston, MA 02215
162773,Bose SoundSport Headphones,1,99.99,2019-03-28 08:17:00,933 9th St, San Francisco, CA 94016
162774,Wired Headphones,1,11.99,2019-03-25 19:09:00,891 4th St, Boston, MA 02215
162775,USB-C Charging Cable,1,11.95,2019-03-31 13:23:00,158 7th St, Portland, OR 97035
162776,USB-C Charging Cable,1,11.95,2019-03-04 16:31:00,333 Highland St, Los Angeles, CA 90001
162777,AA Batteries (4-pack),1,3.84,2019-03-15 18:56:00,531 Sunset St, Dallas, TX 75001
162778,AA Batteries (4-pack),1,3.84,2019-03-13 23:39:00,264 River St, Portland, OR 97035
162779,USB-C Charging Cable,1,11.95,2019-03-18 12:57:00,424 Highland St, Dallas, TX 75001
162780,AA Batteries (4-pack),1,3.84,2019-03-20 12:20:00,468 Jackson St, New York City, NY 10001
162781,AAA Batteries (4-pack),1,2.99,2019-03-28 12:49:00,278 Hickory St, Los Angeles, CA 90001
162782,iPhone,1,700.0,2019-03-31 13:13:00,931 Jefferson St, Dallas, TX 75001
162783,Lightning Charging Cable,1,14.95,2019-03-31 12:23:00,690 Willow St, Atlanta, GA 30301
162784,Bose SoundSport Headphones,1,99.99,2019-03-08 13:25:00,229 9th St, Dallas, TX 75001
162785,Wired Headphones,1,11.99,2019-03-02 19:17:00,501 Wilson St, Portland, OR 97035
162786,Lightning Charging Cable,1,14.95,2019-03-09 06:00:00,107 5th St, New York City, NY 10001
162786,Bose SoundSport Headphones,1,99.99,2019-03-09 06:00:00,107 5th St, New York City, NY 10001
162787,Wired Headphones,1,11.99,2019-03-23 13:42:00,657 Walnut St, Portland, OR 97035
162788,Bose SoundSport Headphones,1,99.99,2019-03-15 17:22:00,927 13th St, Los Angeles, CA 90001
162788,Apple Airpods Headphones,1,150.0,2019-03-15 17:22:00,927 13th St, Los Angeles, CA 90001
162789,AA Batteries (4-pack),1,3.84,2019-03-23 19:17:00,362 Forest St, Dallas, TX 75001
162790,Lightning Charging Cable,1,14.95,2019-03-22 14:01:00,216 River St, San Francisco, CA 94016
162791,Lightning Charging Cable,1,14.95,2019-03-01 22:54:00,82 4th St, Los Angeles, CA 90001
162792,Wired Headphones,1,11.99,2019-03-08 12:48:00,3 Chestnut St, San Francisco, CA 94016
162793,USB-C Charging Cable,1,11.95,2019-03-28 10:03:00,159 Johnson St, Los Angeles, CA 90001
162794,AA Batteries (4-pack),1,3.84,2019-03-28 11:37:00,970 6th St, Atlanta, GA 30301
162795,AA Batteries (4-pack),1,3.84,2019-03-03 11:58:00,647 9th St, Seattle, WA 98101
162796,Wired Headphones,1,11.99,2019-03-03 05:45:00,130 Hickory St, Los Angeles, CA 90001
162797,Lightning Charging Cable,1,14.95,2019-03-05 19:07:00,918 5th St, Portland, OR 97035
162798,20in Monitor,1,109.99,2019-03-20 07:52:00,591 9th St, San Francisco, CA 94016
162799,27in 4K Gaming Monitor,1,389.99,2019-03-01 12:03:00,491 Ridge St, Boston, MA 02215
162800,Lightning Charging Cable,1,14.95,2019-03-28 15:36:00,474 Washington St, Dallas, TX 75001
162801,iPhone,1,700.0,2019-03-19 17:41:00,408 River St, New York City, NY 10001
162801,Apple Airpods Headphones,1,150.0,2019-03-19 17:41:00,408 River St, New York City, NY 10001
162802,Wired Headphones,1,11.99,2019-03-20 15:29:00,790 5th St, Los Angeles, CA 90001
162803,USB-C Charging Cable,1,11.95,2019-03-03 09:59:00,614 7th St, Austin, TX 73301
162804,AA Batteries (4-pack),1,3.84,2019-03-13 21:30:00,711 13th St, Portland, OR 97035
162805,AAA Batteries (4-pack),2,2.99,2019-03-11 23:15:00,40 14th St, Boston, MA 02215
162806,27in 4K Gaming Monitor,1,389.99,2019-03-03 19:57:00,773 South St, San Francisco, CA 94016
162807,Lightning Charging Cable,1,14.95,2019-03-19 17:40:00,574 Maple St, San Francisco, CA 94016
162808,AA Batteries (4-pack),1,3.84,2019-03-20 09:55:00,899 Main St, Portland, OR 97035
162809,Bose SoundSport Headphones,1,99.99,2019-03-22 17:34:00,690 River St, San Francisco, CA 94016
162810,Flatscreen TV,1,300.0,2019-03-26 14:12:00,503 Cherry St, Atlanta, GA 30301
162811,20in Monitor,1,109.99,2019-03-30 15:30:00,147 Adams St, Boston, MA 02215
162812,Lightning Charging Cable,1,14.95,2019-03-23 13:13:00,839 Center St, New York City, NY 10001
162813,27in FHD Monitor,1,149.99,2019-03-13 17:37:00,865 Adams St, Portland, ME 04101
162814,Apple Airpods Headphones,1,150.0,2019-03-29 20:40:00,742 Spruce St, Dallas, TX 75001
162814,USB-C Charging Cable,1,11.95,2019-03-29 20:40:00,742 Spruce St, Dallas, TX 75001
162815,Wired Headphones,1,11.99,2019-03-07 13:21:00,619 6th St, Boston, MA 02215
162816,Wired Headphones,1,11.99,2019-03-08 15:59:00,650 Forest St, Los Angeles, CA 90001
162817,AAA Batteries (4-pack),2,2.99,2019-03-24 11:58:00,120 Forest St, San Francisco, CA 94016
162818,USB-C Charging Cable,1,11.95,2019-03-30 18:39:00,923 Center St, Seattle, WA 98101
162819,Bose SoundSport Headphones,1,99.99,2019-03-26 17:52:00,936 Forest St, Atlanta, GA 30301
162820,Wired Headphones,1,11.99,2019-03-07 21:56:00,6 Ridge St, Los Angeles, CA 90001
162821,Lightning Charging Cable,1,14.95,2019-03-10 16:28:00,71 Spruce St, Seattle, WA 98101
162822,Lightning Charging Cable,2,14.95,2019-03-02 13:22:00,61 Hill St, San Francisco, CA 94016
162823,Lightning Charging Cable,2,14.95,2019-03-03 19:30:00,840 6th St, Boston, MA 02215
162824,Lightning Charging Cable,1,14.95,2019-03-24 21:26:00,242 West St, Boston, MA 02215
162825,USB-C Charging Cable,1,11.95,2019-03-05 14:10:00,484 1st St, New York City, NY 10001
162826,USB-C Charging Cable,2,11.95,2019-03-22 11:30:00,172 Park St, Seattle, WA 98101
162827,AA Batteries (4-pack),1,3.84,2019-03-12 09:25:00,91 Forest St, Boston, MA 02215
162828,Apple Airpods Headphones,1,150.0,2019-03-28 12:35:00,255 Forest St, Portland, OR 97035
162829,ThinkPad Laptop,1,999.99,2019-03-02 14:53:00,743 Walnut St, Los Angeles, CA 90001
162830,Bose SoundSport Headphones,1,99.99,2019-03-20 08:42:00,284 Chestnut St, Boston, MA 02215
162831,Wired Headphones,1,11.99,2019-03-05 19:53:00,943 Ridge St, Seattle, WA 98101
162832,Apple Airpods Headphones,1,150.0,2019-03-13 22:35:00,946 Center St, Los Angeles, CA 90001
162833,Flatscreen TV,1,300.0,2019-03-28 20:49:00,764 Sunset St, Boston, MA 02215
162834,Bose SoundSport Headphones,1,99.99,2019-03-05 09:24:00,743 1st St, San Francisco, CA 94016
162835,Apple Airpods Headphones,1,150.0,2019-03-15 12:31:00,190 Chestnut St, Portland, OR 97035
162836,Google Phone,1,600.0,2019-03-26 21:18:00,562 9th St, New York City, NY 10001
162837,USB-C Charging Cable,2,11.95,2019-03-05 22:41:00,63 Walnut St, Los Angeles, CA 90001
162838,Wired Headphones,2,11.99,2019-03-02 22:33:00,306 Walnut St, New York City, NY 10001
162839,USB-C Charging Cable,1,11.95,2019-03-30 07:52:00,201 Chestnut St, Austin, TX 73301
162840,Wired Headphones,1,11.99,2019-03-13 15:27:00,137 Sunset St, San Francisco, CA 94016
162841,Wired Headphones,1,11.99,2019-03-12 12:57:00,867 River St, Atlanta, GA 30301
162842,Flatscreen TV,1,300.0,2019-03-14 14:17:00,882 South St, New York City, NY 10001
162843,Bose SoundSport Headphones,1,99.99,2019-03-29 08:53:00,721 Sunset St, Dallas, TX 75001
162844,Lightning Charging Cable,1,14.95,2019-03-02 08:31:00,991 Pine St, Los Angeles, CA 90001
162845,Apple Airpods Headphones,1,150.0,2019-03-04 18:24:00,68 Park St, San Francisco, CA 94016
162846,Bose SoundSport Headphones,1,99.99,2019-03-17 12:24:00,410 Lincoln St, Dallas, TX 75001
162847,Lightning Charging Cable,1,14.95,2019-03-03 19:58:00,674 2nd St, Atlanta, GA 30301
162848,Lightning Charging Cable,1,14.95,2019-03-10 21:16:00,685 Highland St, San Francisco, CA 94016
162849,Macbook Pro Laptop,1,1700.0,2019-03-17 09:13:00,409 Lake St, San Francisco, CA 94016
162850,Lightning Charging Cable,1,14.95,2019-03-08 17:13:00,454 Adams St, Los Angeles, CA 90001
162851,Apple Airpods Headphones,1,150.0,2019-03-07 11:36:00,763 Highland St, Boston, MA 02215
162852,27in FHD Monitor,1,149.99,2019-03-17 15:55:00,575 Johnson St, Los Angeles, CA 90001
162853,Wired Headphones,1,11.99,2019-03-14 23:10:00,696 Jefferson St, Boston, MA 02215
162854,iPhone,1,700.0,2019-03-15 10:42:00,648 Hickory St, Los Angeles, CA 90001
162854,Lightning Charging Cable,2,14.95,2019-03-15 10:42:00,648 Hickory St, Los Angeles, CA 90001
162855,Apple Airpods Headphones,1,150.0,2019-03-22 08:56:00,376 Adams St, Atlanta, GA 30301
162856,Lightning Charging Cable,1,14.95,2019-03-19 09:25:00,79 Main St, Austin, TX 73301
162857,34in Ultrawide Monitor,1,379.99,2019-03-05 00:08:00,15 Madison St, Los Angeles, CA 90001
162857,AA Batteries (4-pack),1,3.84,2019-03-05 00:08:00,15 Madison St, Los Angeles, CA 90001
162858,USB-C Charging Cable,1,11.95,2019-03-19 23:20:00,127 Chestnut St, San Francisco, CA 94016
162859,Bose SoundSport Headphones,1,99.99,2019-03-27 18:57:00,969 Walnut St, Los Angeles, CA 90001
162860,USB-C Charging Cable,1,11.95,2019-03-04 14:12:00,153 Chestnut St, San Francisco, CA 94016
162861,Apple Airpods Headphones,1,150.0,2019-03-19 19:11:00,769 5th St, New York City, NY 10001
162862,Lightning Charging Cable,1,14.95,2019-03-23 07:21:00,265 1st St, Boston, MA 02215
162863,USB-C Charging Cable,2,11.95,2019-03-08 16:43:00,44 2nd St, New York City, NY 10001
162864,AA Batteries (4-pack),2,3.84,2019-03-31 17:46:00,792 Adams St, San Francisco, CA 94016
162865,Wired Headphones,1,11.99,2019-03-27 01:36:00,533 Pine St, San Francisco, CA 94016
162866,AAA Batteries (4-pack),1,2.99,2019-03-26 09:24:00,43 Hickory St, San Francisco, CA 94016
162867,USB-C Charging Cable,1,11.95,2019-03-31 13:37:00,880 Spruce St, Dallas, TX 75001
162868,27in FHD Monitor,1,149.99,2019-03-04 00:39:00,106 Willow St, Los Angeles, CA 90001
162869,AA Batteries (4-pack),1,3.84,2019-03-31 13:27:00,626 Lake St, New York City, NY 10001
162870,Wired Headphones,1,11.99,2019-03-23 08:12:00,782 Adams St, Austin, TX 73301
162871,Bose SoundSport Headphones,1,99.99,2019-03-16 10:06:00,606 Chestnut St, New York City, NY 10001
162872,USB-C Charging Cable,1,11.95,2019-03-18 09:22:00,881 Adams St, Atlanta, GA 30301
162873,Flatscreen TV,1,300.0,2019-03-20 16:07:00,719 2nd St, New York City, NY 10001
162874,Apple Airpods Headphones,1,150.0,2019-03-19 15:15:00,842 10th St, San Francisco, CA 94016
162875,Macbook Pro Laptop,1,1700.0,2019-03-27 22:03:00,896 Cedar St, Seattle, WA 98101
162876,AAA Batteries (4-pack),1,2.99,2019-03-11 08:29:00,671 12th St, San Francisco, CA 94016
162877,Google Phone,1,600.0,2019-03-29 11:26:00,305 Spruce St, New York City, NY 10001
162877,Bose SoundSport Headphones,1,99.99,2019-03-29 11:26:00,305 Spruce St, New York City, NY 10001
162878,Lightning Charging Cable,1,14.95,2019-03-22 18:48:00,362 Adams St, New York City, NY 10001
162879,Apple Airpods Headphones,1,150.0,2019-03-14 17:45:00,612 Ridge St, Austin, TX 73301
162880,Wired Headphones,1,11.99,2019-03-17 15:02:00,927 Pine St, Boston, MA 02215
162881,Google Phone,1,600.0,2019-03-02 15:07:00,403 Chestnut St, Dallas, TX 75001
162882,34in Ultrawide Monitor,1,379.99,2019-03-12 23:10:00,345 Forest St, Portland, OR 97035
162883,Vareebadd Phone,1,400.0,2019-03-24 14:19:00,349 Walnut St, New York City, NY 10001
162883,USB-C Charging Cable,1,11.95,2019-03-24 14:19:00,349 Walnut St, New York City, NY 10001
162884,AAA Batteries (4-pack),2,2.99,2019-03-12 19:03:00,155 Hill St, Seattle, WA 98101
162885,AAA Batteries (4-pack),3,2.99,2019-03-31 23:28:00,784 Elm St, Atlanta, GA 30301
162886,USB-C Charging Cable,2,11.95,2019-03-20 10:13:00,231 7th St, Los Angeles, CA 90001
162887,Lightning Charging Cable,1,14.95,2019-03-09 17:04:00,958 11th St, Atlanta, GA 30301
162888,USB-C Charging Cable,3,11.95,2019-03-24 08:55:00,156 West St, Los Angeles, CA 90001
162889,Bose SoundSport Headphones,1,99.99,2019-03-14 14:06:00,199 1st St, Atlanta, GA 30301
162890,Flatscreen TV,1,300.0,2019-03-24 20:59:00,956 Park St, San Francisco, CA 94016
162891,AAA Batteries (4-pack),1,2.99,2019-03-27 04:01:00,992 Pine St, Seattle, WA 98101
162892,AA Batteries (4-pack),1,3.84,2019-03-12 10:58:00,753 Adams St, Portland, ME 04101
162893,Apple Airpods Headphones,1,150.0,2019-03-19 12:37:00,722 Jackson St, San Francisco, CA 94016
162894,AA Batteries (4-pack),2,3.84,2019-03-18 23:05:00,191 Meadow St, Seattle, WA 98101
162895,Bose SoundSport Headphones,1,99.99,2019-03-15 20:06:00,924 Church St, San Francisco, CA 94016
162896,Wired Headphones,1,11.99,2019-03-14 18:01:00,847 Center St, Boston, MA 02215
162897,Bose SoundSport Headphones,1,99.99,2019-03-09 13:06:00,883 Jackson St, San Francisco, CA 94016
162898,USB-C Charging Cable,1,11.95,2019-03-07 12:01:00,272 Ridge St, Atlanta, GA 30301
162899,34in Ultrawide Monitor,1,379.99,2019-03-17 19:42:00,577 Lincoln St, Dallas, TX 75001
162900,27in FHD Monitor,1,149.99,2019-03-27 05:38:00,300 Church St, Seattle, WA 98101
162901,Lightning Charging Cable,1,14.95,2019-03-13 23:24:00,803 12th St, Atlanta, GA 30301
162902,Google Phone,1,600.0,2019-03-20 10:21:00,160 Pine St, San Francisco, CA 94016
162903,AAA Batteries (4-pack),2,2.99,2019-03-27 12:02:00,901 Lake St, San Francisco, CA 94016
162904,AA Batteries (4-pack),1,3.84,2019-03-14 17:06:00,77 River St, New York City, NY 10001
162905,Apple Airpods Headphones,1,150.0,2019-03-20 18:09:00,842 Washington St, Boston, MA 02215
162906,27in FHD Monitor,1,149.99,2019-03-07 18:49:00,993 2nd St, Boston, MA 02215
162907,AA Batteries (4-pack),1,3.84,2019-03-06 10:25:00,126 Ridge St, Seattle, WA 98101
162908,Macbook Pro Laptop,1,1700.0,2019-03-23 09:57:00,507 1st St, Los Angeles, CA 90001
162909,27in FHD Monitor,1,149.99,2019-03-17 17:50:00,319 Lake St, Seattle, WA 98101
162910,iPhone,1,700.0,2019-03-10 12:42:00,816 Pine St, Seattle, WA 98101
162911,AAA Batteries (4-pack),1,2.99,2019-03-28 13:49:00,501 Pine St, Los Angeles, CA 90001
162912,Bose SoundSport Headphones,1,99.99,2019-03-02 22:56:00,326 4th St, Boston, MA 02215
162913,AA Batteries (4-pack),3,3.84,2019-03-30 19:47:00,701 Highland St, New York City, NY 10001
162914,Google Phone,1,600.0,2019-03-26 17:53:00,728 Pine St, New York City, NY 10001
162915,USB-C Charging Cable,1,11.95,2019-03-11 10:09:00,905 Meadow St, New York City, NY 10001
162916,Flatscreen TV,1,300.0,2019-03-10 19:22:00,485 South St, New York City, NY 10001
162917,Apple Airpods Headphones,1,150.0,2019-03-10 12:07:00,654 River St, Atlanta, GA 30301
162918,AA Batteries (4-pack),1,3.84,2019-03-16 08:46:00,247 Lake St, Austin, TX 73301
162919,27in FHD Monitor,1,149.99,2019-03-02 14:21:00,432 Chestnut St, Los Angeles, CA 90001
162920,AA Batteries (4-pack),1,3.84,2019-03-26 22:43:00,723 Pine St, Austin, TX 73301
162921,AAA Batteries (4-pack),1,2.99,2019-03-25 18:59:00,308 Maple St, Boston, MA 02215
162922,Bose SoundSport Headphones,1,99.99,2019-03-28 15:04:00,788 Maple St, Los Angeles, CA 90001
162923,34in Ultrawide Monitor,1,379.99,2019-03-09 00:17:00,746 Lakeview St, Atlanta, GA 30301
162924,AAA Batteries (4-pack),1,2.99,2019-03-02 20:27:00,971 River St, San Francisco, CA 94016
162925,Bose SoundSport Headphones,1,99.99,2019-03-24 08:15:00,994 West St, Los Angeles, CA 90001
162926,Apple Airpods Headphones,1,150.0,2019-03-30 21:34:00,558 South St, Portland, OR 97035
162927,Apple Airpods Headphones,1,150.0,2019-03-24 19:20:00,800 Sunset St, New York City, NY 10001
162928,AA Batteries (4-pack),1,3.84,2019-03-26 22:23:00,292 Cedar St, San Francisco, CA 94016
162929,AAA Batteries (4-pack),2,2.99,2019-03-26 15:43:00,17 Hickory St, San Francisco, CA 94016
162930,27in FHD Monitor,1,149.99,2019-03-22 14:22:00,715 12th St, San Francisco, CA 94016
162931,Wired Headphones,1,11.99,2019-03-24 18:48:00,867 Spruce St, Seattle, WA 98101
162932,Apple Airpods Headphones,1,150.0,2019-03-04 08:41:00,227 5th St, Los Angeles, CA 90001
162933,Bose SoundSport Headphones,1,99.99,2019-03-12 12:05:00,464 2nd St, Atlanta, GA 30301
162934,Vareebadd Phone,1,400.0,2019-03-11 10:10:00,787 Ridge St, San Francisco, CA 94016
162934,USB-C Charging Cable,1,11.95,2019-03-11 10:10:00,787 Ridge St, San Francisco, CA 94016
162935,USB-C Charging Cable,1,11.95,2019-03-15 12:47:00,527 Forest St, Atlanta, GA 30301
162936,AAA Batteries (4-pack),2,2.99,2019-03-13 12:46:00,900 12th St, San Francisco, CA 94016
162937,Apple Airpods Headphones,1,150.0,2019-03-10 12:54:00,698 Lake St, Seattle, WA 98101
162938,AAA Batteries (4-pack),1,2.99,2019-03-25 06:39:00,877 14th St, Los Angeles, CA 90001
162939,34in Ultrawide Monitor,1,379.99,2019-03-24 10:34:00,885 4th St, Los Angeles, CA 90001
162940,ThinkPad Laptop,1,999.99,2019-03-04 16:36:00,426 Highland St, San Francisco, CA 94016
162941,AA Batteries (4-pack),2,3.84,2019-03-07 07:35:00,241 1st St, San Francisco, CA 94016
162942,Wired Headphones,1,11.99,2019-03-21 13:58:00,623 7th St, Boston, MA 02215
162943,iPhone,1,700.0,2019-03-22 19:49:00,746 Jefferson St, San Francisco, CA 94016
162944,27in 4K Gaming Monitor,1,389.99,2019-03-24 05:05:00,799 Center St, New York City, NY 10001
162945,Wired Headphones,1,11.99,2019-03-15 17:50:00,377 Chestnut St, Los Angeles, CA 90001
162946,Google Phone,1,600.0,2019-03-19 11:12:00,709 Walnut St, San Francisco, CA 94016
162947,Lightning Charging Cable,1,14.95,2019-03-12 13:55:00,213 Jefferson St, New York City, NY 10001
162948,Google Phone,1,600.0,2019-03-13 11:24:00,508 Chestnut St, Boston, MA 02215
162949,Flatscreen TV,1,300.0,2019-03-17 17:16:00,390 12th St, New York City, NY 10001
162950,27in 4K Gaming Monitor,1,389.99,2019-03-14 10:15:00,618 West St, Austin, TX 73301
162951,USB-C Charging Cable,1,11.95,2019-03-19 09:00:00,991 Cherry St, San Francisco, CA 94016
162952,Apple Airpods Headphones,1,150.0,2019-03-05 12:57:00,95 6th St, New York City, NY 10001
162953,Wired Headphones,1,11.99,2019-03-19 15:14:00,865 Chestnut St, Austin, TX 73301
162954,USB-C Charging Cable,1,11.95,2019-03-16 12:07:00,102 Jackson St, San Francisco, CA 94016
162955,iPhone,1,700.0,2019-03-01 17:56:00,151 South St, Seattle, WA 98101
162955,Lightning Charging Cable,1,14.95,2019-03-01 17:56:00,151 South St, Seattle, WA 98101
162956,AAA Batteries (4-pack),1,2.99,2019-03-11 17:21:00,569 Elm St, Atlanta, GA 30301
162957,Apple Airpods Headphones,1,150.0,2019-03-08 11:13:00,399 South St, Atlanta, GA 30301
162958,AAA Batteries (4-pack),2,2.99,2019-03-26 18:01:00,31 River St, Boston, MA 02215
162959,Wired Headphones,1,11.99,2019-03-01 23:21:00,52 Sunset St, Atlanta, GA 30301
162960,USB-C Charging Cable,1,11.95,2019-03-20 18:17:00,71 Madison St, Los Angeles, CA 90001
162961,AAA Batteries (4-pack),2,2.99,2019-03-17 14:16:00,573 7th St, Portland, OR 97035
162962,AA Batteries (4-pack),2,3.84,2019-03-12 19:33:00,669 Washington St, Dallas, TX 75001
162963,Bose SoundSport Headphones,1,99.99,2019-03-18 14:29:00,695 1st St, Portland, OR 97035
162964,AAA Batteries (4-pack),1,2.99,2019-03-27 17:14:00,395 Johnson St, New York City, NY 10001
162965,Lightning Charging Cable,1,14.95,2019-03-06 16:00:00,40 Center St, San Francisco, CA 94016
162966,Wired Headphones,1,11.99,2019-03-20 18:13:00,115 Center St, San Francisco, CA 94016
162967,Bose SoundSport Headphones,1,99.99,2019-03-29 13:48:00,173 5th St, Seattle, WA 98101
162968,AAA Batteries (4-pack),1,2.99,2019-03-25 15:31:00,891 14th St, Austin, TX 73301
162969,Lightning Charging Cable,1,14.95,2019-03-12 12:46:00,903 Jackson St, San Francisco, CA 94016
162970,USB-C Charging Cable,1,11.95,2019-03-29 18:48:00,43 2nd St, Los Angeles, CA 90001
162971,AAA Batteries (4-pack),2,2.99,2019-03-29 19:07:00,294 Willow St, Atlanta, GA 30301
162972,USB-C Charging Cable,1,11.95,2019-03-03 18:53:00,697 Lakeview St, Portland, ME 04101
162973,AA Batteries (4-pack),5,3.84,2019-03-04 00:08:00,650 8th St, Portland, OR 97035
162974,27in 4K Gaming Monitor,1,389.99,2019-03-29 18:43:00,879 Meadow St, Seattle, WA 98101
162975,Lightning Charging Cable,1,14.95,2019-03-08 13:53:00,721 Main St, New York City, NY 10001
162976,20in Monitor,1,109.99,2019-03-17 02:54:00,497 4th St, New York City, NY 10001
162977,Flatscreen TV,1,300.0,2019-03-25 07:24:00,940 South St, Boston, MA 02215
162978,USB-C Charging Cable,1,11.95,2019-03-21 09:27:00,310 5th St, Portland, OR 97035
162979,iPhone,1,700.0,2019-03-22 11:41:00,791 13th St, Los Angeles, CA 90001
162980,AA Batteries (4-pack),1,3.84,2019-03-24 19:53:00,466 West St, Austin, TX 73301
162981,AAA Batteries (4-pack),2,2.99,2019-03-08 11:08:00,743 Sunset St, New York City, NY 10001
162982,Lightning Charging Cable,1,14.95,2019-03-09 05:58:00,605 Main St, Portland, OR 97035
162983,USB-C Charging Cable,1,11.95,2019-03-30 14:40:00,22 Forest St, Dallas, TX 75001
162984,Flatscreen TV,1,300.0,2019-03-06 11:51:00,675 Pine St, New York City, NY 10001
162985,Wired Headphones,1,11.99,2019-03-22 16:25:00,489 Forest St, Los Angeles, CA 90001
162986,Apple Airpods Headphones,1,150.0,2019-03-22 01:15:00,269 Walnut St, Los Angeles, CA 90001
162987,AA Batteries (4-pack),1,3.84,2019-03-18 14:55:00,514 River St, New York City, NY 10001
162988,Google Phone,1,600.0,2019-03-27 17:49:00,493 Walnut St, New York City, NY 10001
162988,Wired Headphones,1,11.99,2019-03-27 17:49:00,493 Walnut St, New York City, NY 10001
162989,Wired Headphones,1,11.99,2019-03-06 15:46:00,683 9th St, Austin, TX 73301
162990,Google Phone,1,600.0,2019-03-21 10:22:00,306 North St, Austin, TX 73301
162991,Wired Headphones,3,11.99,2019-03-03 09:09:00,810 Center St, San Francisco, CA 94016
162992,USB-C Charging Cable,1,11.95,2019-03-04 19:19:00,720 South St, Dallas, TX 75001
162993,27in FHD Monitor,1,149.99,2019-03-10 20:15:00,267 6th St, San Francisco, CA 94016
162994,Flatscreen TV,1,300.0,2019-03-14 21:37:00,981 9th St, Boston, MA 02215
162995,USB-C Charging Cable,1,11.95,2019-03-18 12:38:00,178 South St, Los Angeles, CA 90001
162996,27in 4K Gaming Monitor,1,389.99,2019-03-27 16:53:00,649 8th St, Atlanta, GA 30301
162997,Lightning Charging Cable,1,14.95,2019-03-22 23:45:00,801 9th St, New York City, NY 10001
162998,Lightning Charging Cable,1,14.95,2019-03-31 14:32:00,118 14th St, New York City, NY 10001
162999,Lightning Charging Cable,1,14.95,2019-03-03 17:37:00,340 Highland St, San Francisco, CA 94016
163000,AA Batteries (4-pack),1,3.84,2019-03-13 14:29:00,80 Willow St, San Francisco, CA 94016
163001,AAA Batteries (4-pack),3,2.99,2019-03-31 14:43:00,433 Jefferson St, Los Angeles, CA 90001
194095,Wired Headphones,1,11.99,2019-05-16 17:14:00,669 2nd St, New York City, NY 10001
194096,AA Batteries (4-pack),1,3.84,2019-05-19 14:43:00,844 Walnut St, Dallas, TX 75001
194097,27in FHD Monitor,1,149.99,2019-05-24 11:36:00,164 Madison St, New York City, NY 10001
194098,Wired Headphones,1,11.99,2019-05-02 20:40:00,622 Meadow St, Dallas, TX 75001
194099,AAA Batteries (4-pack),2,2.99,2019-05-11 22:55:00,17 Church St, Seattle, WA 98101
194100,iPhone,1,700.0,2019-05-10 19:44:00,81 Jefferson St, San Francisco, CA 94016
194101,USB-C Charging Cable,1,11.95,2019-05-11 22:44:00,354 Meadow St, Boston, MA 02215
194102,Lightning Charging Cable,1,14.95,2019-05-07 12:49:00,166 4th St, Dallas, TX 75001
194103,27in FHD Monitor,1,149.99,2019-05-24 18:28:00,759 Pine St, Seattle, WA 98101
194104,Wired Headphones,1,11.99,2019-05-04 18:38:00,330 1st St, Seattle, WA 98101
194105,ThinkPad Laptop,1,999.99,2019-05-13 09:07:00,928 Hill St, Atlanta, GA 30301
194106,USB-C Charging Cable,1,11.95,2019-05-12 10:07:00,261 Jackson St, San Francisco, CA 94016
194107,34in Ultrawide Monitor,1,379.99,2019-05-19 17:52:00,451 Walnut St, New York City, NY 10001
194108,AA Batteries (4-pack),1,3.84,2019-05-22 18:15:00,832 Lakeview St, Austin, TX 73301
194109,AAA Batteries (4-pack),1,2.99,2019-05-15 14:00:00,202 11th St, Los Angeles, CA 90001
194110,Google Phone,1,600.0,2019-05-31 18:07:00,498 14th St, Los Angeles, CA 90001
194110,Wired Headphones,1,11.99,2019-05-31 18:07:00,498 14th St, Los Angeles, CA 90001
194111,27in FHD Monitor,1,149.99,2019-05-04 15:08:00,99 Dogwood St, Dallas, TX 75001
194112,Google Phone,1,600.0,2019-05-29 21:13:00,853 West St, Austin, TX 73301
194113,Apple Airpods Headphones,1,150.0,2019-05-10 22:33:00,29 Adams St, Los Angeles, CA 90001
194114,Wired Headphones,1,11.99,2019-05-20 01:57:00,857 River St, Atlanta, GA 30301
194115,AAA Batteries (4-pack),1,2.99,2019-05-30 20:29:00,159 Lincoln St, Los Angeles, CA 90001
194116,Lightning Charging Cable,1,14.95,2019-05-19 23:19:00,486 6th St, Boston, MA 02215
194117,Lightning Charging Cable,1,14.95,2019-05-12 08:44:00,239 Madison St, Austin, TX 73301
194118,AA Batteries (4-pack),1,3.84,2019-05-18 22:54:00,762 Maple St, Boston, MA 02215
194119,Wired Headphones,3,11.99,2019-05-07 07:15:00,531 Jackson St, New York City, NY 10001
194120,AAA Batteries (4-pack),1,2.99,2019-05-11 21:53:00,492 Washington St, Los Angeles, CA 90001
194121,LG Dryer,1,600.0,2019-05-10 20:41:00,911 Hill St, Los Angeles, CA 90001
194122,Wired Headphones,1,11.99,2019-05-27 16:18:00,573 Spruce St, Dallas, TX 75001
194123,Apple Airpods Headphones,1,150.0,2019-05-24 00:34:00,546 Meadow St, Atlanta, GA 30301
194124,iPhone,1,700.0,2019-05-04 23:40:00,937 North St, Portland, OR 97035
194125,Bose SoundSport Headphones,1,99.99,2019-05-19 21:33:00,613 Lake St, San Francisco, CA 94016
194126,AAA Batteries (4-pack),2,2.99,2019-05-19 21:28:00,549 Willow St, Los Angeles, CA 90001
194127,Wired Headphones,1,11.99,2019-05-15 14:46:00,320 River St, Seattle, WA 98101
194128,AAA Batteries (4-pack),2,2.99,2019-05-03 18:15:00,851 Wilson St, San Francisco, CA 94016
194129,AA Batteries (4-pack),2,3.84,2019-05-05 11:51:00,487 Dogwood St, Seattle, WA 98101
194130,34in Ultrawide Monitor,1,379.99,2019-05-09 15:57:00,847 Lakeview St, San Francisco, CA 94016
194131,Bose SoundSport Headphones,1,99.99,2019-05-07 10:44:00,742 Jackson St, Seattle, WA 98101
194132,iPhone,1,700.0,2019-05-22 21:35:00,478 Pine St, Seattle, WA 98101
194133,Bose SoundSport Headphones,1,99.99,2019-05-03 09:45:00,776 Hill St, San Francisco, CA 94016
194134,USB-C Charging Cable,1,11.95,2019-05-27 18:22:00,190 1st St, Los Angeles, CA 90001
194135,Bose SoundSport Headphones,1,99.99,2019-05-09 20:06:00,589 10th St, Seattle, WA 98101
194136,Wired Headphones,1,11.99,2019-05-23 19:58:00,702 14th St, Dallas, TX 75001
194137,27in FHD Monitor,1,149.99,2019-05-14 04:13:00,666 Adams St, San Francisco, CA 94016
194138,Lightning Charging Cable,1,14.95,2019-05-01 21:55:00,259 Center St, San Francisco, CA 94016
194139,Apple Airpods Headphones,1,150.0,2019-05-12 23:13:00,362 2nd St, San Francisco, CA 94016
194140,Lightning Charging Cable,1,14.95,2019-05-07 23:57:00,870 4th St, Austin, TX 73301
194141,Wired Headphones,1,11.99,2019-05-13 14:09:00,807 Highland St, Boston, MA 02215
194142,27in FHD Monitor,1,149.99,2019-05-11 19:08:00,48 Hickory St, Los Angeles, CA 90001
194143,Apple Airpods Headphones,1,150.0,2019-05-09 21:58:00,87 Park St, San Francisco, CA 94016
194144,USB-C Charging Cable,1,11.95,2019-05-11 20:12:00,550 5th St, Portland, OR 97035
194145,AA Batteries (4-pack),1,3.84,2019-05-23 12:27:00,393 South St, New York City, NY 10001
194146,AAA Batteries (4-pack),2,2.99,2019-05-23 20:31:00,164 Maple St, Atlanta, GA 30301
194147,Flatscreen TV,1,300.0,2019-05-18 10:18:00,963 2nd St, New York City, NY 10001
194148,27in 4K Gaming Monitor,1,389.99,2019-05-21 07:37:00,312 Church St, San Francisco, CA 94016
194149,27in FHD Monitor,1,149.99,2019-05-23 21:32:00,585 8th St, San Francisco, CA 94016
194150,Google Phone,1,600.0,2019-05-04 20:34:00,35 Willow St, Atlanta, GA 30301
194151,AA Batteries (4-pack),1,3.84,2019-05-28 23:03:00,660 12th St, Los Angeles, CA 90001
278797,Wired Headphones,1,11.99,2019-11-21 09:54:00,46 Park St, New York City, NY 10001
278798,USB-C Charging Cable,2,11.95,2019-11-17 10:03:00,962 Hickory St, Austin, TX 73301
278799,Apple Airpods Headphones,1,150.0,2019-11-19 14:56:00,464 Cherry St, Los Angeles, CA 90001
278800,27in FHD Monitor,1,149.99,2019-11-25 22:24:00,649 10th St, Seattle, WA 98101
278801,Bose SoundSport Headphones,1,99.99,2019-11-09 13:56:00,522 Hill St, Boston, MA 02215
278802,USB-C Charging Cable,1,11.95,2019-11-14 20:34:00,154 2nd St, San Francisco, CA 94016
278803,Lightning Charging Cable,1,14.95,2019-11-11 08:05:00,724 5th St, San Francisco, CA 94016
278804,Bose SoundSport Headphones,1,99.99,2019-11-15 11:48:00,866 Sunset St, Austin, TX 73301
278805,Lightning Charging Cable,1,14.95,2019-11-27 11:50:00,670 Elm St, San Francisco, CA 94016
278806,Bose SoundSport Headphones,1,99.99,2019-11-19 19:12:00,174 2nd St, Boston, MA 02215
278806,ThinkPad Laptop,1,999.99,2019-11-19 19:12:00,174 2nd St, Boston, MA 02215
278807,ThinkPad Laptop,1,999.99,2019-11-25 21:52:00,240 Elm St, Austin, TX 73301
278808,AAA Batteries (4-pack),1,2.99,2019-11-23 13:19:00,155 Highland St, Boston, MA 02215
278809,AA Batteries (4-pack),1,3.84,2019-11-17 12:38:00,969 13th St, Dallas, TX 75001
278810,USB-C Charging Cable,1,11.95,2019-11-03 16:55:00,454 Cherry St, Boston, MA 02215
278811,Wired Headphones,1,11.99,2019-11-06 16:01:00,99 Elm St, San Francisco, CA 94016
278811,Apple Airpods Headphones,1,150.0,2019-11-06 16:01:00,99 Elm St, San Francisco, CA 94016
278812,Apple Airpods Headphones,1,150.0,2019-11-17 20:08:00,601 Church St, Seattle, WA 98101
278813,Macbook Pro Laptop,1,1700.0,2019-11-09 22:40:00,131 6th St, Boston, MA 02215
278814,AA Batteries (4-pack),3,3.84,2019-11-16 16:45:00,419 Hill St, Boston, MA 02215
278815,Lightning Charging Cable,1,14.95,2019-11-18 13:06:00,815 Dogwood St, New York City, NY 10001
278816,Lightning Charging Cable,1,14.95,2019-11-08 08:58:00,925 5th St, New York City, NY 10001
278817,USB-C Charging Cable,1,11.95,2019-11-05 23:25:00,503 Chestnut St, Boston, MA 02215
278818,USB-C Charging Cable,1,11.95,2019-11-16 22:12:00,541 Johnson St, New York City, NY 10001
278819,iPhone,1,700.0,2019-11-04 06:20:00,880 Maple St, New York City, NY 10001
278819,Apple Airpods Headphones,1,150.0,2019-11-04 06:20:00,880 Maple St, New York City, NY 10001
278820,USB-C Charging Cable,2,11.95,2019-11-17 15:11:00,882 Walnut St, Portland, OR 97035
278821,USB-C Charging Cable,1,11.95,2019-11-25 16:17:00,327 13th St, Dallas, TX 75001
278822,Bose SoundSport Headphones,1,99.99,2019-11-20 08:17:00,816 Park St, Atlanta, GA 30301
278823,AA Batteries (4-pack),1,3.84,2019-11-29 20:42:00,234 9th St, Boston, MA 02215
278824,27in FHD Monitor,1,149.99,2019-11-08 11:05:00,677 Johnson St, Portland, OR 97035
278825,Bose SoundSport Headphones,1,99.99,2019-11-02 00:35:00,928 Wilson St, San Francisco, CA 94016
278826,20in Monitor,1,109.99,2019-11-26 15:58:00,532 Cedar St, Austin, TX 73301
278827,Apple Airpods Headphones,1,150.0,2019-11-01 13:06:00,305 Highland St, San Francisco, CA 94016
278828,34in Ultrawide Monitor,1,379.99,2019-11-12 20:24:00,470 13th St, San Francisco, CA 94016
278829,iPhone,1,700.0,2019-11-20 22:19:00,977 Johnson St, Los Angeles, CA 90001
278830,USB-C Charging Cable,1,11.95,2019-11-04 13:28:00,651 Hill St, Boston, MA 02215
278831,Bose SoundSport Headphones,1,99.99,2019-11-11 12:37:00,607 8th St, Los Angeles, CA 90001
278832,Vareebadd Phone,1,400.0,2019-11-10 16:10:00,783 12th St, San Francisco, CA 94016
278833,iPhone,1,700.0,2019-11-04 10:34:00,700 Pine St, San Francisco, CA 94016
278833,Lightning Charging Cable,2,14.95,2019-11-04 10:34:00,700 Pine St, San Francisco, CA 94016
278834,Wired Headphones,1,11.99,2019-11-07 13:19:00,792 9th St, Los Angeles, CA 90001
278835,AAA Batteries (4-pack),1,2.99,2019-11-13 20:05:00,302 Highland St, San Francisco, CA 94016
278836,Wired Headphones,1,11.99,2019-11-26 20:48:00,989 12th St, New York City, NY 10001
278837,AA Batteries (4-pack),1,3.84,2019-11-10 16:05:00,349 9th St, San Francisco, CA 94016
278838,Flatscreen TV,1,300.0,2019-11-12 15:37:00,835 Main St, San Francisco, CA 94016
278839,Lightning Charging Cable,1,14.95,2019-11-23 11:16:00,614 Church St, San Francisco, CA 94016
278840,Bose SoundSport Headphones,1,99.99,2019-11-23 20:46:00,490 Walnut St, Los Angeles, CA 90001
278840,27in FHD Monitor,1,149.99,2019-11-23 20:46:00,490 Walnut St, Los Angeles, CA 90001
278841,USB-C Charging Cable,1,11.95,2019-11-28 09:07:00,847 Dogwood St, San Francisco, CA 94016
278842,AA Batteries (4-pack),1,3.84,2019-11-06 00:37:00,487 Lincoln St, New York City, NY 10001
278843,USB-C Charging Cable,1,11.95,2019-11-07 11:59:00,435 Hill St, Portland, ME 04101
278844,20in Monitor,1,109.99,2019-11-24 12:37:00,944 Madison St, Los Angeles, CA 90001
278845,Lightning Charging Cable,1,14.95,2019-11-09 11:46:00,497 6th St, Boston, MA 02215
278846,Lightning Charging Cable,1,14.95,2019-11-25 22:05:00,84 1st St, Los Angeles, CA 90001
278847,34in Ultrawide Monitor,1,379.99,2019-11-12 13:52:00,903 Madison St, Boston, MA 02215
278848,Flatscreen TV,1,300.0,2019-11-23 16:40:00,140 West St, Austin, TX 73301
278849,AAA Batteries (4-pack),1,2.99,2019-11-16 11:49:00,984 Washington St, Seattle, WA 98101
278850,USB-C Charging Cable,1,11.95,2019-11-21 14:25:00,555 Cherry St, San Francisco, CA 94016
278851,Apple Airpods Headphones,1,150.0,2019-11-08 19:49:00,687 Maple St, Los Angeles, CA 90001
278852,AAA Batteries (4-pack),1,2.99,2019-11-12 16:53:00,998 Hill St, Seattle, WA 98101
278853,AAA Batteries (4-pack),1,2.99,2019-11-20 19:01:00,591 Washington St, San Francisco, CA 94016
278854,27in 4K Gaming Monitor,1,389.99,2019-11-04 00:24:00,952 Dogwood St, Portland, OR 97035
278855,AA Batteries (4-pack),1,3.84,2019-11-21 21:32:00,193 Maple St, New York City, NY 10001
278856,Apple Airpods Headphones,1,150.0,2019-11-10 22:27:00,788 North St, New York City, NY 10001
278857,USB-C Charging Cable,1,11.95,2019-11-30 15:37:00,150 Wilson St, Los Angeles, CA 90001
278857,AAA Batteries (4-pack),2,2.99,2019-11-30 15:37:00,150 Wilson St, Los Angeles, CA 90001
278858,USB-C Charging Cable,1,11.95,2019-11-16 13:23:00,690 Spruce St, San Francisco, CA 94016
278859,27in FHD Monitor,1,149.99,2019-11-21 22:29:00,30 West St, Dallas, TX 75001
259358,34in Ultrawide Monitor,1,379.99,2019-10-28 10:56:00,609 Cherry St, Dallas, TX 75001
259359,27in 4K Gaming Monitor,1,389.99,2019-10-28 17:26:00,225 5th St, Los Angeles, CA 90001
259360,AAA Batteries (4-pack),2,2.99,2019-10-24 17:20:00,967 12th St, New York City, NY 10001
259361,27in FHD Monitor,1,149.99,2019-10-14 22:26:00,628 Jefferson St, New York City, NY 10001
259362,Wired Headphones,1,11.99,2019-10-07 16:10:00,534 14th St, Los Angeles, CA 90001
259363,AAA Batteries (4-pack),1,2.99,2019-10-01 18:55:00,976 Lake St, New York City, NY 10001
259364,Wired Headphones,1,11.99,2019-10-29 11:02:00,874 North St, Los Angeles, CA 90001
259365,Lightning Charging Cable,1,14.95,2019-10-29 11:19:00,127 12th St, Los Angeles, CA 90001
259366,Apple Airpods Headphones,1,150.0,2019-10-20 11:52:00,955 9th St, Los Angeles, CA 90001
259367,Apple Airpods Headphones,1,150.0,2019-10-16 16:19:00,742 14th St, San Francisco, CA 94016
259368,27in FHD Monitor,1,149.99,2019-10-13 13:47:00,960 Ridge St, Boston, MA 02215
259369,USB-C Charging Cable,1,11.95,2019-10-26 10:54:00,538 Johnson St, Portland, OR 97035
259370,20in Monitor,1,109.99,2019-10-28 23:56:00,528 Forest St, San Francisco, CA 94016
259371,iPhone,1,700.0,2019-10-26 12:12:00,306 Main St, Los Angeles, CA 90001
259372,Wired Headphones,1,11.99,2019-10-17 11:07:00,434 Madison St, San Francisco, CA 94016
259373,27in FHD Monitor,1,149.99,2019-10-31 20:15:00,924 Church St, San Francisco, CA 94016
259374,Apple Airpods Headphones,1,150.0,2019-10-17 22:14:00,784 6th St, Los Angeles, CA 90001
259375,USB-C Charging Cable,1,11.95,2019-10-10 08:53:00,557 Forest St, San Francisco, CA 94016
259376,27in FHD Monitor,1,149.99,2019-10-12 00:03:00,218 14th St, San Francisco, CA 94016
259377,Bose SoundSport Headphones,1,99.99,2019-10-23 16:49:00,88 Main St, Boston, MA 02215
259378,Lightning Charging Cable,1,14.95,2019-10-18 16:45:00,997 1st St, Boston, MA 02215
259379,27in 4K Gaming Monitor,1,389.99,2019-10-09 13:15:00,148 Lincoln St, San Francisco, CA 94016
259380,Apple Airpods Headphones,1,150.0,2019-10-19 12:21:00,424 North St, San Francisco, CA 94016
259381,ThinkPad Laptop,1,999.99,2019-10-25 08:44:00,887 12th St, New York City, NY 10001
259382,Wired Headphones,1,11.99,2019-10-18 14:16:00,605 Ridge St, New York City, NY 10001
259383,Apple Airpods Headphones,1,150.0,2019-10-13 12:32:00,597 6th St, Los Angeles, CA 90001
259384,ThinkPad Laptop,1,999.99,2019-10-29 23:22:00,383 Cedar St, Dallas, TX 75001
259385,Lightning Charging Cable,1,14.95,2019-10-28 15:28:00,892 1st St, Los Angeles, CA 90001
259386,Lightning Charging Cable,1,14.95,2019-10-16 21:39:00,966 Hickory St, Los Angeles, CA 90001
259387,Bose SoundSport Headphones,1,99.99,2019-10-01 13:58:00,695 6th St, New York City, NY 10001
259388,AA Batteries (4-pack),1,3.84,2019-10-12 13:15:00,948 Forest St, San Francisco, CA 94016
259389,AAA Batteries (4-pack),1,2.99,2019-10-17 14:14:00,661 Maple St, Dallas, TX 75001
259390,Lightning Charging Cable,1,14.95,2019-10-08 12:35:00,134 Cherry St, Atlanta, GA 30301
259391,Google Phone,1,600.0,2019-10-24 12:51:00,374 Hill St, Dallas, TX 75001
259392,Wired Headphones,1,11.99,2019-10-19 15:26:00,374 Forest St, Los Angeles, CA 90001
259393,AA Batteries (4-pack),1,3.84,2019-10-22 20:35:00,2 13th St, New York City, NY 10001
259394,AA Batteries (4-pack),1,3.84,2019-10-24 18:58:00,909 Lake St, Atlanta, GA 30301
259395,Bose SoundSport Headphones,1,99.99,2019-10-13 13:55:00,235 Adams St, Atlanta, GA 30301
259396,AAA Batteries (4-pack),1,2.99,2019-10-23 22:40:00,218 Spruce St, Austin, TX 73301
259397,Wired Headphones,1,11.99,2019-10-01 14:39:00,901 Walnut St, Atlanta, GA 30301
259398,Bose SoundSport Headphones,1,99.99,2019-10-22 10:20:00,367 Pine St, Seattle, WA 98101
259399,AAA Batteries (4-pack),2,2.99,2019-10-31 19:06:00,263 Willow St, San Francisco, CA 94016
259400,27in 4K Gaming Monitor,1,389.99,2019-10-19 09:24:00,628 Forest St, Los Angeles, CA 90001
259401,Wired Headphones,1,11.99,2019-10-15 23:39:00,291 Lincoln St, Los Angeles, CA 90001
259402,AA Batteries (4-pack),3,3.84,2019-10-09 20:27:00,11 Lakeview St, Seattle, WA 98101
259403,USB-C Charging Cable,1,11.95,2019-10-25 19:42:00,255 Cedar St, New York City, NY 10001
259404,Bose SoundSport Headphones,1,99.99,2019-10-07 19:48:00,883 5th St, Boston, MA 02215
259405,Bose SoundSport Headphones,1,99.99,2019-10-07 19:19:00,698 Center St, Dallas, TX 75001
259406,AA Batteries (4-pack),1,3.84,2019-10-12 12:01:00,665 Elm St, Atlanta, GA 30301
259407,Lightning Charging Cable,1,14.95,2019-10-30 12:09:00,189 Chestnut St, San Francisco, CA 94016
259408,34in Ultrawide Monitor,1,379.99,2019-10-21 20:09:00,36 Pine St, Los Angeles, CA 90001
259409,27in FHD Monitor,1,149.99,2019-10-03 16:26:00,854 Main St, Austin, TX 73301
259410,AA Batteries (4-pack),2,3.84,2019-10-01 21:32:00,110 Hill St, San Francisco, CA 94016
259411,AA Batteries (4-pack),1,3.84,2019-10-09 14:47:00,39 West St, San Francisco, CA 94016
259412,Apple Airpods Headphones,1,150.0,2019-10-24 18:05:00,276 North St, Los Angeles, CA 90001
259413,Bose SoundSport Headphones,1,99.99,2019-10-30 09:54:00,387 West St, Boston, MA 02215
259414,Apple Airpods Headphones,1,150.0,2019-10-08 21:01:00,29 Washington St, San Francisco, CA 94016
259415,AAA Batteries (4-pack),2,2.99,2019-10-16 19:13:00,280 8th St, Portland, OR 97035
259416,Vareebadd Phone,1,400.0,2019-10-10 19:10:00,680 South St, Dallas, TX 75001
259417,Wired Headphones,1,11.99,2019-10-08 16:27:00,908 Washington St, Seattle, WA 98101
259418,iPhone,1,700.0,2019-10-25 12:06:00,253 8th St, Austin, TX 73301
259419,USB-C Charging Cable,1,11.95,2019-10-28 08:13:00,820 South St, Los Angeles, CA 90001
259420,Google Phone,1,600.0,2019-10-18 08:54:00,791 Forest St, Los Angeles, CA 90001
259420,USB-C Charging Cable,2,11.95,2019-10-18 08:54:00,791 Forest St, Los Angeles, CA 90001
259421,Wired Headphones,1,11.99,2019-10-19 16:52:00,240 Chestnut St, San Francisco, CA 94016
259422,Google Phone,1,600.0,2019-10-05 04:53:00,849 Ridge St, San Francisco, CA 94016
259422,USB-C Charging Cable,1,11.95,2019-10-05 04:53:00,849 Ridge St, San Francisco, CA 94016
259423,AA Batteries (4-pack),1,3.84,2019-10-14 15:37:00,32 12th St, New York City, NY 10001
259424,USB-C Charging Cable,2,11.95,2019-10-31 22:54:00,64 Lake St, Atlanta, GA 30301
259425,Lightning Charging Cable,1,14.95,2019-10-18 11:36:00,81 Spruce St, Austin, TX 73301
259426,27in 4K Gaming Monitor,1,389.99,2019-10-17 10:43:00,595 6th St, Dallas, TX 75001
259427,iPhone,1,700.0,2019-10-06 21:23:00,528 13th St, New York City, NY 10001
259428,AA Batteries (4-pack),1,3.84,2019-10-07 22:09:00,891 14th St, Los Angeles, CA 90001
259429,Lightning Charging Cable,1,14.95,2019-10-21 19:52:00,632 Willow St, San Francisco, CA 94016
259430,USB-C Charging Cable,1,11.95,2019-10-02 23:59:00,212 Hill St, San Francisco, CA 94016
259431,27in FHD Monitor,1,149.99,2019-10-23 13:13:00,962 South St, Boston, MA 02215
259432,iPhone,1,700.0,2019-10-20 15:55:00,47 4th St, Boston, MA 02215
259433,Bose SoundSport Headphones,1,99.99,2019-10-11 09:01:00,114 Park St, Boston, MA 02215
259434,Lightning Charging Cable,1,14.95,2019-10-21 23:05:00,499 2nd St, Boston, MA 02215
259435,Wired Headphones,1,11.99,2019-10-17 16:00:00,664 9th St, Boston, MA 02215
259436,Wired Headphones,2,11.99,2019-10-26 00:30:00,23 Walnut St, San Francisco, CA 94016
259437,AA Batteries (4-pack),1,3.84,2019-10-02 18:52:00,935 Willow St, Seattle, WA 98101
259438,iPhone,1,700.0,2019-10-29 09:47:00,176 5th St, Los Angeles, CA 90001
259438,Lightning Charging Cable,1,14.95,2019-10-29 09:47:00,176 5th St, Los Angeles, CA 90001
259439,USB-C Charging Cable,1,11.95,2019-10-15 09:57:00,5 Hill St, San Francisco, CA 94016
259440,AA Batteries (4-pack),1,3.84,2019-10-04 10:22:00,71 Meadow St, Los Angeles, CA 90001
259441,AA Batteries (4-pack),1,3.84,2019-10-26 14:32:00,413 7th St, San Francisco, CA 94016
259442,USB-C Charging Cable,1,11.95,2019-10-05 19:07:00,966 14th St, Los Angeles, CA 90001
259443,Vareebadd Phone,1,400.0,2019-10-01 10:20:00,875 Lakeview St, Los Angeles, CA 90001
259444,Google Phone,1,600.0,2019-10-29 14:27:00,982 8th St, Austin, TX 73301
259445,USB-C Charging Cable,1,11.95,2019-10-29 15:45:00,301 4th St, Atlanta, GA 30301
259446,20in Monitor,1,109.99,2019-10-16 15:01:00,796 Washington St, Los Angeles, CA 90001
259447,27in FHD Monitor,1,149.99,2019-10-02 16:55:00,886 1st St, San Francisco, CA 94016
259448,AA Batteries (4-pack),2,3.84,2019-10-18 21:47:00,145 River St, Los Angeles, CA 90001
259449,AA Batteries (4-pack),1,3.84,2019-10-11 14:31:00,947 Sunset St, Boston, MA 02215
259450,AAA Batteries (4-pack),1,2.99,2019-10-16 19:49:00,796 8th St, San Francisco, CA 94016
259451,34in Ultrawide Monitor,1,379.99,2019-10-13 19:46:00,951 Elm St, Dallas, TX 75001
259452,USB-C Charging Cable,1,11.95,2019-10-27 02:21:00,709 Madison St, San Francisco, CA 94016
259453,Flatscreen TV,1,300.0,2019-10-10 12:59:00,94 Spruce St, Los Angeles, CA 90001
259454,Wired Headphones,1,11.99,2019-10-02 18:36:00,387 7th St, New York City, NY 10001
259455,Lightning Charging Cable,1,14.95,2019-10-13 12:32:00,750 7th St, San Francisco, CA 94016
259456,Lightning Charging Cable,1,14.95,2019-10-25 22:06:00,271 River St, Dallas, TX 75001
259457,Apple Airpods Headphones,1,150.0,2019-10-25 08:51:00,860 Main St, Boston, MA 02215
259458,34in Ultrawide Monitor,1,379.99,2019-10-08 09:08:00,728 1st St, Portland, OR 97035
259458,ThinkPad Laptop,1,999.99,2019-10-08 09:08:00,728 1st St, Portland, OR 97035
259459,Bose SoundSport Headphones,1,99.99,2019-10-25 10:20:00,384 Ridge St, Boston, MA 02215
259460,Apple Airpods Headphones,1,150.0,2019-10-11 17:51:00,368 Maple St, Atlanta, GA 30301
259461,Apple Airpods Headphones,1,150.0,2019-10-08 15:21:00,495 Hickory St, Boston, MA 02215
259462,USB-C Charging Cable,1,11.95,2019-10-18 12:48:00,582 2nd St, Boston, MA 02215
259463,Wired Headphones,1,11.99,2019-10-27 00:49:00,647 8th St, Los Angeles, CA 90001
259464,Lightning Charging Cable,1,14.95,2019-10-24 16:04:00,478 Church St, Austin, TX 73301
259465,Wired Headphones,1,11.99,2019-10-08 12:39:00,953 West St, San Francisco, CA 94016
259466,USB-C Charging Cable,1,11.95,2019-10-26 10:29:00,454 Ridge St, New York City, NY 10001
259467,AA Batteries (4-pack),3,3.84,2019-10-06 12:22:00,512 1st St, Austin, TX 73301
259468,Bose SoundSport Headphones,1,99.99,2019-10-28 14:13:00,221 River St, Portland, OR 97035
259469,Macbook Pro Laptop,1,1700.0,2019-10-19 19:28:00,822 9th St, Atlanta, GA 30301
259470,27in FHD Monitor,1,149.99,2019-10-28 13:41:00,226 Sunset St, San Francisco, CA 94016
259471,Google Phone,1,600.0,2019-10-12 16:43:00,243 West St, Los Angeles, CA 90001
259472,27in FHD Monitor,1,149.99,2019-10-25 14:46:00,144 Ridge St, Atlanta, GA 30301
259473,Apple Airpods Headphones,1,150.0,2019-10-24 10:43:00,26 Chestnut St, Atlanta, GA 30301
259474,Apple Airpods Headphones,1,150.0,2019-10-21 15:21:00,460 14th St, Austin, TX 73301
259475,Bose SoundSport Headphones,1,99.99,2019-10-05 11:33:00,339 Spruce St, Los Angeles, CA 90001
259476,Google Phone,1,600.0,2019-10-13 10:23:00,995 Main St, San Francisco, CA 94016
259477,LG Dryer,1,600.0,2019-10-12 09:38:00,822 North St, San Francisco, CA 94016
259477,AAA Batteries (4-pack),1,2.99,2019-10-12 09:38:00,822 North St, San Francisco, CA 94016
259478,AAA Batteries (4-pack),2,2.99,2019-10-12 19:49:00,874 1st St, New York City, NY 10001
259479,20in Monitor,1,109.99,2019-10-29 18:42:00,43 Sunset St, Atlanta, GA 30301
259480,AAA Batteries (4-pack),1,2.99,2019-10-14 23:10:00,231 Ridge St, New York City, NY 10001
259481,USB-C Charging Cable,1,11.95,2019-10-08 15:53:00,205 12th St, Seattle, WA 98101
259482,Lightning Charging Cable,1,14.95,2019-10-24 16:53:00,280 Cherry St, New York City, NY 10001
259483,AAA Batteries (4-pack),1,2.99,2019-10-23 22:12:00,872 Lakeview St, San Francisco, CA 94016
259484,AAA Batteries (4-pack),1,2.99,2019-10-03 14:40:00,27 Cedar St, Seattle, WA 98101
259485,27in 4K Gaming Monitor,1,389.99,2019-10-23 13:57:00,118 6th St, Los Angeles, CA 90001
259486,34in Ultrawide Monitor,1,379.99,2019-10-27 13:22:00,766 Hickory St, San Francisco, CA 94016
259487,ThinkPad Laptop,1,999.99,2019-10-09 12:35:00,699 Lake St, San Francisco, CA 94016
259488,USB-C Charging Cable,1,11.95,2019-10-06 13:59:00,388 Highland St, New York City, NY 10001
259489,Apple Airpods Headphones,1,150.0,2019-10-10 13:10:00,778 Maple St, Atlanta, GA 30301
259490,Macbook Pro Laptop,1,1700.0,2019-10-29 04:08:00,721 8th St, New York City, NY 10001
259491,Lightning Charging Cable,1,14.95,2019-10-05 07:19:00,592 Highland St, Los Angeles, CA 90001
259492,USB-C Charging Cable,1,11.95,2019-10-27 10:18:00,930 Elm St, Los Angeles, CA 90001
259493,Flatscreen TV,1,300.0,2019-10-19 06:12:00,336 Wilson St, Boston, MA 02215
259494,Flatscreen TV,1,300.0,2019-10-06 19:12:00,252 Lake St, Atlanta, GA 30301
259495,USB-C Charging Cable,1,11.95,2019-10-07 09:10:00,275 Washington St, Boston, MA 02215
259496,Lightning Charging Cable,1,14.95,2019-10-13 23:19:00,325 Cherry St, San Francisco, CA 94016
259497,Apple Airpods Headphones,1,150.0,2019-10-29 11:20:00,264 Willow St, Austin, TX 73301
259498,Bose SoundSport Headphones,1,99.99,2019-10-11 20:58:00,253 8th St, Los Angeles, CA 90001
259499,AAA Batteries (4-pack),2,2.99,2019-10-23 20:00:00,670 West St, Los Angeles, CA 90001
259500,Wired Headphones,1,11.99,2019-10-21 09:04:00,221 Wilson St, Los Angeles, CA 90001
259501,AA Batteries (4-pack),1,3.84,2019-10-16 12:17:00,7 11th St, Dallas, TX 75001
259502,Wired Headphones,1,11.99,2019-10-06 08:37:00,381 Center St, Dallas, TX 75001
259503,Lightning Charging Cable,1,14.95,2019-10-23 15:07:00,130 Highland St, San Francisco, CA 94016
259504,AA Batteries (4-pack),1,3.84,2019-10-22 23:14:00,178 Washington St, Dallas, TX 75001
259505,Apple Airpods Headphones,1,150.0,2019-10-24 22:21:00,375 River St, Los Angeles, CA 90001
259506,Lightning Charging Cable,1,14.95,2019-10-24 01:52:00,114 Dogwood St, Boston, MA 02215
259507,AAA Batteries (4-pack),1,2.99,2019-10-23 06:32:00,359 Lincoln St, Boston, MA 02215
259508,USB-C Charging Cable,1,11.95,2019-10-28 08:58:00,63 South St, San Francisco, CA 94016
259509,AAA Batteries (4-pack),2,2.99,2019-10-16 14:48:00,68 Chestnut St, New York City, NY 10001
259510,AA Batteries (4-pack),4,3.84,2019-10-14 11:54:00,817 Maple St, San Francisco, CA 94016
259511,AAA Batteries (4-pack),2,2.99,2019-10-03 13:05:00,237 Adams St, Los Angeles, CA 90001
259512,Wired Headphones,1,11.99,2019-10-31 15:38:00,758 11th St, New York City, NY 10001
259513,Lightning Charging Cable,1,14.95,2019-10-05 17:17:00,499 7th St, Boston, MA 02215
259514,Lightning Charging Cable,1,14.95,2019-10-02 21:05:00,211 West St, San Francisco, CA 94016
259515,Flatscreen TV,1,300.0,2019-10-12 10:35:00,279 Madison St, Austin, TX 73301
259516,USB-C Charging Cable,1,11.95,2019-10-19 08:13:00,169 Maple St, Atlanta, GA 30301
259517,Apple Airpods Headphones,1,150.0,2019-10-01 20:35:00,92 West St, San Francisco, CA 94016
259518,34in Ultrawide Monitor,1,379.99,2019-10-25 14:09:00,662 West St, San Francisco, CA 94016
259519,Google Phone,1,600.0,2019-10-14 19:02:00,448 11th St, Los Angeles, CA 90001
259520,AA Batteries (4-pack),1,3.84,2019-10-09 20:07:00,427 Washington St, San Francisco, CA 94016
259521,Wired Headphones,1,11.99,2019-10-03 11:40:00,24 Wilson St, Atlanta, GA 30301
259522,Lightning Charging Cable,1,14.95,2019-10-27 06:57:00,653 5th St, New York City, NY 10001
259523,27in FHD Monitor,1,149.99,2019-10-11 05:09:00,697 Chestnut St, New York City, NY 10001
259524,34in Ultrawide Monitor,1,379.99,2019-10-12 21:04:00,384 Chestnut St, San Francisco, CA 94016
259525,Lightning Charging Cable,1,14.95,2019-10-07 19:46:00,270 Main St, Los Angeles, CA 90001
259526,Lightning Charging Cable,1,14.95,2019-10-07 13:14:00,836 Jackson St, Boston, MA 02215
259527,Apple Airpods Headphones,1,150.0,2019-10-18 22:10:00,293 Hickory St, Austin, TX 73301
259528,27in FHD Monitor,1,149.99,2019-10-22 22:48:00,936 Sunset St, Seattle, WA 98101
259529,iPhone,1,700.0,2019-10-14 14:41:00,84 Washington St, San Francisco, CA 94016
259529,Apple Airpods Headphones,1,150.0,2019-10-14 14:41:00,84 Washington St, San Francisco, CA 94016
259529,Wired Headphones,1,11.99,2019-10-14 14:41:00,84 Washington St, San Francisco, CA 94016
259530,AA Batteries (4-pack),1,3.84,2019-10-31 11:45:00,521 Maple St, Los Angeles, CA 90001
259531,Lightning Charging Cable,1,14.95,2019-10-27 14:18:00,23 13th St, Boston, MA 02215
259532,Apple Airpods Headphones,1,150.0,2019-10-28 11:09:00,895 Lincoln St, Boston, MA 02215
259533,AA Batteries (4-pack),3,3.84,2019-10-19 17:38:00,730 Lakeview St, New York City, NY 10001
259534,Wired Headphones,1,11.99,2019-10-22 19:23:00,714 River St, San Francisco, CA 94016
259535,Wired Headphones,1,11.99,2019-10-09 16:11:00,812 11th St, Dallas, TX 75001
259536,Lightning Charging Cable,1,14.95,2019-10-05 00:33:00,568 14th St, Atlanta, GA 30301
259537,AAA Batteries (4-pack),2,2.99,2019-10-02 16:01:00,387 12th St, San Francisco, CA 94016
259537,USB-C Charging Cable,1,11.95,2019-10-02 16:01:00,387 12th St, San Francisco, CA 94016
259538,Lightning Charging Cable,1,14.95,2019-10-27 16:42:00,600 Hill St, Atlanta, GA 30301
259539,AAA Batteries (4-pack),1,2.99,2019-10-27 12:48:00,444 Lakeview St, Portland, OR 97035
259540,AAA Batteries (4-pack),4,2.99,2019-10-19 07:27:00,545 7th St, New York City, NY 10001
259541,Bose SoundSport Headphones,1,99.99,2019-10-22 15:51:00,563 12th St, Dallas, TX 75001
259542,AAA Batteries (4-pack),2,2.99,2019-10-22 00:11:00,227 Lake St, Boston, MA 02215
259543,AAA Batteries (4-pack),1,2.99,2019-10-06 14:00:00,668 Johnson St, San Francisco, CA 94016
259544,Wired Headphones,1,11.99,2019-10-28 10:26:00,238 Ridge St, New York City, NY 10001
259545,Wired Headphones,1,11.99,2019-10-04 11:41:00,234 Sunset St, Austin, TX 73301
259546,AA Batteries (4-pack),2,3.84,2019-10-22 18:05:00,113 Spruce St, Seattle, WA 98101
259547,AAA Batteries (4-pack),1,2.99,2019-10-12 14:17:00,908 Hickory St, Atlanta, GA 30301
259548,27in 4K Gaming Monitor,1,389.99,2019-10-30 16:01:00,941 1st St, Dallas, TX 75001
259549,Wired Headphones,1,11.99,2019-10-22 07:43:00,479 Spruce St, New York City, NY 10001
259550,USB-C Charging Cable,2,11.95,2019-10-24 16:14:00,359 6th St, Dallas, TX 75001
259551,20in Monitor,1,109.99,2019-10-29 19:50:00,836 North St, Boston, MA 02215
259552,AAA Batteries (4-pack),1,2.99,2019-10-12 09:05:00,663 Spruce St, Los Angeles, CA 90001
259553,Google Phone,1,600.0,2019-10-04 13:30:00,149 Cedar St, Portland, OR 97035
259554,Apple Airpods Headphones,1,150.0,2019-10-07 15:22:00,751 Hill St, Los Angeles, CA 90001
259554,USB-C Charging Cable,1,11.95,2019-10-07 15:22:00,751 Hill St, Los Angeles, CA 90001
259555,Lightning Charging Cable,1,14.95,2019-10-05 13:02:00,928 Park St, Los Angeles, CA 90001
259556,AAA Batteries (4-pack),1,2.99,2019-10-08 14:45:00,946 South St, Los Angeles, CA 90001
259557,iPhone,1,700.0,2019-10-12 09:56:00,605 13th St, Boston, MA 02215
259558,AA Batteries (4-pack),1,3.84,2019-10-26 20:35:00,469 Lincoln St, New York City, NY 10001
259559,USB-C Charging Cable,1,11.95,2019-10-16 01:41:00,589 Dogwood St, San Francisco, CA 94016
259560,Wired Headphones,1,11.99,2019-10-25 12:29:00,669 5th St, Los Angeles, CA 90001
259561,AAA Batteries (4-pack),1,2.99,2019-10-27 20:38:00,65 Jefferson St, Portland, OR 97035
259562,34in Ultrawide Monitor,1,379.99,2019-10-05 20:03:00,85 8th St, Boston, MA 02215
259563,AA Batteries (4-pack),1,3.84,2019-10-17 20:23:00,454 Highland St, New York City, NY 10001
259564,AAA Batteries (4-pack),1,2.99,2019-10-24 11:47:00,55 Cherry St, San Francisco, CA 94016
259565,AAA Batteries (4-pack),2,2.99,2019-10-21 09:25:00,358 8th St, Seattle, WA 98101
259566,Macbook Pro Laptop,1,1700.0,2019-10-20 23:46:00,989 Main St, Los Angeles, CA 90001
259567,Lightning Charging Cable,1,14.95,2019-10-21 15:21:00,667 Forest St, Los Angeles, CA 90001
259568,USB-C Charging Cable,2,11.95,2019-10-31 02:08:00,312 Highland St, New York City, NY 10001
259569,Lightning Charging Cable,2,14.95,2019-10-21 10:38:00,50 7th St, New York City, NY 10001
259570,27in 4K Gaming Monitor,1,389.99,2019-10-31 18:05:00,854 Adams St, San Francisco, CA 94016
259571,Apple Airpods Headphones,1,150.0,2019-10-14 00:57:00,844 14th St, Dallas, TX 75001
259572,Wired Headphones,2,11.99,2019-10-26 10:53:00,668 Church St, San Francisco, CA 94016
259573,USB-C Charging Cable,1,11.95,2019-10-23 18:59:00,606 2nd St, Atlanta, GA 30301
259574,Apple Airpods Headphones,1,150.0,2019-10-06 21:27:00,310 1st St, New York City, NY 10001
259575,AAA Batteries (4-pack),3,2.99,2019-10-01 05:32:00,434 Center St, Seattle, WA 98101
259576,Apple Airpods Headphones,1,150.0,2019-10-01 09:41:00,682 Hickory St, Los Angeles, CA 90001
259577,Wired Headphones,1,11.99,2019-10-05 21:57:00,437 Jefferson St, Los Angeles, CA 90001
259578,Vareebadd Phone,1,400.0,2019-10-29 00:32:00,858 Willow St, San Francisco, CA 94016
259579,Apple Airpods Headphones,1,150.0,2019-10-09 19:26:00,588 6th St, Portland, OR 97035
259580,iPhone,1,700.0,2019-10-28 14:22:00,885 Willow St, Dallas, TX 75001
259581,Bose SoundSport Headphones,1,99.99,2019-10-27 18:41:00,227 Lincoln St, Dallas, TX 75001
259582,ThinkPad Laptop,1,999.99,2019-10-04 14:43:00,124 14th St, Dallas, TX 75001
259583,Bose SoundSport Headphones,1,99.99,2019-10-20 17:44:00,686 Johnson St, Atlanta, GA 30301
259584,iPhone,1,700.0,2019-10-20 21:05:00,311 Maple St, Seattle, WA 98101
259584,Lightning Charging Cable,1,14.95,2019-10-20 21:05:00,311 Maple St, Seattle, WA 98101
259585,AAA Batteries (4-pack),1,2.99,2019-10-16 19:00:00,751 Pine St, Seattle, WA 98101
259586,USB-C Charging Cable,1,11.95,2019-10-27 11:18:00,133 12th St, San Francisco, CA 94016
259587,Lightning Charging Cable,1,14.95,2019-10-11 11:25:00,117 Jackson St, San Francisco, CA 94016
259588,USB-C Charging Cable,1,11.95,2019-10-14 12:03:00,554 Main St, Atlanta, GA 30301
259589,27in 4K Gaming Monitor,1,389.99,2019-10-30 08:59:00,793 Park St, San Francisco, CA 94016
259590,AA Batteries (4-pack),1,3.84,2019-10-02 12:31:00,792 Wilson St, San Francisco, CA 94016
259591,AAA Batteries (4-pack),1,2.99,2019-10-08 15:55:00,999 7th St, Boston, MA 02215
259592,Google Phone,1,600.0,2019-10-12 10:02:00,948 9th St, Boston, MA 02215
259593,iPhone,1,700.0,2019-10-31 10:17:00,61 6th St, Dallas, TX 75001
259594,AAA Batteries (4-pack),5,2.99,2019-10-18 10:06:00,165 Lincoln St, Los Angeles, CA 90001
259595,Bose SoundSport Headphones,1,99.99,2019-10-22 12:22:00,735 Ridge St, San Francisco, CA 94016
259596,Wired Headphones,1,11.99,2019-10-03 09:48:00,648 Elm St, Portland, OR 97035
259597,Lightning Charging Cable,1,14.95,2019-10-22 12:26:00,600 Spruce St, Dallas, TX 75001
259598,Lightning Charging Cable,1,14.95,2019-10-22 21:14:00,373 14th St, Los Angeles, CA 90001
259599,AA Batteries (4-pack),2,3.84,2019-10-02 03:48:00,435 Cedar St, Seattle, WA 98101
259600,Lightning Charging Cable,1,14.95,2019-10-14 09:12:00,530 Chestnut St, San Francisco, CA 94016
259601,Lightning Charging Cable,1,14.95,2019-10-08 01:45:00,112 Ridge St, Atlanta, GA 30301
259602,AAA Batteries (4-pack),2,2.99,2019-10-09 03:13:00,594 Lincoln St, Los Angeles, CA 90001
259603,AA Batteries (4-pack),1,3.84,2019-10-07 20:39:00,437 Church St, Dallas, TX 75001
259604,Apple Airpods Headphones,1,150.0,2019-10-04 21:57:00,62 Hill St, Los Angeles, CA 90001
259605,Bose SoundSport Headphones,1,99.99,2019-10-11 16:44:00,746 6th St, Austin, TX 73301
259606,USB-C Charging Cable,1,11.95,2019-10-08 16:53:00,263 Meadow St, Seattle, WA 98101
259607,iPhone,1,700.0,2019-10-12 12:01:00,358 Center St, Portland, OR 97035
259607,Lightning Charging Cable,1,14.95,2019-10-12 12:01:00,358 Center St, Portland, OR 97035
259608,27in 4K Gaming Monitor,1,389.99,2019-10-01 08:55:00,447 Ridge St, Austin, TX 73301
259609,USB-C Charging Cable,1,11.95,2019-10-03 12:01:00,112 West St, San Francisco, CA 94016
259610,Lightning Charging Cable,1,14.95,2019-10-18 20:37:00,269 12th St, Boston, MA 02215
259611,AAA Batteries (4-pack),4,2.99,2019-10-25 15:00:00,554 North St, Portland, OR 97035
259612,USB-C Charging Cable,1,11.95,2019-10-01 08:41:00,735 Madison St, San Francisco, CA 94016
259613,Apple Airpods Headphones,1,150.0,2019-10-20 22:52:00,632 Center St, Boston, MA 02215
259614,AA Batteries (4-pack),1,3.84,2019-10-06 21:23:00,450 Highland St, Dallas, TX 75001
259615,AA Batteries (4-pack),3,3.84,2019-10-02 22:45:00,282 North St, New York City, NY 10001
259616,AA Batteries (4-pack),3,3.84,2019-10-06 22:34:00,809 Sunset St, Los Angeles, CA 90001
259617,Wired Headphones,1,11.99,2019-10-02 14:02:00,416 Dogwood St, Los Angeles, CA 90001
259618,34in Ultrawide Monitor,1,379.99,2019-10-03 16:16:00,11 Forest St, Dallas, TX 75001
259619,Lightning Charging Cable,1,14.95,2019-10-08 17:48:00,151 Hickory St, Los Angeles, CA 90001
259620,Google Phone,1,600.0,2019-10-29 12:19:00,514 10th St, Dallas, TX 75001
259620,USB-C Charging Cable,1,11.95,2019-10-29 12:19:00,514 10th St, Dallas, TX 75001
259621,Bose SoundSport Headphones,1,99.99,2019-10-19 06:46:00,997 Lincoln St, Seattle, WA 98101
259622,AA Batteries (4-pack),1,3.84,2019-10-25 11:54:00,33 2nd St, Portland, OR 97035
259623,Apple Airpods Headphones,1,150.0,2019-10-20 21:12:00,128 River St, San Francisco, CA 94016
259624,34in Ultrawide Monitor,1,379.99,2019-10-30 12:45:00,60 9th St, Austin, TX 73301
259625,AAA Batteries (4-pack),1,2.99,2019-10-30 18:37:00,946 13th St, San Francisco, CA 94016
259626,AAA Batteries (4-pack),2,2.99,2019-10-22 15:15:00,419 South St, Seattle, WA 98101
259627,AAA Batteries (4-pack),1,2.99,2019-10-09 20:05:00,30 Lake St, San Francisco, CA 94016
248151,AA Batteries (4-pack),4,3.84,2019-09-17 14:44:00,380 North St, Los Angeles, CA 90001
248152,USB-C Charging Cable,2,11.95,2019-09-29 10:19:00,511 8th St, Austin, TX 73301
248153,USB-C Charging Cable,1,11.95,2019-09-16 17:48:00,151 Johnson St, Los Angeles, CA 90001
248154,27in FHD Monitor,1,149.99,2019-09-27 07:52:00,355 Hickory St, Seattle, WA 98101
248155,USB-C Charging Cable,1,11.95,2019-09-01 19:03:00,125 5th St, Atlanta, GA 30301
248156,34in Ultrawide Monitor,1,379.99,2019-09-13 14:59:00,469 12th St, Los Angeles, CA 90001
248157,Lightning Charging Cable,1,14.95,2019-09-07 09:59:00,773 Johnson St, Portland, ME 04101
248158,Lightning Charging Cable,1,14.95,2019-09-02 14:16:00,682 Sunset St, Los Angeles, CA 90001
248159,Vareebadd Phone,1,400.0,2019-09-06 16:45:00,664 Wilson St, New York City, NY 10001
248160,Wired Headphones,1,11.99,2019-09-01 22:03:00,446 9th St, San Francisco, CA 94016
248161,USB-C Charging Cable,1,11.95,2019-09-24 16:26:00,439 Spruce St, San Francisco, CA 94016
248162,AAA Batteries (4-pack),3,2.99,2019-09-14 12:52:00,439 Walnut St, Seattle, WA 98101
248163,USB-C Charging Cable,1,11.95,2019-09-25 12:32:00,41 North St, Portland, OR 97035
248164,27in FHD Monitor,1,149.99,2019-09-12 15:57:00,88 9th St, San Francisco, CA 94016
248165,Lightning Charging Cable,1,14.95,2019-09-15 12:42:00,585 Adams St, Atlanta, GA 30301
248166,Apple Airpods Headphones,1,150.0,2019-09-04 14:59:00,21 9th St, Boston, MA 02215
248167,Google Phone,1,600.0,2019-09-02 18:52:00,711 Forest St, San Francisco, CA 94016
248168,USB-C Charging Cable,1,11.95,2019-09-30 18:59:00,219 Hickory St, San Francisco, CA 94016
248169,20in Monitor,1,109.99,2019-09-24 19:40:00,140 Ridge St, San Francisco, CA 94016
248170,AAA Batteries (4-pack),1,2.99,2019-09-04 02:01:00,857 Main St, Boston, MA 02215
248171,USB-C Charging Cable,1,11.95,2019-09-05 15:06:00,705 Hill St, New York City, NY 10001
248171,USB-C Charging Cable,1,11.95,2019-09-05 15:06:00,705 Hill St, New York City, NY 10001
248172,Wired Headphones,1,11.99,2019-09-13 16:49:00,820 Hill St, Boston, MA 02215
248173,Apple Airpods Headphones,1,150.0,2019-09-14 20:47:00,789 Lake St, Atlanta, GA 30301
248174,Bose SoundSport Headphones,1,99.99,2019-09-17 22:57:00,385 Washington St, Dallas, TX 75001
248175,iPhone,1,700.0,2019-09-08 13:58:00,736 4th St, Austin, TX 73301
248176,AA Batteries (4-pack),2,3.84,2019-09-12 13:18:00,177 Sunset St, San Francisco, CA 94016
248177,USB-C Charging Cable,1,11.95,2019-09-24 20:36:00,452 Adams St, San Francisco, CA 94016
248178,Apple Airpods Headphones,1,150.0,2019-09-03 21:52:00,725 Jefferson St, Los Angeles, CA 90001
248179,27in FHD Monitor,1,149.99,2019-09-13 15:06:00,510 Hickory St, New York City, NY 10001
248180,USB-C Charging Cable,1,11.95,2019-09-28 15:52:00,99 Ridge St, New York City, NY 10001
248181,Apple Airpods Headphones,1,150.0,2019-09-08 12:40:00,81 Spruce St, New York City, NY 10001
248182,Apple Airpods Headphones,1,150.0,2019-09-15 13:03:00,950 West St, New York City, NY 10001
248183,34in Ultrawide Monitor,1,379.99,2019-09-18 17:47:00,968 Ridge St, San Francisco, CA 94016
248184,AA Batteries (4-pack),1,3.84,2019-09-07 11:23:00,948 Main St, New York City, NY 10001
248185,34in Ultrawide Monitor,1,379.99,2019-09-17 15:10:00,967 Center St, New York City, NY 10001
248186,USB-C Charging Cable,1,11.95,2019-09-05 13:53:00,318 Cherry St, Seattle, WA 98101
248187,AAA Batteries (4-pack),3,2.99,2019-09-07 23:31:00,173 Elm St, Los Angeles, CA 90001
248188,Apple Airpods Headphones,1,150.0,2019-09-08 22:17:00,136 12th St, San Francisco, CA 94016
248189,Google Phone,1,600.0,2019-09-14 12:45:00,726 8th St, San Francisco, CA 94016
248190,Bose SoundSport Headphones,1,99.99,2019-09-24 21:47:00,350 Lincoln St, New York City, NY 10001
248191,AAA Batteries (4-pack),1,2.99,2019-09-22 11:25:00,446 2nd St, San Francisco, CA 94016
248192,AAA Batteries (4-pack),2,2.99,2019-09-21 09:16:00,444 North St, Austin, TX 73301
248193,USB-C Charging Cable,1,11.95,2019-09-05 00:40:00,867 Hill St, San Francisco, CA 94016
248194,20in Monitor,1,109.99,2019-09-29 20:50:00,519 Cherry St, Dallas, TX 75001
248195,ThinkPad Laptop,1,999.99,2019-09-10 23:29:00,631 6th St, Dallas, TX 75001
248196,Lightning Charging Cable,1,14.95,2019-09-29 21:56:00,608 Spruce St, Dallas, TX 75001
248197,Apple Airpods Headphones,1,150.0,2019-09-02 19:39:00,339 Highland St, Portland, OR 97035
248198,AAA Batteries (4-pack),1,2.99,2019-09-10 00:06:00,200 Wilson St, Portland, OR 97035
248199,Google Phone,1,600.0,2019-09-11 12:47:00,780 4th St, Boston, MA 02215
248200,Lightning Charging Cable,1,14.95,2019-09-28 09:11:00,208 Main St, Atlanta, GA 30301
248201,Bose SoundSport Headphones,1,99.99,2019-09-26 07:40:00,606 North St, New York City, NY 10001
248202,27in FHD Monitor,1,149.99,2019-09-28 14:30:00,392 10th St, Los Angeles, CA 90001
248203,Apple Airpods Headphones,1,150.0,2019-09-21 08:58:00,732 Park St, New York City, NY 10001
248204,Macbook Pro Laptop,1,1700.0,2019-09-02 18:42:00,940 Madison St, Seattle, WA 98101
248205,AA Batteries (4-pack),3,3.84,2019-09-06 14:09:00,353 Lake St, Atlanta, GA 30301
248206,AAA Batteries (4-pack),1,2.99,2019-09-30 21:51:00,414 7th St, San Francisco, CA 94016
248207,Flatscreen TV,1,300.0,2019-09-05 14:15:00,636 13th St, Los Angeles, CA 90001
248208,Macbook Pro Laptop,1,1700.0,2019-09-11 19:30:00,22 7th St, Portland, ME 04101
248209,Apple Airpods Headphones,1,150.0,2019-09-14 20:38:00,477 Church St, San Francisco, CA 94016
248210,iPhone,1,700.0,2019-09-27 10:33:00,292 Washington St, San Francisco, CA 94016
248210,Lightning Charging Cable,1,14.95,2019-09-27 10:33:00,292 Washington St, San Francisco, CA 94016
248211,AA Batteries (4-pack),1,3.84,2019-09-26 09:09:00,602 4th St, San Francisco, CA 94016
248212,USB-C Charging Cable,3,11.95,2019-09-20 16:34:00,244 Jefferson St, Boston, MA 02215
248213,27in 4K Gaming Monitor,1,389.99,2019-09-22 19:52:00,852 Dogwood St, Los Angeles, CA 90001
248214,Lightning Charging Cable,1,14.95,2019-09-16 17:51:00,213 West St, San Francisco, CA 94016
248215,34in Ultrawide Monitor,1,379.99,2019-09-24 13:36:00,876 Maple St, San Francisco, CA 94016
248216,AAA Batteries (4-pack),1,2.99,2019-09-19 16:43:00,394 Madison St, San Francisco, CA 94016
248217,Apple Airpods Headphones,1,150.0,2019-09-29 11:54:00,539 Forest St, Boston, MA 02215
248218,AA Batteries (4-pack),1,3.84,2019-09-16 20:56:00,258 Forest St, New York City, NY 10001
248219,Bose SoundSport Headphones,1,99.99,2019-09-24 12:48:00,665 Maple St, Los Angeles, CA 90001
248219,Google Phone,1,600.0,2019-09-24 12:48:00,665 Maple St, Los Angeles, CA 90001
248220,Lightning Charging Cable,2,14.95,2019-09-18 10:33:00,751 Johnson St, San Francisco, CA 94016
248221,AA Batteries (4-pack),1,3.84,2019-09-08 07:13:00,425 4th St, Los Angeles, CA 90001
248222,Lightning Charging Cable,1,14.95,2019-09-22 22:10:00,139 Ridge St, San Francisco, CA 94016
248223,20in Monitor,1,109.99,2019-09-07 20:39:00,350 11th St, Seattle, WA 98101
248224,AAA Batteries (4-pack),2,2.99,2019-09-24 14:36:00,523 Wilson St, New York City, NY 10001
248225,Lightning Charging Cable,1,14.95,2019-09-30 13:11:00,414 12th St, San Francisco, CA 94016
248226,Wired Headphones,1,11.99,2019-09-23 17:50:00,316 10th St, Boston, MA 02215
248227,Lightning Charging Cable,1,14.95,2019-09-07 17:23:00,182 Hickory St, Austin, TX 73301
248228,Lightning Charging Cable,1,14.95,2019-09-26 19:18:00,956 Sunset St, Boston, MA 02215
248229,Wired Headphones,1,11.99,2019-09-08 22:29:00,191 Spruce St, San Francisco, CA 94016
248230,AA Batteries (4-pack),1,3.84,2019-09-14 23:11:00,939 1st St, San Francisco, CA 94016
248231,Flatscreen TV,1,300.0,2019-09-20 11:14:00,753 2nd St, Los Angeles, CA 90001
248232,Lightning Charging Cable,1,14.95,2019-09-11 05:25:00,339 Willow St, Los Angeles, CA 90001
248233,AAA Batteries (4-pack),1,2.99,2019-09-28 12:24:00,192 Jackson St, Dallas, TX 75001
248234,34in Ultrawide Monitor,1,379.99,2019-09-05 10:46:00,855 Forest St, San Francisco, CA 94016
248235,Lightning Charging Cable,1,14.95,2019-09-26 20:16:00,374 Cherry St, San Francisco, CA 94016
248236,Lightning Charging Cable,1,14.95,2019-09-13 15:34:00,429 Wilson St, Boston, MA 02215
248237,Wired Headphones,1,11.99,2019-09-23 22:15:00,255 9th St, New York City, NY 10001
248238,Wired Headphones,1,11.99,2019-09-04 12:59:00,741 11th St, Los Angeles, CA 90001
248239,Wired Headphones,1,11.99,2019-09-13 21:31:00,276 11th St, Los Angeles, CA 90001
248240,AAA Batteries (4-pack),1,2.99,2019-09-28 15:16:00,823 Meadow St, San Francisco, CA 94016
248241,AA Batteries (4-pack),2,3.84,2019-09-22 16:12:00,210 Maple St, Seattle, WA 98101
248242,Lightning Charging Cable,2,14.95,2019-09-13 19:21:00,832 Johnson St, San Francisco, CA 94016
248243,USB-C Charging Cable,1,11.95,2019-09-04 10:49:00,522 12th St, San Francisco, CA 94016
248244,Lightning Charging Cable,1,14.95,2019-09-21 16:01:00,57 Willow St, Dallas, TX 75001
248245,Wired Headphones,1,11.99,2019-09-15 10:40:00,969 Maple St, Dallas, TX 75001
248246,Wired Headphones,1,11.99,2019-09-11 20:13:00,727 Center St, Los Angeles, CA 90001
248247,27in 4K Gaming Monitor,1,389.99,2019-09-09 23:35:00,192 7th St, New York City, NY 10001
248248,Apple Airpods Headphones,1,150.0,2019-09-14 15:12:00,769 6th St, New York City, NY 10001
248249,AA Batteries (4-pack),1,3.84,2019-09-10 16:32:00,428 Center St, Seattle, WA 98101
248250,iPhone,1,700.0,2019-09-05 18:09:00,374 Ridge St, Seattle, WA 98101
248251,Vareebadd Phone,1,400.0,2019-09-22 05:16:00,652 West St, Dallas, TX 75001
248252,AA Batteries (4-pack),1,3.84,2019-09-19 01:13:00,565 Sunset St, Dallas, TX 75001
248253,Bose SoundSport Headphones,1,99.99,2019-09-13 20:41:00,296 Highland St, Atlanta, GA 30301
248254,AAA Batteries (4-pack),2,2.99,2019-09-19 18:35:00,353 Madison St, San Francisco, CA 94016
248255,Bose SoundSport Headphones,1,99.99,2019-09-02 12:37:00,240 Cedar St, Seattle, WA 98101
248256,Wired Headphones,1,11.99,2019-09-03 16:37:00,384 Maple St, San Francisco, CA 94016
248257,USB-C Charging Cable,2,11.95,2019-09-10 09:51:00,337 11th St, Boston, MA 02215
248258,Macbook Pro Laptop,1,1700.0,2019-09-21 09:57:00,535 2nd St, Los Angeles, CA 90001
248259,USB-C Charging Cable,1,11.95,2019-09-14 20:33:00,814 Lakeview St, Los Angeles, CA 90001
248260,Apple Airpods Headphones,1,150.0,2019-09-26 15:16:00,998 Adams St, Portland, ME 04101
248261,AAA Batteries (4-pack),2,2.99,2019-09-04 06:21:00,582 Elm St, San Francisco, CA 94016
248262,20in Monitor,1,109.99,2019-09-11 11:44:00,100 Jefferson St, Seattle, WA 98101
248263,34in Ultrawide Monitor,1,379.99,2019-09-30 05:37:00,327 Forest St, New York City, NY 10001
248264,Bose SoundSport Headphones,1,99.99,2019-09-05 19:59:00,505 Elm St, Dallas, TX 75001
248265,Vareebadd Phone,1,400.0,2019-09-24 14:07:00,939 14th St, San Francisco, CA 94016
248265,Bose SoundSport Headphones,1,99.99,2019-09-24 14:07:00,939 14th St, San Francisco, CA 94016
248266,27in 4K Gaming Monitor,1,389.99,2019-09-28 23:20:00,685 Cherry St, Dallas, TX 75001
248267,Macbook Pro Laptop,1,1700.0,2019-09-09 18:59:00,147 Lakeview St, Los Angeles, CA 90001
248268,Lightning Charging Cable,1,14.95,2019-09-25 17:54:00,341 Jefferson St, Los Angeles, CA 90001
248269,Lightning Charging Cable,1,14.95,2019-09-18 22:23:00,566 Spruce St, Atlanta, GA 30301
248271,34in Ultrawide Monitor,1,379.99,2019-09-09 15:33:00,871 Lincoln St, Boston, MA 02215
248272,ThinkPad Laptop,1,999.99,2019-09-01 11:11:00,246 Hill St, Dallas, TX 75001
248273,AA Batteries (4-pack),1,3.84,2019-09-02 08:09:00,30 Meadow St, Seattle, WA 98101
248274,AA Batteries (4-pack),1,3.84,2019-09-27 21:49:00,418 River St, Boston, MA 02215
248275,Apple Airpods Headphones,1,150.0,2019-09-18 19:05:00,530 Main St, Dallas, TX 75001
248276,iPhone,1,700.0,2019-09-22 17:13:00,620 North St, New York City, NY 10001
248277,Macbook Pro Laptop,1,1700.0,2019-09-28 12:58:00,391 Hill St, New York City, NY 10001
248278,Wired Headphones,1,11.99,2019-09-09 13:02:00,811 14th St, Dallas, TX 75001
248279,Bose SoundSport Headphones,1,99.99,2019-09-25 22:43:00,322 13th St, Atlanta, GA 30301
248280,27in FHD Monitor,1,149.99,2019-09-30 15:16:00,129 Dogwood St, Los Angeles, CA 90001
248281,Wired Headphones,1,11.99,2019-09-05 16:19:00,385 8th St, Los Angeles, CA 90001
248282,Apple Airpods Headphones,1,150.0,2019-09-01 22:13:00,941 7th St, Boston, MA 02215
248283,Apple Airpods Headphones,1,150.0,2019-09-10 14:13:00,687 4th St, Atlanta, GA 30301
248284,27in 4K Gaming Monitor,1,389.99,2019-09-22 04:36:00,801 12th St, Los Angeles, CA 90001
248285,Apple Airpods Headphones,1,150.0,2019-09-30 21:10:00,134 5th St, Portland, OR 97035
248286,Wired Headphones,1,11.99,2019-09-17 22:10:00,806 Lake St, New York City, NY 10001
248287,Bose SoundSport Headphones,1,99.99,2019-09-26 12:02:00,375 River St, Portland, OR 97035
248288,Bose SoundSport Headphones,1,99.99,2019-09-02 09:11:00,360 4th St, San Francisco, CA 94016
248289,Wired Headphones,1,11.99,2019-09-11 12:35:00,566 Main St, Dallas, TX 75001
248290,AA Batteries (4-pack),1,3.84,2019-09-06 21:18:00,283 West St, San Francisco, CA 94016
248291,Apple Airpods Headphones,1,150.0,2019-09-14 10:31:00,556 Forest St, San Francisco, CA 94016
248292,Wired Headphones,2,11.99,2019-09-16 13:00:00,832 West St, San Francisco, CA 94016
248293,Macbook Pro Laptop,1,1700.0,2019-09-02 16:53:00,967 4th St, New York City, NY 10001
248294,Macbook Pro Laptop,1,1700.0,2019-09-07 17:08:00,165 North St, Portland, OR 97035
248295,Macbook Pro Laptop,1,1700.0,2019-09-26 23:33:00,999 North St, San Francisco, CA 94016
248296,AA Batteries (4-pack),1,3.84,2019-09-17 16:39:00,342 Hill St, Boston, MA 02215
248297,AAA Batteries (4-pack),2,2.99,2019-09-08 00:07:00,358 Willow St, San Francisco, CA 94016
248298,AA Batteries (4-pack),1,3.84,2019-09-20 21:15:00,278 North St, Atlanta, GA 30301
248299,Lightning Charging Cable,1,14.95,2019-09-22 20:16:00,72 7th St, Portland, OR 97035
248300,AAA Batteries (4-pack),1,2.99,2019-09-01 16:57:00,160 7th St, Boston, MA 02215
248301,AAA Batteries (4-pack),2,2.99,2019-09-05 10:38:00,465 7th St, New York City, NY 10001
248302,27in 4K Gaming Monitor,1,389.99,2019-09-08 08:52:00,787 Hickory St, Boston, MA 02215
248303,20in Monitor,1,109.99,2019-09-17 19:50:00,3 Hickory St, Dallas, TX 75001
248304,AAA Batteries (4-pack),1,2.99,2019-09-21 09:10:00,445 Walnut St, Atlanta, GA 30301
248305,Lightning Charging Cable,1,14.95,2019-09-01 13:05:00,334 14th St, Boston, MA 02215
248306,USB-C Charging Cable,1,11.95,2019-09-15 13:44:00,38 2nd St, New York City, NY 10001
248307,Wired Headphones,1,11.99,2019-09-04 20:15:00,262 4th St, San Francisco, CA 94016
248308,27in 4K Gaming Monitor,1,389.99,2019-09-12 18:10:00,783 Lake St, Los Angeles, CA 90001
248309,iPhone,1,700.0,2019-09-07 14:27:00,137 1st St, Seattle, WA 98101
248310,iPhone,1,700.0,2019-09-05 21:00:00,201 Spruce St, Austin, TX 73301
248311,AA Batteries (4-pack),1,3.84,2019-09-21 18:09:00,532 12th St, Los Angeles, CA 90001
248312,USB-C Charging Cable,1,11.95,2019-09-14 16:29:00,613 Madison St, New York City, NY 10001
248313,Lightning Charging Cable,1,14.95,2019-09-25 16:39:00,212 Church St, Los Angeles, CA 90001
248314,Wired Headphones,1,11.99,2019-09-20 14:54:00,349 12th St, Atlanta, GA 30301
248315,Wired Headphones,1,11.99,2019-09-13 09:07:00,157 Madison St, San Francisco, CA 94016
248316,Lightning Charging Cable,1,14.95,2019-09-15 16:11:00,479 Park St, San Francisco, CA 94016
248317,AAA Batteries (4-pack),1,2.99,2019-09-17 18:35:00,237 Spruce St, Portland, ME 04101
248318,Google Phone,1,600.0,2019-09-24 12:43:00,165 Hill St, Austin, TX 73301
248319,AAA Batteries (4-pack),3,2.99,2019-09-03 14:58:00,389 4th St, Seattle, WA 98101
248320,Apple Airpods Headphones,1,150.0,2019-09-10 22:49:00,343 Lakeview St, Atlanta, GA 30301
248321,Bose SoundSport Headphones,1,99.99,2019-09-08 00:42:00,351 Highland St, Seattle, WA 98101
248322,AA Batteries (4-pack),2,3.84,2019-09-13 15:08:00,279 Hill St, San Francisco, CA 94016
248323,Bose SoundSport Headphones,1,99.99,2019-09-30 20:36:00,725 10th St, Portland, OR 97035
248324,20in Monitor,1,109.99,2019-09-12 23:11:00,728 Hickory St, Dallas, TX 75001
248325,Lightning Charging Cable,1,14.95,2019-09-14 16:10:00,859 9th St, San Francisco, CA 94016
248326,Apple Airpods Headphones,1,150.0,2019-09-18 06:53:00,283 2nd St, New York City, NY 10001
248327,34in Ultrawide Monitor,1,379.99,2019-09-14 12:05:00,52 13th St, San Francisco, CA 94016
248328,Apple Airpods Headphones,1,150.0,2019-09-26 14:27:00,191 Willow St, San Francisco, CA 94016
248329,Vareebadd Phone,1,400.0,2019-09-02 15:56:00,472 11th St, Austin, TX 73301
248329,Wired Headphones,1,11.99,2019-09-02 15:56:00,472 11th St, Austin, TX 73301
248330,AAA Batteries (4-pack),1,2.99,2019-09-12 14:40:00,862 Cedar St, Seattle, WA 98101
248331,iPhone,1,700.0,2019-09-02 17:38:00,642 2nd St, San Francisco, CA 94016
248331,Lightning Charging Cable,1,14.95,2019-09-02 17:38:00,642 2nd St, San Francisco, CA 94016
248331,Apple Airpods Headphones,1,150.0,2019-09-02 17:38:00,642 2nd St, San Francisco, CA 94016
248332,Apple Airpods Headphones,1,150.0,2019-09-08 11:16:00,57 South St, Seattle, WA 98101
248333,Flatscreen TV,1,300.0,2019-09-05 16:47:00,622 Lakeview St, Los Angeles, CA 90001
248334,Lightning Charging Cable,1,14.95,2019-09-17 09:40:00,847 Park St, Atlanta, GA 30301
248335,Apple Airpods Headphones,1,150.0,2019-09-17 23:07:00,791 South St, New York City, NY 10001
248336,Apple Airpods Headphones,1,150.0,2019-09-27 19:52:00,47 Willow St, Atlanta, GA 30301
248337,AA Batteries (4-pack),1,3.84,2019-09-08 19:04:00,739 Cedar St, Portland, OR 97035
248338,USB-C Charging Cable,1,11.95,2019-09-16 10:48:00,811 12th St, Boston, MA 02215
248339,Bose SoundSport Headphones,1,99.99,2019-09-08 21:04:00,723 North St, San Francisco, CA 94016
248340,AAA Batteries (4-pack),1,2.99,2019-09-13 20:08:00,896 12th St, Seattle, WA 98101
